"time","mean_chla"
2022-07-17,0.516589003173929
2022-07-18,0.497829759120941
2022-07-19,0.493066585063934
2022-07-20,NA
2022-07-21,0.545949425016131
2022-07-22,0.50713751912117
2022-07-23,0.514837019145489
2022-07-24,NA
2022-07-25,NA
2022-07-26,NA
2022-07-27,0.659169316291809
2022-07-28,0.573685987429185
2022-07-29,0.594999982760503
2022-07-30,0.529178184270859
2022-07-31,0.544853291341237
2022-08-01,0.545844879746437
2022-08-02,0.502979829907417
2022-08-03,0.4610874786973
2022-08-04,0.495493842661381
2022-08-05,0.510968208312988
2022-08-06,0.602680895063612
2022-08-07,0.529973246157169
2022-08-08,0.630913516879082
2022-08-09,0.863268783688545
2022-08-10,0.799567669630051
2022-08-11,NA
2022-08-12,NA
2022-08-13,0.60404986590147
2022-08-14,0.443209677934647
2022-08-15,0.456105027879987
2022-08-16,0.390740257501602
2022-08-17,0.435146567496386
2022-08-18,0.439956484735012
2022-08-19,0.592763867974281
2022-08-20,NA
2022-08-21,0.494470822811127
2022-08-22,NA
2022-08-23,0.519154888391495
2022-08-24,0.460215387599809
2022-08-25,0.47630207836628
2022-08-26,0.430200815200806
2022-08-27,0.5139957010746
2022-08-28,0.50369052439928
2022-08-29,0.557996559143066
2022-08-30,0.601078534126282
2022-08-31,0.778834539651871
2022-09-01,0.798890879750252
2022-09-02,0.808030392229557
2022-09-03,0.874944168329239
2022-09-04,0.559330588579178
2022-09-05,NA
2022-09-06,NA
2022-09-07,NA
2022-09-08,NA
2022-09-09,0.568437295801499
2022-09-10,0.678414031863213
2022-09-11,NA
2022-09-12,NA
2022-09-13,0.598714031279087
2022-09-14,0.471047639846802
2022-09-15,0.551107017695904
2022-09-16,0.559144279360771
2022-09-17,0.568178756535053
2022-09-18,0.491372664272785
2022-09-19,0.726900435984135
2022-09-20,0.679712572693825
2022-09-21,0.588651242852211
2022-09-22,0.588145682215691
2022-09-23,NA
2022-09-24,0.904350504279137
2022-09-25,0.942529830336571
2022-09-26,0.949187403917313
2022-09-27,0.927560180425644
2022-09-28,0.684079936146736
2022-09-29,NA
2022-09-30,NA
2022-10-01,NA
2022-10-02,1.11817666888237
2022-10-03,NA
2022-10-04,NA
2022-10-05,NA
2022-10-06,0.940069004893303
2022-10-07,0.937553831934929
2022-10-08,NA
2022-10-09,1.03426822125912
2022-10-10,1.00377938747406
2022-10-11,0.876073727011681
2022-10-12,0.763252985477447
2022-10-13,NA
2022-10-14,0.791495415568352
2022-10-15,0.763847681879997
2022-10-16,NA
2022-10-17,NA
2022-10-18,NA
2022-10-19,1.05033264160156
2022-10-20,1.28192092180252
2022-10-21,1.1161051183939
2022-10-22,0.998347780108452
2022-10-23,NA
2022-10-24,NA
2022-10-25,NA
2022-10-26,0.845977568626404
2022-10-27,1.12212537825108
2022-10-28,1.88300422430038
2022-10-29,1.81511225419886
2022-10-30,1.37187056541443
2022-10-31,1.18207022845745
2022-11-01,NA
2022-11-02,0.957237097620964
2022-11-03,1.14156558215618
2022-11-04,1.00166554749012
2022-11-05,0.771482732892036
2022-11-06,0.769002871380912
2022-11-07,0.673140630126
2022-11-08,1.0086555381616
2022-11-09,NA
2022-11-10,1.2219447851181
2022-11-11,NA
2022-11-12,1.51960190799501
2022-11-13,1.35991350087253
2022-11-14,NA
2022-11-15,NA
2022-11-16,NA
2022-11-17,1.11944136619568
2022-11-18,1.10212801835116
2022-11-19,0.960971025859608
2022-11-20,1.16664987802505
2022-11-21,0.937832051515579
2022-11-22,1.22435369193554
2022-11-23,1.09827939867973
2022-11-24,0.963723051548004
2022-11-25,NA
2022-11-26,0.874873948097229
2022-11-27,NA
2022-11-28,NA
2022-11-29,0.95171923438708
2022-11-30,NA
2022-12-01,1.27587779164314
2022-12-02,1.01594631671906
2022-12-03,NA
2022-12-04,1.06221394836903
2022-12-05,1.0534260481596
2022-12-06,NA
2022-12-07,NA
2022-12-08,1.0764094799757
2022-12-09,NA
2022-12-10,NA
2022-12-11,NA
2022-12-12,NA
2022-12-13,2.13158142566681
2022-12-14,NA
2022-12-15,NA
2022-12-16,NA
2022-12-17,2.09402831792831
2022-12-18,NA
2022-12-19,1.59516994357109
2022-12-20,1.48149663209915
2022-12-21,1.57075309753418
2022-12-22,NA
2022-12-23,NA
2022-12-24,NA
2022-12-25,NA
2022-12-26,1.61064419150352
2022-12-27,NA
2022-12-28,1.30142721202638
2022-12-29,1.21753076314926
2022-12-30,1.68032305240631
2022-12-31,NA
2023-01-01,2.08903457522392
2023-01-02,1.80708791613579
2023-01-03,2.64834685325623
2023-01-04,NA
2023-01-05,NA
2023-01-06,1.45964756608009
2023-01-07,1.27361677885056
2023-01-08,NA
2023-01-09,NA
2023-01-10,NA
2023-01-11,1.04475735293494
2023-01-12,NA
2023-01-13,NA
2023-01-14,NA
2023-01-15,NA
2023-01-16,1.91687731146812
2023-01-17,NA
2023-01-18,1.32635632753372
2023-01-19,NA
2023-01-20,1.24031630754471
2023-01-21,1.29935389757156
2023-01-22,NA
2023-01-23,NA
2023-01-24,1.45372418761253
2023-01-25,NA
2023-01-26,NA
2023-01-27,NA
2023-01-28,1.75426396131515
2023-01-29,1.42270174026489
2023-01-30,NA
2023-01-31,NA
2023-02-01,NA
2023-02-02,NA
2023-02-03,NA
2023-02-04,NA
2023-02-05,NA
2023-02-06,2.86925909519196
2023-02-07,1.36607211232185
2023-02-08,NA
2023-02-09,1.17404229111142
2023-02-10,1.25757213015305
2023-02-11,NA
2023-02-12,NA
2023-02-13,1.55776998400688
2023-02-14,1.0234454780817
2023-02-15,NA
2023-02-16,NA
2023-02-17,NA
2023-02-18,1.52168117119716
2023-02-19,1.4344630241394
2023-02-20,NA
2023-02-21,1.23302941918373
2023-02-22,NA
2023-02-23,NA
2023-02-24,1.06323974430561
2023-02-25,NA
2023-02-26,1.07434662804008
2023-02-27,1.05033348202705
2023-02-28,NA
2023-03-01,NA
2023-03-02,NA
2023-03-03,NA
2023-03-04,1.25219094753265
2023-03-05,1.01940208673477
2023-03-06,1.04225104302168
2023-03-07,NA
2023-03-08,1.16632705926895
2023-03-09,0.975452688336372
2023-03-10,NA
2023-03-11,NA
2023-03-12,NA
2023-03-13,NA
2023-03-14,1.18756223320961
2023-03-15,1.10200951695442
2023-03-16,0.822269082069397
2023-03-17,NA
2023-03-18,NA
2023-03-19,0.981189945340157
2023-03-20,0.929769062995911
2023-03-21,0.951832789182663
2023-03-22,NA
2023-03-23,NA
2023-03-24,NA
2023-03-25,NA
2023-03-26,0.939540114998817
2023-03-27,NA
2023-03-28,NA
2023-03-29,0.640634095668793
2023-03-30,0.648952221870422
2023-03-31,0.676516430245505
2023-04-01,NA
2023-04-02,1.20043864250183
2023-04-03,1.10597725510597
2023-04-04,1.25560224056244
2023-04-05,1.07941311597824
2023-04-06,NA
2023-04-07,NA
2023-04-08,NA
2023-04-09,0.917716211080551
2023-04-10,0.89269905090332
2023-04-11,1.02695801854134
2023-04-12,NA
2023-04-13,1.53083426356316
2023-04-14,1.39804639816284
2023-04-15,1.57435403929816
2023-04-16,1.48547415733337
2023-04-17,1.60847985744476
2023-04-18,1.31304594874382
2023-04-19,1.06494832634926
2023-04-20,1.17389211257299
2023-04-21,1.05978394150734
2023-04-22,NA
2023-04-23,1.26878288057115
2023-04-24,NA
2023-04-25,1.06069428622723
2023-04-26,0.988085150718689
2023-04-27,1.03971770405769
2023-04-28,NA
2023-04-29,NA
2023-04-30,NA
2023-05-01,1.5676487326622
2023-05-02,NA
2023-05-03,1.25675900777181
2023-05-04,1.27392983436584
2023-05-05,1.193380600214
2023-05-06,1.01921456754208
2023-05-07,0.977767894142552
2023-05-08,0.986384780967937
2023-05-09,1.04769587516785
2023-05-10,1.01314073801041
2023-05-11,0.943277963995934
2023-05-12,0.914240433110131
2023-05-13,NA
2023-05-14,1.1278574309851
2023-05-15,1.01775527596474
2023-05-16,NA
2023-05-17,NA
2023-05-18,0.913651749491692
2023-05-19,NA
2023-05-20,NA
2023-05-21,NA
2023-05-22,0.961523875594139
2023-05-23,NA
2023-05-24,NA
2023-05-25,0.829560977571151
2023-05-26,0.857949584722519
2023-05-27,1.05280328989029
2023-05-28,NA
2023-05-29,NA
2023-05-30,1.73386716842651
2023-05-31,1.22298241012237
2023-06-01,NA
2023-06-02,1.07985909581184
2023-06-03,NA
2023-06-04,1.40057379603386
2023-06-05,1.13360750675201
2023-06-06,1.20802863438924
2023-06-07,NA
2023-06-08,NA
2023-06-09,NA
2023-06-10,0.765027689933777
2023-06-11,0.823284181952477
2023-06-12,NA
2023-06-13,NA
2023-06-14,1.10823337137699
2023-06-15,0.919796472787857
2023-06-16,1.0381350517273
2023-06-17,0.826855421066284
2023-06-18,0.880148032307625
2023-06-19,0.879092663526535
2023-06-20,NA
2023-06-21,NA
2023-06-22,NA
2023-06-23,0.957686164975166
2023-06-24,NA
2023-06-25,1.00627088121005
2023-06-26,NA
2023-06-27,NA
2023-06-28,1.27055011689663
2023-06-29,1.0539365708828
2023-06-30,0.954234576225281
2023-07-01,NA
2023-07-02,1.16511650085449
2023-07-03,NA
2023-07-04,1.48358545899391
2023-07-05,NA
2023-07-06,NA
2023-07-07,1.80907355546951
2023-07-08,1.1740895062685
2023-07-09,NA
2023-07-10,NA
2023-07-11,1.33012451529503
2023-07-12,1.29781178832054
2023-07-13,1.46551085710526
2023-07-14,NA
2023-07-15,2.10093818505605
2023-07-16,NA
2023-07-17,1.66630718111992
2023-07-18,1.68129719155175
2023-07-19,NA
2023-07-20,2.0186772412724
2023-07-21,2.52730008534023
2023-07-22,1.93004634976387
2023-07-23,1.73230594396591
2023-07-24,NA
2023-07-25,1.95298764705658
2023-07-26,1.88895421624184
2023-07-27,1.81804348826408
2023-07-28,2.61130750974019
2023-07-29,2.78318657875061
2023-07-30,2.19204120635986
2023-07-31,NA
2023-08-01,1.70206447442373
2023-08-02,NA
2023-08-03,NA
2023-08-04,NA
2023-08-05,NA
2023-08-06,2.35646498203278
2023-08-07,1.92251991033554
2023-08-08,2.36653003692627
2023-08-09,2.29933390021324
2023-08-10,NA
2023-08-11,3.16802901029587
2023-08-12,3.19447071552277
2023-08-13,4.4530099272728
2023-08-14,3.37726853575025
2023-08-15,3.82756843831804
2023-08-16,NA
2023-08-17,NA
2023-08-18,2.37005794048309
2023-08-19,1.86827063560486
2023-08-20,1.64566122293472
2023-08-21,NA
2023-08-22,NA
2023-08-23,0.777834665775299
2023-08-24,NA
2023-08-25,NA
2023-08-26,NA
2023-08-27,0.686234593391418
2023-08-28,NA
2023-08-29,NA
2023-08-30,0.868603876233101
2023-08-31,NA
2023-09-01,0.704763054847717
2023-09-02,0.671585816144943
2023-09-03,0.71239843070507
2023-09-04,NA
2023-09-05,NA
2023-09-06,0.61409852206707
2023-09-07,0.601923286914825
2023-09-08,0.674149496853352
2023-09-09,1.41871070861816
2023-09-10,1.17598652839661
2023-09-11,0.733694042030134
2023-09-12,0.657213684916496
2023-09-13,NA
2023-09-14,0.71627322435379
2023-09-15,NA
2023-09-16,0.809976947307587
2023-09-17,0.923682686686516
2023-09-18,NA
2023-09-19,0.808680891990662
2023-09-20,0.754443442821503
2023-09-21,NA
2023-09-22,NA
2023-09-23,0.667200148105621
2023-09-24,1.65240914821625
2023-09-25,2.21544511318207
2023-09-26,NA
2023-09-27,1.72393070326911
2023-09-28,NA
2023-09-29,2.36601691775852
2023-09-30,NA
2023-10-01,2.54703361193339
2023-10-02,2.12123808264732
2023-10-03,1.60117799043655
2023-10-04,1.23572269082069
2023-10-05,0.88961960375309
2023-10-06,0.951275855302811
2023-10-07,0.762087017297745
2023-10-08,1.52049753665924
2023-10-09,1.81125665307045
2023-10-10,1.93134558200836
2023-10-11,1.22807141909232
2023-10-12,0.75123408138752
2023-10-13,0.703793621063232
2023-10-14,NA
2023-10-15,1.16564144807703
2023-10-16,1.53456255197525
2023-10-17,1.62556288838387
2023-10-18,1.0380033493042
2023-10-19,1.16794691383839
2023-10-20,1.26250731945038
2023-10-21,NA
