"week_start","site","device_type","days_monitored","days_present","percent_occurrence"
2014-11-03,"A2M","Archival",7,0,0
2014-11-03,"A7M","Archival",7,0,0
2014-11-03,"T2M","Archival",7,0,0
2014-11-10,"A2M","Archival",7,1,14.2857142857143
2014-11-10,"A7M","Archival",7,0,0
2014-11-10,"T2M","Archival",7,0,0
2014-11-17,"A2M","Archival",7,1,14.2857142857143
2014-11-17,"A7M","Archival",7,1,14.2857142857143
2014-11-17,"T2M","Archival",7,0,0
2014-11-24,"A2M","Archival",7,2,28.5714285714286
2014-11-24,"A7M","Archival",7,4,57.1428571428571
2014-11-24,"T2M","Archival",7,3,42.8571428571429
2014-12-01,"A2M","Archival",7,4,57.1428571428571
2014-12-01,"A7M","Archival",7,2,28.5714285714286
2014-12-01,"T2M","Archival",7,1,14.2857142857143
2014-12-08,"A2M","Archival",7,4,57.1428571428571
2014-12-08,"A7M","Archival",7,6,85.7142857142857
2014-12-08,"T2M","Archival",7,2,28.5714285714286
2014-12-15,"A2M","Archival",7,0,0
2014-12-15,"A7M","Archival",7,1,14.2857142857143
2014-12-15,"T2M","Archival",7,2,28.5714285714286
2014-12-22,"A2M","Archival",7,5,71.4285714285714
2014-12-22,"A7M","Archival",7,6,85.7142857142857
2014-12-22,"T2M","Archival",7,4,57.1428571428571
2014-12-29,"A2M","Archival",7,2,28.5714285714286
2014-12-29,"A7M","Archival",7,2,28.5714285714286
2014-12-29,"T2M","Archival",7,0,0
2015-01-05,"A2M","Archival",7,0,0
2015-01-05,"A7M","Archival",7,4,57.1428571428571
2015-01-05,"T2M","Archival",7,3,42.8571428571429
2015-01-12,"A2M","Archival",7,3,42.8571428571429
2015-01-12,"A7M","Archival",7,6,85.7142857142857
2015-01-12,"T2M","Archival",7,6,85.7142857142857
2015-01-19,"A2M","Archival",7,5,71.4285714285714
2015-01-19,"A7M","Archival",7,7,100
2015-01-19,"T2M","Archival",7,6,85.7142857142857
2015-01-26,"A2M","Archival",7,2,28.5714285714286
2015-01-26,"A7M","Archival",7,2,28.5714285714286
2015-01-26,"T2M","Archival",7,4,57.1428571428571
2015-02-02,"A2M","Archival",7,5,71.4285714285714
2015-02-02,"A7M","Archival",7,4,57.1428571428571
2015-02-02,"T2M","Archival",7,2,28.5714285714286
2015-02-09,"A2M","Archival",7,0,0
2015-02-09,"A7M","Archival",7,3,42.8571428571429
2015-02-09,"T2M","Archival",7,1,14.2857142857143
2015-02-16,"A2M","Archival",7,4,57.1428571428571
2015-02-16,"A7M","Archival",7,4,57.1428571428571
2015-02-16,"T2M","Archival",7,5,71.4285714285714
2015-02-23,"A2M","Archival",7,1,14.2857142857143
2015-02-23,"A7M","Archival",7,2,28.5714285714286
2015-02-23,"T2M","Archival",7,2,28.5714285714286
2015-03-02,"A2M","Archival",7,4,57.1428571428571
2015-03-02,"A7M","Archival",7,4,57.1428571428571
2015-03-02,"T2M","Archival",7,3,42.8571428571429
2015-03-09,"A2M","Archival",7,4,57.1428571428571
2015-03-09,"A7M","Archival",7,2,28.5714285714286
2015-03-09,"T2M","Archival",7,3,42.8571428571429
2015-03-16,"A2M","Archival",7,1,14.2857142857143
2015-03-16,"A7M","Archival",7,4,57.1428571428571
2015-03-16,"T2M","Archival",7,5,71.4285714285714
2015-03-23,"A2M","Archival",7,1,14.2857142857143
2015-03-23,"A7M","Archival",7,0,0
2015-03-23,"T2M","Archival",7,1,14.2857142857143
2015-03-30,"A2M","Archival",7,0,0
2015-03-30,"A7M","Archival",7,0,0
2015-03-30,"T2M","Archival",7,0,0
2015-04-06,"A2M","Archival",7,0,0
2015-04-06,"A7M","Archival",7,0,0
2015-04-06,"T2M","Archival",7,0,0
2015-04-13,"A2M","Archival",7,0,0
2015-04-13,"A7M","Archival",7,0,0
2015-04-13,"T2M","Archival",7,0,0
2015-04-20,"A2M","Archival",7,0,0
2015-04-20,"A7M","Archival",7,0,0
2015-04-20,"T2M","Archival",7,0,0
2015-04-27,"A2M","Archival",7,0,0
2015-04-27,"A7M","Archival",7,1,14.2857142857143
2015-04-27,"T2M","Archival",7,3,42.8571428571429
2015-05-04,"A2M","Archival",7,0,0
2015-05-04,"A7M","Archival",7,0,0
2015-05-04,"T2M","Archival",7,0,0
2015-05-11,"A2M","Archival",7,0,0
2015-05-11,"A7M","Archival",7,0,0
2015-05-11,"T2M","Archival",7,0,0
2015-05-18,"A2M","Archival",7,0,0
2015-05-18,"A7M","Archival",7,1,14.2857142857143
2015-05-18,"T2M","Archival",7,1,14.2857142857143
2015-05-25,"A2M","Archival",7,0,0
2015-05-25,"A7M","Archival",7,0,0
2015-05-25,"T2M","Archival",7,0,0
2015-06-01,"A2M","Archival",7,0,0
2015-06-01,"A7M","Archival",7,0,0
2015-06-01,"T2M","Archival",7,0,0
2015-06-08,"A2M","Archival",7,0,0
2015-06-08,"A7M","Archival",7,0,0
2015-06-08,"T2M","Archival",7,0,0
2015-06-15,"A2M","Archival",7,0,0
2015-06-15,"A7M","Archival",7,0,0
2015-06-15,"T2M","Archival",7,0,0
2015-06-22,"A2M","Archival",7,2,28.5714285714286
2015-06-22,"A7M","Archival",7,2,28.5714285714286
2015-06-22,"T2M","Archival",7,2,28.5714285714286
2015-06-29,"A2M","Archival",7,0,0
2015-06-29,"A7M","Archival",7,0,0
2015-06-29,"T2M","Archival",7,0,0
2015-07-06,"A2M","Archival",7,0,0
2015-07-06,"A7M","Archival",7,0,0
2015-07-06,"T2M","Archival",7,0,0
2015-07-13,"A2M","Archival",7,0,0
2015-07-13,"A7M","Archival",7,0,0
2015-07-13,"T2M","Archival",7,0,0
2015-07-20,"A2M","Archival",7,0,0
2015-07-20,"A7M","Archival",7,1,14.2857142857143
2015-07-20,"T2M","Archival",7,1,14.2857142857143
2015-07-27,"A2M","Archival",7,1,14.2857142857143
2015-07-27,"A7M","Archival",7,0,0
2015-07-27,"T2M","Archival",7,0,0
2015-08-03,"A2M","Archival",7,0,0
2015-08-03,"A7M","Archival",7,0,0
2015-08-03,"T2M","Archival",7,0,0
2015-08-10,"A2M","Archival",7,0,0
2015-08-10,"A7M","Archival",7,0,0
2015-08-10,"T2M","Archival",7,0,0
2015-08-17,"A2M","Archival",7,0,0
2015-08-17,"A7M","Archival",7,0,0
2015-08-17,"T2M","Archival",7,0,0
2015-08-24,"A7M","Archival",7,0,0
2015-08-24,"T2M","Archival",7,1,14.2857142857143
2015-08-31,"A7M","Archival",7,0,0
2015-08-31,"T2M","Archival",7,0,0
2015-09-07,"A7M","Archival",7,0,0
2015-09-07,"T2M","Archival",7,0,0
2015-09-14,"A2M","Archival",2,0,0
2015-09-14,"A7M","Archival",7,0,0
2015-09-14,"T2M","Archival",7,0,0
2015-09-21,"A2M","Archival",7,0,0
2015-09-21,"A7M","Archival",7,0,0
2015-09-21,"T2M","Archival",7,0,0
2015-09-28,"A2M","Archival",7,0,0
2015-09-28,"A7M","Archival",7,0,0
2015-09-28,"T2M","Archival",7,0,0
2015-10-05,"A2M","Archival",7,0,0
2015-10-05,"A7M","Archival",7,0,0
2015-10-05,"T2M","Archival",7,0,0
2015-10-12,"A2M","Archival",7,0,0
2015-10-12,"A7M","Archival",7,0,0
2015-10-12,"T2M","Archival",7,0,0
2015-10-19,"A2M","Archival",7,0,0
2015-10-19,"A7M","Archival",7,0,0
2015-10-19,"T2M","Archival",7,0,0
2015-10-26,"A2M","Archival",7,1,14.2857142857143
2015-10-26,"A7M","Archival",7,0,0
2015-10-26,"T2M","Archival",7,0,0
2015-11-02,"A2M","Archival",7,0,0
2015-11-02,"A7M","Archival",7,0,0
2015-11-02,"T2M","Archival",7,0,0
2015-11-09,"A2M","Archival",7,0,0
2015-11-09,"A7M","Archival",7,2,28.5714285714286
2015-11-09,"T2M","Archival",7,0,0
2015-11-16,"A2M","Archival",7,0,0
2015-11-16,"A7M","Archival",7,0,0
2015-11-16,"T2M","Archival",7,0,0
2015-11-23,"A2M","Archival",7,5,71.4285714285714
2015-11-23,"A7M","Archival",7,3,42.8571428571429
2015-11-23,"T2M","Archival",7,1,14.2857142857143
2015-11-30,"A2M","Archival",7,5,71.4285714285714
2015-11-30,"A7M","Archival",7,3,42.8571428571429
2015-11-30,"T2M","Archival",7,2,28.5714285714286
2015-12-07,"A2M","Archival",7,6,85.7142857142857
2015-12-07,"A7M","Archival",7,5,71.4285714285714
2015-12-07,"T2M","Archival",7,4,57.1428571428571
2015-12-14,"A2M","Archival",7,1,14.2857142857143
2015-12-14,"A7M","Archival",7,0,0
2015-12-14,"T2M","Archival",7,0,0
2015-12-21,"A2M","Archival",7,0,0
2015-12-21,"A7M","Archival",7,0,0
2015-12-21,"T2M","Archival",7,0,0
2015-12-28,"A2M","Archival",7,7,100
2015-12-28,"A7M","Archival",7,4,57.1428571428571
2015-12-28,"T2M","Archival",7,4,57.1428571428571
2016-01-04,"A2M","Archival",7,1,14.2857142857143
2016-01-04,"A7M","Archival",7,3,42.8571428571429
2016-01-04,"T2M","Archival",7,1,14.2857142857143
2016-01-11,"A2M","Archival",7,4,57.1428571428571
2016-01-11,"A7M","Archival",7,4,57.1428571428571
2016-01-11,"T2M","Archival",7,4,57.1428571428571
2016-01-18,"A2M","Archival",7,1,14.2857142857143
2016-01-18,"A7M","Archival",7,1,14.2857142857143
2016-01-18,"T2M","Archival",7,2,28.5714285714286
2016-01-25,"A2M","Archival",7,7,100
2016-01-25,"A7M","Archival",7,7,100
2016-01-25,"T2M","Archival",7,7,100
2016-02-01,"A2M","Archival",7,7,100
2016-02-01,"A7M","Archival",7,7,100
2016-02-01,"T2M","Archival",7,7,100
2016-02-08,"A2M","Archival",7,3,42.8571428571429
2016-02-08,"A7M","Archival",7,5,71.4285714285714
2016-02-08,"T2M","Archival",7,5,71.4285714285714
2016-02-15,"A2M","Archival",7,4,57.1428571428571
2016-02-15,"A7M","Archival",7,2,28.5714285714286
2016-02-15,"T2M","Archival",7,1,14.2857142857143
2016-02-22,"A2M","Archival",7,3,42.8571428571429
2016-02-22,"A7M","Archival",7,4,57.1428571428571
2016-02-22,"T2M","Archival",7,1,14.2857142857143
2016-02-29,"A2M","Archival",6,4,66.6666666666667
2016-02-29,"A7M","Archival",6,4,66.6666666666667
2016-02-29,"T2M","Archival",6,4,66.6666666666667
2016-03-07,"A2M","Archival",7,5,71.4285714285714
2016-03-07,"A7M","Archival",7,5,71.4285714285714
2016-03-07,"T2M","Archival",7,6,85.7142857142857
2016-03-14,"A2M","Archival",7,6,85.7142857142857
2016-03-14,"A7M","Archival",7,6,85.7142857142857
2016-03-14,"T2M","Archival",7,6,85.7142857142857
2016-03-21,"A2M","Archival",7,5,71.4285714285714
2016-03-21,"A7M","Archival",7,7,100
2016-03-21,"T2M","Archival",7,6,85.7142857142857
2016-03-28,"A2M","Archival",7,1,14.2857142857143
2016-03-28,"A7M","Archival",7,2,28.5714285714286
2016-03-28,"T2M","Archival",7,3,42.8571428571429
2016-04-04,"A2M","Archival",7,0,0
2016-04-04,"A7M","Archival",7,1,14.2857142857143
2016-04-04,"T2M","Archival",7,1,14.2857142857143
2016-04-11,"A2M","Archival",7,0,0
2016-04-11,"A7M","Archival",7,0,0
2016-04-11,"T2M","Archival",7,1,14.2857142857143
2016-04-18,"A2M","Archival",7,0,0
2016-04-18,"A7M","Archival",7,0,0
2016-04-18,"T2M","Archival",7,0,0
2016-04-25,"A2M","Archival",7,0,0
2016-04-25,"A7M","Archival",7,0,0
2016-04-25,"T2M","Archival",7,0,0
2016-05-02,"A2M","Archival",7,0,0
2016-05-02,"A7M","Archival",7,0,0
2016-05-02,"T2M","Archival",7,0,0
2016-05-09,"A2M","Archival",7,0,0
2016-05-09,"A7M","Archival",7,0,0
2016-05-09,"T2M","Archival",7,0,0
2016-05-16,"A2M","Archival",7,0,0
2016-05-16,"A7M","Archival",7,0,0
2016-05-16,"T2M","Archival",7,0,0
2016-05-23,"A2M","Archival",7,0,0
2016-05-23,"A7M","Archival",7,0,0
2016-05-23,"T2M","Archival",7,0,0
2016-05-30,"A2M","Archival",7,0,0
2016-05-30,"A7M","Archival",7,0,0
2016-05-30,"T2M","Archival",7,0,0
2016-06-06,"A2M","Archival",7,0,0
2016-06-06,"A7M","Archival",7,0,0
2016-06-06,"T2M","Archival",7,0,0
2016-06-13,"A2M","Archival",7,0,0
2016-06-13,"A7M","Archival",7,0,0
2016-06-13,"T2M","Archival",7,0,0
2016-06-20,"A2M","Archival",7,0,0
2016-06-20,"A7M","Archival",7,0,0
2016-06-20,"T2M","Archival",7,0,0
2016-06-27,"A2M","Archival",7,0,0
2016-06-27,"A7M","Archival",7,0,0
2016-06-27,"T2M","Archival",7,0,0
2016-07-04,"A2M","Archival",7,0,0
2016-07-04,"A7M","Archival",7,0,0
2016-07-04,"T2M","Archival",7,0,0
2016-07-11,"A2M","Archival",7,0,0
2016-07-11,"A7M","Archival",7,0,0
2016-07-11,"T2M","Archival",7,0,0
2016-07-25,"A2M","Archival",7,0,0
2016-07-25,"A7M","Archival",7,0,0
2016-07-25,"T2M","Archival",7,0,0
2016-08-01,"A2M","Archival",7,0,0
2016-08-01,"A7M","Archival",7,0,0
2016-08-01,"T2M","Archival",7,0,0
2016-08-08,"A2M","Archival",7,0,0
2016-08-08,"A7M","Archival",7,0,0
2016-08-08,"T2M","Archival",7,0,0
2016-08-15,"A2M","Archival",7,0,0
2016-08-15,"A7M","Archival",7,0,0
2016-08-15,"T2M","Archival",7,0,0
2016-08-22,"A2M","Archival",7,0,0
2016-08-22,"A7M","Archival",7,0,0
2016-08-22,"T2M","Archival",7,0,0
2016-08-29,"A2M","Archival",7,0,0
2016-08-29,"A7M","Archival",7,0,0
2016-08-29,"T2M","Archival",7,0,0
2016-09-05,"A2M","Archival",7,0,0
2016-09-05,"A7M","Archival",7,0,0
2016-09-05,"T2M","Archival",7,0,0
2016-09-12,"A2M","Archival",7,0,0
2016-09-12,"A7M","Archival",7,0,0
2016-09-12,"T2M","Archival",7,0,0
2016-09-19,"A2M","Archival",7,0,0
2016-09-19,"A7M","Archival",7,0,0
2016-09-19,"T2M","Archival",7,0,0
2016-09-26,"A2M","Archival",7,0,0
2016-09-26,"A7M","Archival",7,0,0
2016-09-26,"T2M","Archival",7,1,14.2857142857143
2016-10-03,"A2M","Archival",7,0,0
2016-10-03,"A7M","Archival",7,0,0
2016-10-03,"T2M","Archival",7,0,0
2016-10-10,"A2M","Archival",7,0,0
2016-10-10,"A7M","Archival",7,0,0
2016-10-10,"T2M","Archival",7,0,0
2016-10-17,"A2M","Archival",7,0,0
2016-10-17,"A7M","Archival",7,1,14.2857142857143
2016-10-17,"T2M","Archival",7,1,14.2857142857143
2016-10-24,"A2M","Archival",7,0,0
2016-10-24,"A7M","Archival",7,0,0
2016-10-24,"T2M","Archival",7,0,0
2016-10-31,"A2M","Archival",7,0,0
2016-10-31,"A7M","Archival",7,0,0
2016-10-31,"T2M","Archival",7,0,0
2016-11-07,"A2M","Archival",7,0,0
2016-11-07,"A7M","Archival",7,1,14.2857142857143
2016-11-07,"T2M","Archival",7,1,14.2857142857143
2016-11-14,"A2M","Archival",7,1,14.2857142857143
2016-11-14,"A7M","Archival",7,0,0
2016-11-14,"T2M","Archival",7,0,0
2016-11-21,"A2M","Archival",7,1,14.2857142857143
2016-11-21,"A7M","Archival",7,1,14.2857142857143
2016-11-21,"T2M","Archival",7,0,0
2016-11-28,"A2M","Archival",6,3,50
2016-11-28,"A7M","Archival",7,1,14.2857142857143
2016-11-28,"T2M","Archival",7,0,0
2016-12-05,"A2M","Archival",7,1,14.2857142857143
2016-12-05,"A7M","Archival",7,0,0
2016-12-05,"T2M","Archival",7,0,0
2016-12-12,"A2M","Archival",7,2,28.5714285714286
2016-12-12,"A7M","Archival",7,2,28.5714285714286
2016-12-12,"T2M","Archival",7,0,0
2016-12-19,"A2M","Archival",7,3,42.8571428571429
2016-12-19,"A7M","Archival",7,2,28.5714285714286
2016-12-19,"T2M","Archival",7,0,0
2016-12-26,"A2M","Archival",7,3,42.8571428571429
2016-12-26,"A7M","Archival",7,6,85.7142857142857
2016-12-26,"T2M","Archival",3,0,0
2017-01-02,"A2M","Archival",7,6,85.7142857142857
2017-01-02,"A7M","Archival",7,5,71.4285714285714
2017-01-02,"T2M","Archival",1,0,0
2017-01-09,"A2M","Archival",7,2,28.5714285714286
2017-01-09,"A7M","Archival",7,3,42.8571428571429
2017-01-09,"T2M","Archival",7,5,71.4285714285714
2017-01-16,"A2M","Archival",7,2,28.5714285714286
2017-01-16,"A7M","Archival",7,1,14.2857142857143
2017-01-16,"T2M","Archival",7,3,42.8571428571429
2017-01-23,"A2M","Archival",7,1,14.2857142857143
2017-01-23,"A7M","Archival",7,2,28.5714285714286
2017-01-23,"T2M","Archival",7,1,14.2857142857143
2017-01-30,"A2M","Archival",7,0,0
2017-01-30,"A7M","Archival",7,1,14.2857142857143
2017-01-30,"T2M","Archival",7,1,14.2857142857143
2017-02-06,"A2M","Archival",7,0,0
2017-02-06,"A7M","Archival",7,0,0
2017-02-06,"T2M","Archival",7,1,14.2857142857143
2017-02-13,"A2M","Archival",7,0,0
2017-02-13,"A7M","Archival",7,0,0
2017-02-13,"T2M","Archival",7,0,0
2017-02-20,"A2M","Archival",7,0,0
2017-02-20,"A7M","Archival",7,0,0
2017-02-20,"T2M","Archival",7,0,0
2017-02-27,"A2M","Archival",7,0,0
2017-02-27,"A7M","Archival",7,1,14.2857142857143
2017-02-27,"T2M","Archival",7,2,28.5714285714286
2017-03-06,"A2M","Archival",7,1,14.2857142857143
2017-03-06,"A7M","Archival",7,1,14.2857142857143
2017-03-06,"T2M","Archival",7,1,14.2857142857143
2017-03-13,"A2M","Archival",7,1,14.2857142857143
2017-03-13,"A7M","Archival",7,1,14.2857142857143
2017-03-13,"T2M","Archival",7,0,0
2017-03-20,"A2M","Archival",7,1,14.2857142857143
2017-03-20,"A7M","Archival",7,3,42.8571428571429
2017-03-20,"T2M","Archival",7,2,28.5714285714286
2017-03-27,"A2M","Archival",7,1,14.2857142857143
2017-03-27,"A7M","Archival",7,0,0
2017-03-27,"T2M","Archival",7,0,0
2017-04-03,"A2M","Archival",7,0,0
2017-04-03,"A7M","Archival",7,1,14.2857142857143
2017-04-03,"T2M","Archival",7,0,0
2017-04-10,"A2M","Archival",7,0,0
2017-04-10,"A7M","Archival",7,0,0
2017-04-10,"T2M","Archival",7,0,0
2017-04-17,"A2M","Archival",7,0,0
2017-04-17,"A7M","Archival",7,0,0
2017-04-17,"T2M","Archival",7,0,0
2017-04-24,"A2M","Archival",7,0,0
2017-04-24,"A7M","Archival",7,0,0
2017-04-24,"T2M","Archival",7,0,0
2017-05-01,"A2M","Archival",7,0,0
2017-05-01,"A7M","Archival",7,0,0
2017-05-01,"T2M","Archival",7,0,0
2017-05-08,"A2M","Archival",7,0,0
2017-05-08,"A7M","Archival",7,0,0
2017-05-08,"T2M","Archival",7,0,0
2017-05-15,"A2M","Archival",7,0,0
2017-05-15,"A7M","Archival",7,0,0
2017-05-15,"T2M","Archival",7,0,0
2017-05-22,"A2M","Archival",7,0,0
2017-05-22,"A7M","Archival",7,0,0
2017-05-22,"T2M","Archival",7,0,0
2017-05-29,"A2M","Archival",7,0,0
2017-05-29,"A7M","Archival",7,0,0
2017-05-29,"T2M","Archival",7,0,0
2017-06-05,"A2M","Archival",7,0,0
2017-06-05,"A7M","Archival",7,1,14.2857142857143
2017-06-05,"T2M","Archival",7,1,14.2857142857143
2017-06-12,"A2M","Archival",10,1,10
2017-06-12,"A7M","Archival",10,1,10
2017-06-12,"T2M","Archival",9,0,0
2017-06-19,"A2M","Archival",7,0,0
2017-06-19,"A7M","Archival",7,1,14.2857142857143
2017-06-19,"T2M","Archival",7,1,14.2857142857143
2017-06-26,"A2M","Archival",7,0,0
2017-06-26,"A7M","Archival",7,0,0
2017-06-26,"T2M","Archival",7,0,0
2017-07-03,"A2M","Archival",7,0,0
2017-07-03,"A7M","Archival",7,0,0
2017-07-03,"T2M","Archival",7,0,0
2017-07-10,"A2M","Archival",7,0,0
2017-07-10,"A7M","Archival",7,0,0
2017-07-10,"T2M","Archival",7,0,0
2017-07-17,"A2M","Archival",7,0,0
2017-07-17,"A7M","Archival",7,0,0
2017-07-17,"T2M","Archival",7,0,0
2017-07-24,"A2M","Archival",7,0,0
2017-07-24,"A7M","Archival",7,0,0
2017-07-24,"T2M","Archival",7,0,0
2017-07-31,"A2M","Archival",7,0,0
2017-07-31,"A7M","Archival",7,0,0
2017-07-31,"T2M","Archival",7,0,0
2017-08-07,"A2M","Archival",7,0,0
2017-08-07,"A7M","Archival",7,0,0
2017-08-07,"T2M","Archival",7,0,0
2017-08-14,"A2M","Archival",7,0,0
2017-08-14,"A7M","Archival",7,0,0
2017-08-14,"T2M","Archival",7,0,0
2017-08-21,"A2M","Archival",7,0,0
2017-08-21,"A7M","Archival",7,0,0
2017-08-21,"T2M","Archival",7,0,0
2017-08-28,"A2M","Archival",7,0,0
2017-08-28,"A7M","Archival",7,0,0
2017-08-28,"T2M","Archival",7,0,0
2017-09-04,"A2M","Archival",7,0,0
2017-09-04,"A7M","Archival",7,0,0
2017-09-04,"T2M","Archival",7,0,0
2017-09-11,"A2M","Archival",7,0,0
2017-09-11,"A7M","Archival",7,0,0
2017-09-11,"T2M","Archival",7,0,0
2017-09-18,"A2M","Archival",7,0,0
2017-09-18,"A7M","Archival",7,0,0
2017-09-18,"T2M","Archival",7,0,0
2017-09-25,"A2M","Archival",7,0,0
2017-09-25,"A7M","Archival",7,0,0
2017-09-25,"T2M","Archival",7,0,0
2017-10-02,"A2M","Archival",7,0,0
2017-10-02,"A7M","Archival",7,0,0
2017-10-02,"T2M","Archival",7,0,0
2017-10-09,"A2M","Archival",7,0,0
2017-10-09,"A7M","Archival",7,0,0
2017-10-09,"T2M","Archival",7,0,0
2017-10-16,"A2M","Archival",7,0,0
2017-10-16,"A7M","Archival",7,0,0
2017-10-16,"T2M","Archival",7,0,0
2017-10-23,"A2M","Archival",7,0,0
2017-10-23,"A7M","Archival",7,0,0
2017-10-23,"T2M","Archival",7,0,0
2017-10-30,"A2M","Archival",7,0,0
2017-10-30,"A7M","Archival",7,0,0
2017-10-30,"T2M","Archival",7,0,0
2017-11-06,"A2M","Archival",7,0,0
2017-11-06,"A7M","Archival",7,0,0
2017-11-06,"T2M","Archival",7,0,0
2017-11-13,"A2M","Archival",7,0,0
2017-11-13,"A7M","Archival",7,0,0
2017-11-13,"T2M","Archival",7,0,0
2017-11-20,"A2M","Archival",4,0,0
2017-11-20,"A7M","Archival",5,1,20
2017-11-20,"T2M","Archival",4,0,0
2021-05-24,"RTWB","RealTime",4,0,0
2021-05-31,"RTWB","RealTime",6,0,0
2021-06-07,"RTWB","RealTime",7,0,0
2021-06-14,"RTWB","RealTime",7,1,14.2857142857143
2021-06-21,"RTWB","RealTime",7,0,0
2021-06-28,"RTWB","RealTime",6,0,0
2021-07-05,"RTWB","RealTime",7,0,0
2021-07-12,"RTWB","RealTime",7,0,0
2021-07-19,"RTWB","RealTime",7,0,0
2021-07-26,"RTWB","RealTime",7,0,0
2021-08-02,"RTWB","RealTime",7,0,0
2021-08-09,"RTWB","RealTime",7,0,0
2021-08-16,"RTWB","RealTime",7,0,0
2021-08-23,"RTWB","RealTime",7,0,0
2021-08-30,"RTWB","RealTime",7,0,0
2021-09-06,"RTWB","RealTime",7,0,0
2021-09-13,"RTWB","RealTime",7,0,0
2021-09-20,"RTWB","RealTime",7,0,0
2021-09-27,"RTWB","RealTime",7,1,14.2857142857143
2021-10-04,"RTWB","RealTime",7,0,0
2021-10-11,"RTWB","RealTime",7,0,0
2021-10-18,"RTWB","RealTime",7,0,0
2021-10-25,"RTWB","RealTime",7,0,0
2021-11-01,"RTWB","RealTime",7,0,0
2021-11-08,"RTWB","RealTime",7,1,14.2857142857143
2021-11-15,"RTWB","RealTime",7,0,0
2021-11-22,"RTWB","RealTime",7,0,0
2021-11-29,"RTWB","RealTime",7,1,14.2857142857143
2021-12-06,"RTWB","RealTime",7,3,42.8571428571429
2021-12-13,"RTWB","RealTime",7,1,14.2857142857143
2021-12-20,"RTWB","RealTime",7,7,100
2021-12-27,"RTWB","RealTime",7,3,42.8571428571429
2022-01-03,"RTWB","RealTime",7,6,85.7142857142857
2022-01-10,"RTWB","RealTime",7,2,28.5714285714286
2022-01-17,"RTWB","RealTime",7,0,0
2022-01-24,"RTWB","RealTime",7,0,0
2022-01-31,"RTWB","RealTime",6,0,0
2022-02-07,"RTWB","RealTime",7,1,14.2857142857143
2022-02-14,"RTWB","RealTime",7,1,14.2857142857143
2022-02-21,"RTWB","RealTime",7,1,14.2857142857143
2022-02-28,"RTWB","RealTime",7,1,14.2857142857143
2022-03-07,"RTWB","RealTime",7,0,0
2022-03-14,"RTWB","RealTime",7,3,42.8571428571429
2022-03-21,"RTWB","RealTime",6,1,16.6666666666667
2022-03-28,"RTWB","RealTime",7,0,0
2022-04-04,"RTWB","RealTime",7,0,0
2022-04-11,"RTWB","RealTime",7,0,0
2022-04-18,"RTWB","RealTime",7,0,0
2022-04-25,"RTWB","RealTime",7,0,0
2022-05-02,"RTWB","RealTime",7,0,0
2022-05-09,"RTWB","RealTime",7,0,0
2022-05-16,"RTWB","RealTime",7,0,0
2022-05-23,"RTWB","RealTime",7,0,0
2022-05-30,"RTWB","RealTime",7,0,0
2022-06-06,"RTWB","RealTime",7,0,0
2022-06-13,"RTWB","RealTime",7,0,0
2022-06-20,"RTWB","RealTime",7,0,0
2022-06-27,"RTWB","RealTime",7,0,0
2022-07-04,"RTWB","RealTime",7,0,0
2022-07-11,"RTWB","RealTime",7,0,0
2022-07-18,"RTWB","RealTime",11,0,0
2022-07-25,"RTWB","RealTime",7,0,0
2022-08-01,"RTWB","RealTime",7,2,28.5714285714286
2022-08-08,"RTWB","RealTime",7,0,0
2022-08-15,"RTWB","RealTime",7,0,0
2022-08-22,"RTWB","RealTime",7,0,0
2022-08-29,"RTWB","RealTime",7,0,0
2022-09-05,"RTWB","RealTime",7,0,0
2022-09-12,"RTWB","RealTime",7,0,0
2022-09-19,"RTWB","RealTime",7,0,0
2022-09-26,"RTWB","RealTime",7,0,0
2022-10-03,"RTWB","RealTime",7,0,0
2022-10-10,"RTWB","RealTime",7,0,0
2022-10-17,"RTWB","RealTime",7,0,0
2022-10-24,"RTWB","RealTime",7,0,0
2022-10-31,"RTWB","RealTime",7,0,0
2022-11-07,"RTWB","RealTime",7,0,0
2022-11-14,"RTWB","RealTime",7,1,14.2857142857143
2022-11-21,"RTWB","RealTime",7,0,0
2022-11-28,"RTWB","RealTime",7,1,14.2857142857143
2022-12-05,"RTWB","RealTime",7,2,28.5714285714286
2022-12-12,"RTWB","RealTime",7,1,14.2857142857143
2022-12-19,"RTWB","RealTime",7,1,14.2857142857143
2022-12-26,"RTWB","RealTime",7,5,71.4285714285714
2023-01-02,"RTWB","RealTime",7,0,0
2023-01-09,"RTWB","RealTime",7,3,42.8571428571429
2023-01-16,"RTWB","RealTime",7,6,85.7142857142857
2023-01-23,"RTWB","RealTime",7,4,57.1428571428571
2023-01-30,"RTWB","RealTime",7,4,57.1428571428571
2023-02-06,"RTWB","RealTime",7,4,57.1428571428571
2023-02-13,"RTWB","RealTime",7,7,100
2023-02-20,"RTWB","RealTime",7,3,42.8571428571429
2023-02-27,"RTWB","RealTime",7,7,100
2023-03-06,"RTWB","RealTime",7,6,85.7142857142857
2023-03-13,"RTWB","RealTime",7,1,14.2857142857143
2023-03-20,"RTWB","RealTime",7,0,0
2023-03-27,"RTWB","RealTime",7,0,0
2023-04-03,"RTWB","RealTime",7,1,14.2857142857143
2023-04-10,"RTWB","RealTime",7,0,0
2023-04-17,"A2M","Archival",4,0,0
2023-04-17,"A7M","Archival",4,0,0
2023-04-17,"RTWB","RealTime",7,0,0
2023-04-17,"T2M","Archival",4,0,0
2023-04-24,"A2M","Archival",7,0,0
2023-04-24,"A7M","Archival",7,0,0
2023-04-24,"RTWB","RealTime",7,0,0
2023-04-24,"T2M","Archival",7,0,0
2023-05-01,"A2M","Archival",7,0,0
2023-05-01,"A7M","Archival",7,0,0
2023-05-01,"RTWB","RealTime",7,0,0
2023-05-01,"T2M","Archival",7,0,0
2023-05-08,"A2M","Archival",7,0,0
2023-05-08,"A7M","Archival",7,0,0
2023-05-08,"RTWB","RealTime",7,0,0
2023-05-08,"T2M","Archival",7,0,0
2023-05-15,"A2M","Archival",7,0,0
2023-05-15,"A7M","Archival",7,0,0
2023-05-15,"RTWB","RealTime",7,0,0
2023-05-15,"T2M","Archival",7,0,0
2023-05-22,"A2M","Archival",7,0,0
2023-05-22,"A7M","Archival",7,0,0
2023-05-22,"RTWB","RealTime",7,0,0
2023-05-22,"T2M","Archival",7,0,0
2023-05-29,"A2M","Archival",7,0,0
2023-05-29,"A7M","Archival",7,0,0
2023-05-29,"RTWB","RealTime",7,0,0
2023-05-29,"T2M","Archival",7,0,0
2023-06-05,"A2M","Archival",7,0,0
2023-06-05,"A7M","Archival",7,0,0
2023-06-05,"RTWB","RealTime",7,0,0
2023-06-05,"T2M","Archival",7,0,0
2023-06-12,"A2M","Archival",7,0,0
2023-06-12,"A7M","Archival",7,0,0
2023-06-12,"RTWB","RealTime",7,0,0
2023-06-12,"T2M","Archival",7,0,0
2023-06-19,"A2M","Archival",7,0,0
2023-06-19,"A7M","Archival",7,0,0
2023-06-19,"RTWB","RealTime",7,0,0
2023-06-19,"T2M","Archival",7,0,0
2023-06-26,"A2M","Archival",7,0,0
2023-06-26,"A7M","Archival",7,0,0
2023-06-26,"RTWB","RealTime",7,0,0
2023-06-26,"T2M","Archival",7,0,0
2023-07-03,"A2M","Archival",7,0,0
2023-07-03,"A7M","Archival",7,0,0
2023-07-03,"RTWB","RealTime",7,0,0
2023-07-03,"T2M","Archival",7,0,0
2023-07-10,"A2M","Archival",7,0,0
2023-07-10,"A7M","Archival",7,0,0
2023-07-10,"RTWB","RealTime",7,0,0
2023-07-10,"T2M","Archival",7,0,0
2023-07-17,"A2M","Archival",7,0,0
2023-07-17,"A7M","Archival",7,0,0
2023-07-17,"RTWB","RealTime",7,0,0
2023-07-17,"T2M","Archival",7,0,0
2023-07-24,"A2M","Archival",7,0,0
2023-07-24,"A7M","Archival",7,0,0
2023-07-24,"RTWB","RealTime",7,0,0
2023-07-24,"T2M","Archival",7,0,0
2023-07-31,"A2M","Archival",7,0,0
2023-07-31,"A7M","Archival",7,0,0
2023-07-31,"RTWB","RealTime",7,0,0
2023-07-31,"T2M","Archival",7,0,0
2023-08-07,"A2M","Archival",7,0,0
2023-08-07,"A7M","Archival",7,0,0
2023-08-07,"RTWB","RealTime",7,0,0
2023-08-07,"T2M","Archival",7,0,0
2023-08-14,"A2M","Archival",7,0,0
2023-08-14,"A7M","Archival",7,0,0
2023-08-14,"RTWB","RealTime",7,0,0
2023-08-14,"T2M","Archival",7,0,0
2023-08-21,"A2M","Archival",7,0,0
2023-08-21,"A7M","Archival",7,0,0
2023-08-21,"RTWB","RealTime",7,0,0
2023-08-21,"T2M","Archival",7,0,0
2023-08-28,"A2M","Archival",7,0,0
2023-08-28,"A7M","Archival",7,0,0
2023-08-28,"RTWB","RealTime",7,0,0
2023-08-28,"T2M","Archival",7,0,0
2023-09-04,"A2M","Archival",7,0,0
2023-09-04,"A7M","Archival",7,0,0
2023-09-04,"RTWB","RealTime",7,0,0
2023-09-04,"T2M","Archival",7,0,0
2023-09-11,"A2M","Archival",7,0,0
2023-09-11,"A7M","Archival",7,0,0
2023-09-11,"RTWB","RealTime",7,0,0
2023-09-11,"T2M","Archival",7,0,0
2023-09-18,"A2M","Archival",7,0,0
2023-09-18,"A7M","Archival",7,0,0
2023-09-18,"RTWB","RealTime",7,0,0
2023-09-18,"T2M","Archival",7,0,0
2023-09-25,"A2M","Archival",7,0,0
2023-09-25,"A7M","Archival",7,0,0
2023-09-25,"RTWB","RealTime",7,0,0
2023-09-25,"T2M","Archival",7,0,0
2023-10-02,"A2M","Archival",7,0,0
2023-10-02,"A7M","Archival",7,0,0
2023-10-02,"RTWB","RealTime",7,0,0
2023-10-02,"T2M","Archival",7,0,0
2023-10-09,"A2M","Archival",7,0,0
2023-10-09,"A7M","Archival",7,0,0
2023-10-09,"RTWB","RealTime",7,0,0
2023-10-09,"T2M","Archival",7,0,0
2023-10-16,"A2M","Archival",7,0,0
2023-10-16,"A7M","Archival",7,0,0
2023-10-16,"RTWB","RealTime",7,0,0
2023-10-16,"T2M","Archival",7,0,0
2023-10-23,"A2M","Archival",7,0,0
2023-10-23,"A7M","Archival",7,0,0
2023-10-23,"RTWB","RealTime",7,0,0
2023-10-23,"T2M","Archival",7,0,0
2023-10-30,"A2M","Archival",7,0,0
2023-10-30,"A7M","Archival",7,0,0
2023-10-30,"RTWB","RealTime",7,0,0
2023-10-30,"T2M","Archival",7,0,0
2023-11-06,"A2M","Archival",7,0,0
2023-11-06,"A7M","Archival",7,0,0
2023-11-06,"RTWB","RealTime",7,0,0
2023-11-06,"T2M","Archival",7,0,0
2023-11-13,"A2M","Archival",7,2,28.5714285714286
2023-11-13,"A7M","Archival",7,1,14.2857142857143
2023-11-13,"RTWB","RealTime",7,0,0
2023-11-13,"T2M","Archival",7,0,0
2023-11-20,"A2M","Archival",7,1,14.2857142857143
2023-11-20,"A7M","Archival",7,1,14.2857142857143
2023-11-20,"RTWB","RealTime",7,1,14.2857142857143
2023-11-20,"T2M","Archival",7,1,14.2857142857143
2023-11-27,"A2M","Archival",7,3,42.8571428571429
2023-11-27,"A7M","Archival",7,2,28.5714285714286
2023-11-27,"RTWB","RealTime",7,1,14.2857142857143
2023-11-27,"T2M","Archival",7,1,14.2857142857143
2023-12-04,"A2M","Archival",7,2,28.5714285714286
2023-12-04,"A7M","Archival",7,2,28.5714285714286
2023-12-04,"RTWB","RealTime",7,2,28.5714285714286
2023-12-04,"T2M","Archival",7,2,28.5714285714286
2023-12-11,"A2M","Archival",7,2,28.5714285714286
2023-12-11,"A7M","Archival",7,2,28.5714285714286
2023-12-11,"RTWB","RealTime",7,0,0
2023-12-11,"T2M","Archival",7,0,0
2023-12-18,"A2M","Archival",7,1,14.2857142857143
2023-12-18,"A7M","Archival",7,2,28.5714285714286
2023-12-18,"RTWB","RealTime",7,2,28.5714285714286
2023-12-18,"T2M","Archival",7,2,28.5714285714286
2023-12-25,"A2M","Archival",7,7,100
2023-12-25,"A7M","Archival",7,6,85.7142857142857
2023-12-25,"RTWB","RealTime",7,6,85.7142857142857
2023-12-25,"T2M","Archival",7,5,71.4285714285714
2024-01-01,"A2M","Archival",7,6,85.7142857142857
2024-01-01,"A7M","Archival",7,7,100
2024-01-01,"RTWB","RealTime",7,4,57.1428571428571
2024-01-01,"T2M","Archival",7,6,85.7142857142857
2024-01-08,"A2M","Archival",7,1,14.2857142857143
2024-01-08,"A7M","Archival",7,7,100
2024-01-08,"RTWB","RealTime",7,5,71.4285714285714
2024-01-08,"T2M","Archival",7,5,71.4285714285714
2024-01-15,"A2M","Archival",7,2,28.5714285714286
2024-01-15,"A7M","Archival",7,5,71.4285714285714
2024-01-15,"RTWB","RealTime",7,3,42.8571428571429
2024-01-15,"T2M","Archival",7,5,71.4285714285714
2024-01-22,"A2M","Archival",7,5,71.4285714285714
2024-01-22,"A7M","Archival",7,7,100
2024-01-22,"RTWB","RealTime",7,7,100
2024-01-22,"T2M","Archival",7,5,71.4285714285714
2024-01-29,"A2M","Archival",7,5,71.4285714285714
2024-01-29,"A7M","Archival",7,4,57.1428571428571
2024-01-29,"RTWB","RealTime",7,2,28.5714285714286
2024-01-29,"T2M","Archival",7,3,42.8571428571429
2024-02-05,"A2M","Archival",7,2,28.5714285714286
2024-02-05,"A7M","Archival",7,2,28.5714285714286
2024-02-05,"RTWB","RealTime",7,3,42.8571428571429
2024-02-05,"T2M","Archival",7,2,28.5714285714286
2024-02-12,"A2M","Archival",7,6,85.7142857142857
2024-02-12,"A7M","Archival",7,2,28.5714285714286
2024-02-12,"RTWB","RealTime",7,3,42.8571428571429
2024-02-12,"T2M","Archival",7,3,42.8571428571429
2024-02-19,"A2M","Archival",7,1,14.2857142857143
2024-02-19,"A7M","Archival",7,2,28.5714285714286
2024-02-19,"RTWB","RealTime",7,1,14.2857142857143
2024-02-19,"T2M","Archival",7,1,14.2857142857143
2024-02-26,"A2M","Archival",7,0,0
2024-02-26,"A7M","Archival",7,1,14.2857142857143
2024-02-26,"RTWB","RealTime",7,1,14.2857142857143
2024-02-26,"T2M","Archival",7,0,0
2024-03-04,"A2M","Archival",7,0,0
2024-03-04,"A7M","Archival",7,4,57.1428571428571
2024-03-04,"RTWB","RealTime",7,3,42.8571428571429
2024-03-04,"T2M","Archival",7,3,42.8571428571429
2024-03-11,"A2M","Archival",7,2,28.5714285714286
2024-03-11,"A7M","Archival",7,5,71.4285714285714
2024-03-11,"RTWB","RealTime",7,3,42.8571428571429
2024-03-11,"T2M","Archival",7,5,71.4285714285714
2024-03-18,"A2M","Archival",7,2,28.5714285714286
2024-03-18,"A7M","Archival",7,4,57.1428571428571
2024-03-18,"RTWB","RealTime",7,4,57.1428571428571
2024-03-18,"T2M","Archival",7,4,57.1428571428571
2024-03-25,"A2M","Archival",7,0,0
2024-03-25,"A7M","Archival",7,1,14.2857142857143
2024-03-25,"RTWB","RealTime",7,2,28.5714285714286
2024-03-25,"T2M","Archival",7,1,14.2857142857143
2024-04-01,"A2M","Archival",7,0,0
2024-04-01,"A7M","Archival",7,0,0
2024-04-01,"RTWB","RealTime",7,0,0
2024-04-01,"T2M","Archival",7,1,14.2857142857143
2024-04-08,"A2M","Archival",7,0,0
2024-04-08,"A7M","Archival",7,1,14.2857142857143
2024-04-08,"RTWB","RealTime",7,1,14.2857142857143
2024-04-08,"T2M","Archival",7,2,28.5714285714286
2024-04-15,"A2M","Archival",3,0,0
2024-04-15,"A7M","Archival",3,1,33.3333333333333
2024-04-15,"RTWB","RealTime",7,1,14.2857142857143
2024-04-15,"T2M","Archival",3,2,66.6666666666667
2024-04-22,"RTWB","RealTime",7,2,28.5714285714286
2024-04-29,"RTWB","RealTime",7,3,42.8571428571429
2024-05-06,"RTWB","RealTime",7,2,28.5714285714286
2024-05-13,"RTWB","RealTime",7,1,14.2857142857143
2024-05-20,"RTWB","RealTime",7,0,0
2024-05-27,"RTWB","RealTime",7,1,14.2857142857143
2024-06-03,"RTWB","RealTime",7,0,0
2024-06-10,"RTWB","RealTime",7,0,0
2024-06-17,"RTWB","RealTime",7,0,0
2024-06-24,"RTWB","RealTime",7,0,0
2024-07-01,"RTWB","RealTime",7,0,0
2024-07-08,"RTWB","RealTime",7,0,0
2024-07-15,"RTWB","RealTime",1,0,0
2024-10-21,"RTWB","RealTime",1,0,0
2024-10-28,"RTWB","RealTime",7,0,0
2024-11-04,"RTWB","RealTime",7,0,0
2024-11-11,"RTWB","RealTime",7,0,0
2024-11-18,"RTWB","RealTime",7,1,14.2857142857143
2024-11-25,"RTWB","RealTime",7,1,14.2857142857143
2024-12-02,"RTWB","RealTime",7,3,42.8571428571429
2024-12-09,"RTWB","RealTime",7,3,42.8571428571429
2024-12-16,"RTWB","RealTime",7,4,57.1428571428571
2024-12-23,"RTWB","RealTime",7,2,28.5714285714286
2024-12-30,"RTWB","RealTime",2,0,0
