"biweek_start","site","device_type","days_monitored","days_present","percent_occurrence"
2014-11-03,"A2M","Archival",14,1,7.14285714285714
2014-11-03,"A7M","Archival",14,0,0
2014-11-03,"T2M","Archival",14,0,0
2014-11-17,"A2M","Archival",14,3,21.4285714285714
2014-11-17,"A7M","Archival",14,5,35.7142857142857
2014-11-17,"T2M","Archival",14,3,21.4285714285714
2014-12-01,"A2M","Archival",14,8,57.1428571428571
2014-12-01,"A7M","Archival",14,8,57.1428571428571
2014-12-01,"T2M","Archival",14,3,21.4285714285714
2014-12-15,"A2M","Archival",14,5,35.7142857142857
2014-12-15,"A7M","Archival",14,7,50
2014-12-15,"T2M","Archival",14,6,42.8571428571429
2014-12-29,"A2M","Archival",14,2,14.2857142857143
2014-12-29,"A7M","Archival",14,6,42.8571428571429
2014-12-29,"T2M","Archival",14,3,21.4285714285714
2015-01-12,"A2M","Archival",14,8,57.1428571428571
2015-01-12,"A7M","Archival",14,13,92.8571428571429
2015-01-12,"T2M","Archival",14,12,85.7142857142857
2015-01-26,"A2M","Archival",14,7,50
2015-01-26,"A7M","Archival",14,6,42.8571428571429
2015-01-26,"T2M","Archival",14,6,42.8571428571429
2015-02-09,"A2M","Archival",14,4,28.5714285714286
2015-02-09,"A7M","Archival",14,7,50
2015-02-09,"T2M","Archival",14,6,42.8571428571429
2015-02-23,"A2M","Archival",14,5,35.7142857142857
2015-02-23,"A7M","Archival",14,6,42.8571428571429
2015-02-23,"T2M","Archival",14,5,35.7142857142857
2015-03-09,"A2M","Archival",14,5,35.7142857142857
2015-03-09,"A7M","Archival",14,6,42.8571428571429
2015-03-09,"T2M","Archival",14,8,57.1428571428571
2015-03-23,"A2M","Archival",14,1,7.14285714285714
2015-03-23,"A7M","Archival",14,0,0
2015-03-23,"T2M","Archival",14,1,7.14285714285714
2015-04-06,"A2M","Archival",14,0,0
2015-04-06,"A7M","Archival",14,0,0
2015-04-06,"T2M","Archival",14,0,0
2015-04-20,"A2M","Archival",14,0,0
2015-04-20,"A7M","Archival",14,1,7.14285714285714
2015-04-20,"T2M","Archival",14,3,21.4285714285714
2015-05-04,"A2M","Archival",14,0,0
2015-05-04,"A7M","Archival",14,0,0
2015-05-04,"T2M","Archival",14,0,0
2015-05-18,"A2M","Archival",14,0,0
2015-05-18,"A7M","Archival",14,1,7.14285714285714
2015-05-18,"T2M","Archival",14,1,7.14285714285714
2015-06-01,"A2M","Archival",14,0,0
2015-06-01,"A7M","Archival",14,0,0
2015-06-01,"T2M","Archival",14,0,0
2015-06-15,"A2M","Archival",14,2,14.2857142857143
2015-06-15,"A7M","Archival",14,2,14.2857142857143
2015-06-15,"T2M","Archival",14,2,14.2857142857143
2015-06-29,"A2M","Archival",14,0,0
2015-06-29,"A7M","Archival",14,0,0
2015-06-29,"T2M","Archival",14,0,0
2015-07-13,"A2M","Archival",14,0,0
2015-07-13,"A7M","Archival",14,1,7.14285714285714
2015-07-13,"T2M","Archival",14,1,7.14285714285714
2015-07-27,"A2M","Archival",14,1,7.14285714285714
2015-07-27,"A7M","Archival",14,0,0
2015-07-27,"T2M","Archival",14,0,0
2015-08-10,"A2M","Archival",14,0,0
2015-08-10,"A7M","Archival",14,0,0
2015-08-10,"T2M","Archival",14,0,0
2015-08-24,"A7M","Archival",14,0,0
2015-08-24,"T2M","Archival",14,1,7.14285714285714
2015-09-07,"A2M","Archival",2,0,0
2015-09-07,"A7M","Archival",14,0,0
2015-09-07,"T2M","Archival",14,0,0
2015-09-21,"A2M","Archival",14,0,0
2015-09-21,"A7M","Archival",14,0,0
2015-09-21,"T2M","Archival",14,0,0
2015-10-05,"A2M","Archival",14,0,0
2015-10-05,"A7M","Archival",14,0,0
2015-10-05,"T2M","Archival",14,0,0
2015-10-19,"A2M","Archival",14,1,7.14285714285714
2015-10-19,"A7M","Archival",14,0,0
2015-10-19,"T2M","Archival",14,0,0
2015-11-02,"A2M","Archival",14,0,0
2015-11-02,"A7M","Archival",14,2,14.2857142857143
2015-11-02,"T2M","Archival",14,0,0
2015-11-16,"A2M","Archival",14,5,35.7142857142857
2015-11-16,"A7M","Archival",14,3,21.4285714285714
2015-11-16,"T2M","Archival",14,1,7.14285714285714
2015-11-30,"A2M","Archival",14,11,78.5714285714286
2015-11-30,"A7M","Archival",14,8,57.1428571428571
2015-11-30,"T2M","Archival",14,6,42.8571428571429
2015-12-14,"A2M","Archival",14,1,7.14285714285714
2015-12-14,"A7M","Archival",14,0,0
2015-12-14,"T2M","Archival",14,0,0
2015-12-28,"A2M","Archival",14,8,57.1428571428571
2015-12-28,"A7M","Archival",14,7,50
2015-12-28,"T2M","Archival",14,5,35.7142857142857
2016-01-11,"A2M","Archival",14,5,35.7142857142857
2016-01-11,"A7M","Archival",14,5,35.7142857142857
2016-01-11,"T2M","Archival",14,6,42.8571428571429
2016-01-25,"A2M","Archival",14,14,100
2016-01-25,"A7M","Archival",14,14,100
2016-01-25,"T2M","Archival",14,14,100
2016-02-08,"A2M","Archival",14,7,50
2016-02-08,"A7M","Archival",14,7,50
2016-02-08,"T2M","Archival",14,6,42.8571428571429
2016-02-22,"A2M","Archival",13,7,53.8461538461538
2016-02-22,"A7M","Archival",13,8,61.5384615384615
2016-02-22,"T2M","Archival",13,5,38.4615384615385
2016-03-07,"A2M","Archival",14,11,78.5714285714286
2016-03-07,"A7M","Archival",14,11,78.5714285714286
2016-03-07,"T2M","Archival",14,12,85.7142857142857
2016-03-21,"A2M","Archival",14,6,42.8571428571429
2016-03-21,"A7M","Archival",14,9,64.2857142857143
2016-03-21,"T2M","Archival",14,9,64.2857142857143
2016-04-04,"A2M","Archival",14,0,0
2016-04-04,"A7M","Archival",14,1,7.14285714285714
2016-04-04,"T2M","Archival",14,2,14.2857142857143
2016-04-18,"A2M","Archival",14,0,0
2016-04-18,"A7M","Archival",14,0,0
2016-04-18,"T2M","Archival",14,0,0
2016-05-02,"A2M","Archival",14,0,0
2016-05-02,"A7M","Archival",14,0,0
2016-05-02,"T2M","Archival",14,0,0
2016-05-16,"A2M","Archival",14,0,0
2016-05-16,"A7M","Archival",14,0,0
2016-05-16,"T2M","Archival",14,0,0
2016-05-30,"A2M","Archival",14,0,0
2016-05-30,"A7M","Archival",14,0,0
2016-05-30,"T2M","Archival",14,0,0
2016-06-13,"A2M","Archival",14,0,0
2016-06-13,"A7M","Archival",14,0,0
2016-06-13,"T2M","Archival",14,0,0
2016-06-27,"A2M","Archival",14,0,0
2016-06-27,"A7M","Archival",14,0,0
2016-06-27,"T2M","Archival",14,0,0
2016-07-11,"A2M","Archival",7,0,0
2016-07-11,"A7M","Archival",7,0,0
2016-07-11,"T2M","Archival",7,0,0
2016-07-25,"A2M","Archival",14,0,0
2016-07-25,"A7M","Archival",14,0,0
2016-07-25,"T2M","Archival",14,0,0
2016-08-08,"A2M","Archival",14,0,0
2016-08-08,"A7M","Archival",14,0,0
2016-08-08,"T2M","Archival",14,0,0
2016-08-22,"A2M","Archival",14,0,0
2016-08-22,"A7M","Archival",14,0,0
2016-08-22,"T2M","Archival",14,0,0
2016-09-05,"A2M","Archival",14,0,0
2016-09-05,"A7M","Archival",14,0,0
2016-09-05,"T2M","Archival",14,0,0
2016-09-19,"A2M","Archival",14,0,0
2016-09-19,"A7M","Archival",14,0,0
2016-09-19,"T2M","Archival",14,1,7.14285714285714
2016-10-03,"A2M","Archival",14,0,0
2016-10-03,"A7M","Archival",14,0,0
2016-10-03,"T2M","Archival",14,0,0
2016-10-17,"A2M","Archival",14,0,0
2016-10-17,"A7M","Archival",14,1,7.14285714285714
2016-10-17,"T2M","Archival",14,1,7.14285714285714
2016-10-31,"A2M","Archival",14,0,0
2016-10-31,"A7M","Archival",14,1,7.14285714285714
2016-10-31,"T2M","Archival",14,1,7.14285714285714
2016-11-14,"A2M","Archival",14,2,14.2857142857143
2016-11-14,"A7M","Archival",14,1,7.14285714285714
2016-11-14,"T2M","Archival",14,0,0
2016-11-28,"A2M","Archival",13,4,30.7692307692308
2016-11-28,"A7M","Archival",14,1,7.14285714285714
2016-11-28,"T2M","Archival",14,0,0
2016-12-12,"A2M","Archival",14,5,35.7142857142857
2016-12-12,"A7M","Archival",14,4,28.5714285714286
2016-12-12,"T2M","Archival",14,0,0
2016-12-26,"A2M","Archival",14,9,64.2857142857143
2016-12-26,"A7M","Archival",14,11,78.5714285714286
2016-12-26,"T2M","Archival",4,0,0
2017-01-09,"A2M","Archival",14,4,28.5714285714286
2017-01-09,"A7M","Archival",14,4,28.5714285714286
2017-01-09,"T2M","Archival",14,8,57.1428571428571
2017-01-23,"A2M","Archival",14,1,7.14285714285714
2017-01-23,"A7M","Archival",14,3,21.4285714285714
2017-01-23,"T2M","Archival",14,2,14.2857142857143
2017-02-06,"A2M","Archival",14,0,0
2017-02-06,"A7M","Archival",14,0,0
2017-02-06,"T2M","Archival",14,1,7.14285714285714
2017-02-20,"A2M","Archival",14,0,0
2017-02-20,"A7M","Archival",14,1,7.14285714285714
2017-02-20,"T2M","Archival",14,2,14.2857142857143
2017-03-06,"A2M","Archival",14,2,14.2857142857143
2017-03-06,"A7M","Archival",14,2,14.2857142857143
2017-03-06,"T2M","Archival",14,1,7.14285714285714
2017-03-20,"A2M","Archival",14,2,14.2857142857143
2017-03-20,"A7M","Archival",14,3,21.4285714285714
2017-03-20,"T2M","Archival",14,2,14.2857142857143
2017-04-03,"A2M","Archival",14,0,0
2017-04-03,"A7M","Archival",14,1,7.14285714285714
2017-04-03,"T2M","Archival",14,0,0
2017-04-17,"A2M","Archival",14,0,0
2017-04-17,"A7M","Archival",14,0,0
2017-04-17,"T2M","Archival",14,0,0
2017-05-01,"A2M","Archival",14,0,0
2017-05-01,"A7M","Archival",14,0,0
2017-05-01,"T2M","Archival",14,0,0
2017-05-15,"A2M","Archival",14,0,0
2017-05-15,"A7M","Archival",14,0,0
2017-05-15,"T2M","Archival",14,0,0
2017-05-29,"A2M","Archival",14,0,0
2017-05-29,"A7M","Archival",14,1,7.14285714285714
2017-05-29,"T2M","Archival",14,1,7.14285714285714
2017-06-12,"A2M","Archival",17,1,5.88235294117647
2017-06-12,"A7M","Archival",17,2,11.7647058823529
2017-06-12,"T2M","Archival",16,1,6.25
2017-06-26,"A2M","Archival",14,0,0
2017-06-26,"A7M","Archival",14,0,0
2017-06-26,"T2M","Archival",14,0,0
2017-07-10,"A2M","Archival",14,0,0
2017-07-10,"A7M","Archival",14,0,0
2017-07-10,"T2M","Archival",14,0,0
2017-07-24,"A2M","Archival",14,0,0
2017-07-24,"A7M","Archival",14,0,0
2017-07-24,"T2M","Archival",14,0,0
2017-08-07,"A2M","Archival",14,0,0
2017-08-07,"A7M","Archival",14,0,0
2017-08-07,"T2M","Archival",14,0,0
2017-08-21,"A2M","Archival",14,0,0
2017-08-21,"A7M","Archival",14,0,0
2017-08-21,"T2M","Archival",14,0,0
2017-09-04,"A2M","Archival",14,0,0
2017-09-04,"A7M","Archival",14,0,0
2017-09-04,"T2M","Archival",14,0,0
2017-09-18,"A2M","Archival",14,0,0
2017-09-18,"A7M","Archival",14,0,0
2017-09-18,"T2M","Archival",14,0,0
2017-10-02,"A2M","Archival",14,0,0
2017-10-02,"A7M","Archival",14,0,0
2017-10-02,"T2M","Archival",14,0,0
2017-10-16,"A2M","Archival",14,0,0
2017-10-16,"A7M","Archival",14,0,0
2017-10-16,"T2M","Archival",14,0,0
2017-10-30,"A2M","Archival",14,0,0
2017-10-30,"A7M","Archival",14,0,0
2017-10-30,"T2M","Archival",14,0,0
2017-11-13,"A2M","Archival",11,0,0
2017-11-13,"A7M","Archival",12,1,8.33333333333333
2017-11-13,"T2M","Archival",11,0,0
2021-05-24,"RTWB","RealTime",10,0,0
2021-06-07,"RTWB","RealTime",14,1,7.14285714285714
2021-06-21,"RTWB","RealTime",13,0,0
2021-07-05,"RTWB","RealTime",14,0,0
2021-07-19,"RTWB","RealTime",14,0,0
2021-08-02,"RTWB","RealTime",14,0,0
2021-08-16,"RTWB","RealTime",14,0,0
2021-08-30,"RTWB","RealTime",14,0,0
2021-09-13,"RTWB","RealTime",14,0,0
2021-09-27,"RTWB","RealTime",14,1,7.14285714285714
2021-10-11,"RTWB","RealTime",14,0,0
2021-10-25,"RTWB","RealTime",14,0,0
2021-11-08,"RTWB","RealTime",14,1,7.14285714285714
2021-11-22,"RTWB","RealTime",14,1,7.14285714285714
2021-12-06,"RTWB","RealTime",14,4,28.5714285714286
2021-12-20,"RTWB","RealTime",14,10,71.4285714285714
2022-01-03,"RTWB","RealTime",14,8,57.1428571428571
2022-01-17,"RTWB","RealTime",14,0,0
2022-01-31,"RTWB","RealTime",13,1,7.69230769230769
2022-02-14,"RTWB","RealTime",14,2,14.2857142857143
2022-02-28,"RTWB","RealTime",14,1,7.14285714285714
2022-03-14,"RTWB","RealTime",13,4,30.7692307692308
2022-03-28,"RTWB","RealTime",14,0,0
2022-04-11,"RTWB","RealTime",14,0,0
2022-04-25,"RTWB","RealTime",14,0,0
2022-05-09,"RTWB","RealTime",14,0,0
2022-05-23,"RTWB","RealTime",14,0,0
2022-06-06,"RTWB","RealTime",14,0,0
2022-06-20,"RTWB","RealTime",14,0,0
2022-07-04,"RTWB","RealTime",14,0,0
2022-07-18,"RTWB","RealTime",18,0,0
2022-08-01,"RTWB","RealTime",14,2,14.2857142857143
2022-08-15,"RTWB","RealTime",14,0,0
2022-08-29,"RTWB","RealTime",14,0,0
2022-09-12,"RTWB","RealTime",14,0,0
2022-09-26,"RTWB","RealTime",14,0,0
2022-10-10,"RTWB","RealTime",14,0,0
2022-10-24,"RTWB","RealTime",14,0,0
2022-11-07,"RTWB","RealTime",14,1,7.14285714285714
2022-11-21,"RTWB","RealTime",14,1,7.14285714285714
2022-12-05,"RTWB","RealTime",14,3,21.4285714285714
2022-12-19,"RTWB","RealTime",14,6,42.8571428571429
2023-01-02,"RTWB","RealTime",14,3,21.4285714285714
2023-01-16,"RTWB","RealTime",14,10,71.4285714285714
2023-01-30,"RTWB","RealTime",14,8,57.1428571428571
2023-02-13,"RTWB","RealTime",14,10,71.4285714285714
2023-02-27,"RTWB","RealTime",14,13,92.8571428571429
2023-03-13,"RTWB","RealTime",14,1,7.14285714285714
2023-03-27,"RTWB","RealTime",14,1,7.14285714285714
2023-04-10,"A2M","Archival",4,0,0
2023-04-10,"A7M","Archival",4,0,0
2023-04-10,"RTWB","RealTime",14,0,0
2023-04-10,"T2M","Archival",4,0,0
2023-04-24,"A2M","Archival",14,0,0
2023-04-24,"A7M","Archival",14,0,0
2023-04-24,"RTWB","RealTime",14,0,0
2023-04-24,"T2M","Archival",14,0,0
2023-05-08,"A2M","Archival",14,0,0
2023-05-08,"A7M","Archival",14,0,0
2023-05-08,"RTWB","RealTime",14,0,0
2023-05-08,"T2M","Archival",14,0,0
2023-05-22,"A2M","Archival",14,0,0
2023-05-22,"A7M","Archival",14,0,0
2023-05-22,"RTWB","RealTime",14,0,0
2023-05-22,"T2M","Archival",14,0,0
2023-06-05,"A2M","Archival",14,0,0
2023-06-05,"A7M","Archival",14,0,0
2023-06-05,"RTWB","RealTime",14,0,0
2023-06-05,"T2M","Archival",14,0,0
2023-06-19,"A2M","Archival",14,0,0
2023-06-19,"A7M","Archival",14,0,0
2023-06-19,"RTWB","RealTime",14,0,0
2023-06-19,"T2M","Archival",14,0,0
2023-07-03,"A2M","Archival",14,0,0
2023-07-03,"A7M","Archival",14,0,0
2023-07-03,"RTWB","RealTime",14,0,0
2023-07-03,"T2M","Archival",14,0,0
2023-07-17,"A2M","Archival",14,0,0
2023-07-17,"A7M","Archival",14,0,0
2023-07-17,"RTWB","RealTime",14,0,0
2023-07-17,"T2M","Archival",14,0,0
2023-07-31,"A2M","Archival",14,0,0
2023-07-31,"A7M","Archival",14,0,0
2023-07-31,"RTWB","RealTime",14,0,0
2023-07-31,"T2M","Archival",14,0,0
2023-08-14,"A2M","Archival",14,0,0
2023-08-14,"A7M","Archival",14,0,0
2023-08-14,"RTWB","RealTime",14,0,0
2023-08-14,"T2M","Archival",14,0,0
2023-08-28,"A2M","Archival",14,0,0
2023-08-28,"A7M","Archival",14,0,0
2023-08-28,"RTWB","RealTime",14,0,0
2023-08-28,"T2M","Archival",14,0,0
2023-09-11,"A2M","Archival",14,0,0
2023-09-11,"A7M","Archival",14,0,0
2023-09-11,"RTWB","RealTime",14,0,0
2023-09-11,"T2M","Archival",14,0,0
2023-09-25,"A2M","Archival",14,0,0
2023-09-25,"A7M","Archival",14,0,0
2023-09-25,"RTWB","RealTime",14,0,0
2023-09-25,"T2M","Archival",14,0,0
2023-10-09,"A2M","Archival",14,0,0
2023-10-09,"A7M","Archival",14,0,0
2023-10-09,"RTWB","RealTime",14,0,0
2023-10-09,"T2M","Archival",14,0,0
2023-10-23,"A2M","Archival",14,0,0
2023-10-23,"A7M","Archival",14,0,0
2023-10-23,"RTWB","RealTime",14,0,0
2023-10-23,"T2M","Archival",14,0,0
2023-11-06,"A2M","Archival",14,2,14.2857142857143
2023-11-06,"A7M","Archival",14,1,7.14285714285714
2023-11-06,"RTWB","RealTime",14,0,0
2023-11-06,"T2M","Archival",14,0,0
2023-11-20,"A2M","Archival",14,4,28.5714285714286
2023-11-20,"A7M","Archival",14,3,21.4285714285714
2023-11-20,"RTWB","RealTime",14,2,14.2857142857143
2023-11-20,"T2M","Archival",14,2,14.2857142857143
2023-12-04,"A2M","Archival",14,4,28.5714285714286
2023-12-04,"A7M","Archival",14,4,28.5714285714286
2023-12-04,"RTWB","RealTime",14,2,14.2857142857143
2023-12-04,"T2M","Archival",14,2,14.2857142857143
2023-12-18,"A2M","Archival",14,8,57.1428571428571
2023-12-18,"A7M","Archival",14,8,57.1428571428571
2023-12-18,"RTWB","RealTime",14,8,57.1428571428571
2023-12-18,"T2M","Archival",14,7,50
2024-01-01,"A2M","Archival",14,7,50
2024-01-01,"A7M","Archival",14,14,100
2024-01-01,"RTWB","RealTime",14,9,64.2857142857143
2024-01-01,"T2M","Archival",14,11,78.5714285714286
2024-01-15,"A2M","Archival",14,7,50
2024-01-15,"A7M","Archival",14,12,85.7142857142857
2024-01-15,"RTWB","RealTime",14,10,71.4285714285714
2024-01-15,"T2M","Archival",14,10,71.4285714285714
2024-01-29,"A2M","Archival",14,7,50
2024-01-29,"A7M","Archival",14,6,42.8571428571429
2024-01-29,"RTWB","RealTime",14,5,35.7142857142857
2024-01-29,"T2M","Archival",14,5,35.7142857142857
2024-02-12,"A2M","Archival",14,7,50
2024-02-12,"A7M","Archival",14,4,28.5714285714286
2024-02-12,"RTWB","RealTime",14,4,28.5714285714286
2024-02-12,"T2M","Archival",14,4,28.5714285714286
2024-02-26,"A2M","Archival",14,0,0
2024-02-26,"A7M","Archival",14,5,35.7142857142857
2024-02-26,"RTWB","RealTime",14,4,28.5714285714286
2024-02-26,"T2M","Archival",14,3,21.4285714285714
2024-03-11,"A2M","Archival",14,4,28.5714285714286
2024-03-11,"A7M","Archival",14,9,64.2857142857143
2024-03-11,"RTWB","RealTime",14,7,50
2024-03-11,"T2M","Archival",14,9,64.2857142857143
2024-03-25,"A2M","Archival",14,0,0
2024-03-25,"A7M","Archival",14,1,7.14285714285714
2024-03-25,"RTWB","RealTime",14,2,14.2857142857143
2024-03-25,"T2M","Archival",14,2,14.2857142857143
2024-04-08,"A2M","Archival",10,0,0
2024-04-08,"A7M","Archival",10,2,20
2024-04-08,"RTWB","RealTime",14,2,14.2857142857143
2024-04-08,"T2M","Archival",10,4,40
2024-04-22,"RTWB","RealTime",14,5,35.7142857142857
2024-05-06,"RTWB","RealTime",14,3,21.4285714285714
2024-05-20,"RTWB","RealTime",14,1,7.14285714285714
2024-06-03,"RTWB","RealTime",14,0,0
2024-06-17,"RTWB","RealTime",14,0,0
2024-07-01,"RTWB","RealTime",14,0,0
2024-07-15,"RTWB","RealTime",1,0,0
2024-10-21,"RTWB","RealTime",8,0,0
2024-11-04,"RTWB","RealTime",14,0,0
2024-11-18,"RTWB","RealTime",14,2,14.2857142857143
2024-12-02,"RTWB","RealTime",14,6,42.8571428571429
2024-12-16,"RTWB","RealTime",14,6,42.8571428571429
2024-12-30,"RTWB","RealTime",2,0,0
