"year","month","site","device_type","days_monitored","days_present","percent_occurrence"
2014,"Nov","A2M","Archival",28,4,14.2857142857143
2014,"Nov","A7M","Archival",28,5,17.8571428571429
2014,"Nov","T2M","Archival",28,3,10.7142857142857
2014,"Dec","A2M","Archival",31,15,48.3870967741936
2014,"Dec","A7M","Archival",31,17,54.8387096774194
2014,"Dec","T2M","Archival",31,9,29.0322580645161
2015,"Jan","A2M","Archival",31,10,32.258064516129
2015,"Jan","A7M","Archival",31,19,61.2903225806452
2015,"Jan","T2M","Archival",31,18,58.0645161290323
2015,"Feb","A2M","Archival",28,10,35.7142857142857
2015,"Feb","A7M","Archival",28,13,46.4285714285714
2015,"Feb","T2M","Archival",28,11,39.2857142857143
2015,"Mar","A2M","Archival",31,10,32.258064516129
2015,"Mar","A7M","Archival",31,10,32.258064516129
2015,"Mar","T2M","Archival",31,12,38.7096774193548
2015,"Apr","A2M","Archival",30,0,0
2015,"Apr","A7M","Archival",30,1,3.33333333333333
2015,"Apr","T2M","Archival",30,3,10
2015,"May","A2M","Archival",31,0,0
2015,"May","A7M","Archival",31,1,3.2258064516129
2015,"May","T2M","Archival",31,1,3.2258064516129
2015,"Jun","A2M","Archival",30,2,6.66666666666667
2015,"Jun","A7M","Archival",30,2,6.66666666666667
2015,"Jun","T2M","Archival",30,2,6.66666666666667
2015,"Jul","A2M","Archival",31,1,3.2258064516129
2015,"Jul","A7M","Archival",31,1,3.2258064516129
2015,"Jul","T2M","Archival",31,1,3.2258064516129
2015,"Aug","A2M","Archival",23,0,0
2015,"Aug","A7M","Archival",31,0,0
2015,"Aug","T2M","Archival",31,1,3.2258064516129
2015,"Sep","A2M","Archival",12,0,0
2015,"Sep","A7M","Archival",30,0,0
2015,"Sep","T2M","Archival",30,0,0
2015,"Oct","A2M","Archival",31,1,3.2258064516129
2015,"Oct","A7M","Archival",31,0,0
2015,"Oct","T2M","Archival",31,0,0
2015,"Nov","A2M","Archival",30,6,20
2015,"Nov","A7M","Archival",30,6,20
2015,"Nov","T2M","Archival",30,2,6.66666666666667
2015,"Dec","A2M","Archival",31,15,48.3870967741936
2015,"Dec","A7M","Archival",31,9,29.0322580645161
2015,"Dec","T2M","Archival",31,7,22.5806451612903
2016,"Jan","A2M","Archival",31,16,51.6129032258064
2016,"Jan","A7M","Archival",31,17,54.8387096774194
2016,"Jan","T2M","Archival",31,16,51.6129032258064
2016,"Feb","A2M","Archival",28,17,60.7142857142857
2016,"Feb","A7M","Archival",28,18,64.2857142857143
2016,"Feb","T2M","Archival",28,14,50
2016,"Mar","A2M","Archival",31,20,64.5161290322581
2016,"Mar","A7M","Archival",31,24,77.4193548387097
2016,"Mar","T2M","Archival",31,24,77.4193548387097
2016,"Apr","A2M","Archival",30,1,3.33333333333333
2016,"Apr","A7M","Archival",30,1,3.33333333333333
2016,"Apr","T2M","Archival",30,3,10
2016,"May","A2M","Archival",31,0,0
2016,"May","A7M","Archival",31,0,0
2016,"May","T2M","Archival",31,0,0
2016,"Jun","A2M","Archival",30,0,0
2016,"Jun","A7M","Archival",30,0,0
2016,"Jun","T2M","Archival",30,0,0
2016,"Jul","A2M","Archival",24,0,0
2016,"Jul","A7M","Archival",24,0,0
2016,"Jul","T2M","Archival",24,0,0
2016,"Aug","A2M","Archival",31,0,0
2016,"Aug","A7M","Archival",31,0,0
2016,"Aug","T2M","Archival",31,0,0
2016,"Sep","A2M","Archival",30,0,0
2016,"Sep","A7M","Archival",30,0,0
2016,"Sep","T2M","Archival",30,1,3.33333333333333
2016,"Oct","A2M","Archival",31,0,0
2016,"Oct","A7M","Archival",31,1,3.2258064516129
2016,"Oct","T2M","Archival",31,1,3.2258064516129
2016,"Nov","A2M","Archival",30,3,10
2016,"Nov","A7M","Archival",30,3,10
2016,"Nov","T2M","Archival",30,1,3.33333333333333
2016,"Dec","A2M","Archival",30,10,33.3333333333333
2016,"Dec","A7M","Archival",31,9,29.0322580645161
2016,"Dec","T2M","Archival",28,0,0
2017,"Jan","A2M","Archival",31,12,38.7096774193548
2017,"Jan","A7M","Archival",31,13,41.9354838709677
2017,"Jan","T2M","Archival",24,10,41.6666666666667
2017,"Feb","A2M","Archival",28,0,0
2017,"Feb","A7M","Archival",28,0,0
2017,"Feb","T2M","Archival",28,1,3.57142857142857
2017,"Mar","A2M","Archival",31,4,12.9032258064516
2017,"Mar","A7M","Archival",31,6,19.3548387096774
2017,"Mar","T2M","Archival",31,5,16.1290322580645
2017,"Apr","A2M","Archival",30,0,0
2017,"Apr","A7M","Archival",30,1,3.33333333333333
2017,"Apr","T2M","Archival",30,0,0
2017,"May","A2M","Archival",31,0,0
2017,"May","A7M","Archival",31,0,0
2017,"May","T2M","Archival",31,0,0
2017,"Jun","A2M","Archival",33,1,3.03030303030303
2017,"Jun","A7M","Archival",33,3,9.09090909090909
2017,"Jun","T2M","Archival",32,2,6.25
2017,"Jul","A2M","Archival",31,0,0
2017,"Jul","A7M","Archival",31,0,0
2017,"Jul","T2M","Archival",31,0,0
2017,"Aug","A2M","Archival",31,0,0
2017,"Aug","A7M","Archival",31,0,0
2017,"Aug","T2M","Archival",31,0,0
2017,"Sep","A2M","Archival",30,0,0
2017,"Sep","A7M","Archival",30,0,0
2017,"Sep","T2M","Archival",30,0,0
2017,"Oct","A2M","Archival",31,0,0
2017,"Oct","A7M","Archival",31,0,0
2017,"Oct","T2M","Archival",31,0,0
2017,"Nov","A2M","Archival",23,0,0
2017,"Nov","A7M","Archival",24,1,4.16666666666667
2017,"Nov","T2M","Archival",23,0,0
2021,"May","RTWB","RealTime",4,0,0
2021,"Jun","RTWB","RealTime",29,1,3.44827586206897
2021,"Jul","RTWB","RealTime",31,0,0
2021,"Aug","RTWB","RealTime",31,0,0
2021,"Sep","RTWB","RealTime",30,1,3.33333333333333
2021,"Oct","RTWB","RealTime",31,0,0
2021,"Nov","RTWB","RealTime",30,1,3.33333333333333
2021,"Dec","RTWB","RealTime",31,13,41.9354838709677
2022,"Jan","RTWB","RealTime",30,10,33.3333333333333
2022,"Feb","RTWB","RealTime",28,3,10.7142857142857
2022,"Mar","RTWB","RealTime",30,5,16.6666666666667
2022,"Apr","RTWB","RealTime",30,0,0
2022,"May","RTWB","RealTime",31,0,0
2022,"Jun","RTWB","RealTime",30,0,0
2022,"Jul","RTWB","RealTime",35,0,0
2022,"Aug","RTWB","RealTime",31,2,6.45161290322581
2022,"Sep","RTWB","RealTime",30,0,0
2022,"Oct","RTWB","RealTime",31,0,0
2022,"Nov","RTWB","RealTime",30,2,6.66666666666667
2022,"Dec","RTWB","RealTime",31,8,25.8064516129032
2023,"Jan","RTWB","RealTime",31,15,48.3870967741936
2023,"Feb","RTWB","RealTime",28,19,67.8571428571429
2023,"Mar","RTWB","RealTime",31,12,38.7096774193548
2023,"Apr","A2M","Archival",11,0,0
2023,"Apr","A7M","Archival",11,0,0
2023,"Apr","RTWB","RealTime",30,1,3.33333333333333
2023,"Apr","T2M","Archival",11,0,0
2023,"May","A2M","Archival",31,0,0
2023,"May","A7M","Archival",31,0,0
2023,"May","RTWB","RealTime",31,0,0
2023,"May","T2M","Archival",31,0,0
2023,"Jun","A2M","Archival",30,0,0
2023,"Jun","A7M","Archival",30,0,0
2023,"Jun","RTWB","RealTime",30,0,0
2023,"Jun","T2M","Archival",30,0,0
2023,"Jul","A2M","Archival",31,0,0
2023,"Jul","A7M","Archival",31,0,0
2023,"Jul","RTWB","RealTime",31,0,0
2023,"Jul","T2M","Archival",31,0,0
2023,"Aug","A2M","Archival",31,0,0
2023,"Aug","A7M","Archival",31,0,0
2023,"Aug","RTWB","RealTime",31,0,0
2023,"Aug","T2M","Archival",31,0,0
2023,"Sep","A2M","Archival",30,0,0
2023,"Sep","A7M","Archival",30,0,0
2023,"Sep","RTWB","RealTime",30,0,0
2023,"Sep","T2M","Archival",30,0,0
2023,"Oct","A2M","Archival",31,0,0
2023,"Oct","A7M","Archival",31,0,0
2023,"Oct","RTWB","RealTime",31,0,0
2023,"Oct","T2M","Archival",31,0,0
2023,"Nov","A2M","Archival",30,3,10
2023,"Nov","A7M","Archival",30,2,6.66666666666667
2023,"Nov","RTWB","RealTime",30,1,3.33333333333333
2023,"Nov","T2M","Archival",30,1,3.33333333333333
2023,"Dec","A2M","Archival",31,15,48.3870967741936
2023,"Dec","A7M","Archival",31,14,45.1612903225806
2023,"Dec","RTWB","RealTime",31,11,35.4838709677419
2023,"Dec","T2M","Archival",31,10,32.258064516129
2024,"Jan","A2M","Archival",31,17,54.8387096774194
2024,"Jan","A7M","Archival",31,29,93.5483870967742
2024,"Jan","RTWB","RealTime",31,21,67.741935483871
2024,"Jan","T2M","Archival",31,23,74.1935483870968
2024,"Feb","A2M","Archival",29,11,37.9310344827586
2024,"Feb","A7M","Archival",29,8,27.5862068965517
2024,"Feb","RTWB","RealTime",29,8,27.5862068965517
2024,"Feb","T2M","Archival",29,7,24.1379310344828
2024,"Mar","A2M","Archival",31,4,12.9032258064516
2024,"Mar","A7M","Archival",31,14,45.1612903225806
2024,"Mar","RTWB","RealTime",31,12,38.7096774193548
2024,"Mar","T2M","Archival",31,13,41.9354838709677
2024,"Apr","A2M","Archival",17,0,0
2024,"Apr","A7M","Archival",17,2,11.7647058823529
2024,"Apr","RTWB","RealTime",30,6,20
2024,"Apr","T2M","Archival",17,5,29.4117647058824
2024,"May","RTWB","RealTime",31,4,12.9032258064516
2024,"Jun","RTWB","RealTime",30,1,3.33333333333333
2024,"Jul","RTWB","RealTime",15,0,0
2024,"Oct","RTWB","RealTime",5,0,0
2024,"Nov","RTWB","RealTime",30,2,6.66666666666667
2024,"Dec","RTWB","RealTime",31,12,38.7096774193548
