"period_start","device_type","site","days_monitored","days_present","percent_occurrence"
2014-11-05,"Archival","A2M",8,0,0
2014-11-05,"Archival","A7M",8,0,0
2014-11-05,"Archival","T2M",8,0,0
2014-11-13,"Archival","A2M",8,1,12.5
2014-11-13,"Archival","A7M",8,0,0
2014-11-13,"Archival","T2M",8,0,0
2014-11-21,"Archival","A2M",8,3,37.5
2014-11-21,"Archival","A7M",8,5,62.5
2014-11-21,"Archival","T2M",8,3,37.5
2014-11-29,"Archival","A2M",8,3,37.5
2014-11-29,"Archival","A7M",8,1,12.5
2014-11-29,"Archival","T2M",8,1,12.5
2014-12-07,"Archival","A2M",8,5,62.5
2014-12-07,"Archival","A7M",8,7,87.5
2014-12-07,"Archival","T2M",8,2,25
2014-12-15,"Archival","A2M",8,0,0
2014-12-15,"Archival","A7M",8,2,25
2014-12-15,"Archival","T2M",8,2,25
2014-12-23,"Archival","A2M",8,7,87.5
2014-12-23,"Archival","A7M",8,7,87.5
2014-12-23,"Archival","T2M",8,4,50
2014-12-31,"Archival","A2M",8,0,0
2014-12-31,"Archival","A7M",8,1,12.5
2014-12-31,"Archival","T2M",8,0,0
2015-01-08,"Archival","A2M",8,1,12.5
2015-01-08,"Archival","A7M",8,6,75
2015-01-08,"Archival","T2M",8,6,75
2015-01-16,"Archival","A2M",8,6,75
2015-01-16,"Archival","A7M",8,8,100
2015-01-16,"Archival","T2M",8,8,100
2015-01-24,"Archival","A2M",8,3,37.5
2015-01-24,"Archival","A7M",8,4,50
2015-01-24,"Archival","T2M",8,4,50
2015-02-01,"Archival","A2M",8,5,62.5
2015-02-01,"Archival","A7M",8,4,50
2015-02-01,"Archival","T2M",8,3,37.5
2015-02-09,"Archival","A2M",8,1,12.5
2015-02-09,"Archival","A7M",8,3,37.5
2015-02-09,"Archival","T2M",8,1,12.5
2015-02-17,"Archival","A2M",8,4,50
2015-02-17,"Archival","A7M",8,4,50
2015-02-17,"Archival","T2M",8,5,62.5
2015-02-25,"Archival","A2M",8,1,12.5
2015-02-25,"Archival","A7M",8,3,37.5
2015-02-25,"Archival","T2M",8,3,37.5
2015-03-05,"Archival","A2M",8,5,62.5
2015-03-05,"Archival","A7M",8,3,37.5
2015-03-05,"Archival","T2M",8,3,37.5
2015-03-13,"Archival","A2M",8,3,37.5
2015-03-13,"Archival","A7M",8,5,62.5
2015-03-13,"Archival","T2M",8,5,62.5
2015-03-21,"Archival","A2M",8,0,0
2015-03-21,"Archival","A7M",8,1,12.5
2015-03-21,"Archival","T2M",8,3,37.5
2015-03-29,"Archival","A2M",8,1,12.5
2015-03-29,"Archival","A7M",8,0,0
2015-03-29,"Archival","T2M",8,0,0
2015-04-06,"Archival","A2M",8,0,0
2015-04-06,"Archival","A7M",8,0,0
2015-04-06,"Archival","T2M",8,0,0
2015-04-14,"Archival","A2M",8,0,0
2015-04-14,"Archival","A7M",8,0,0
2015-04-14,"Archival","T2M",8,0,0
2015-04-22,"Archival","A2M",8,0,0
2015-04-22,"Archival","A7M",8,1,12.5
2015-04-22,"Archival","T2M",8,2,25
2015-04-30,"Archival","A2M",8,0,0
2015-04-30,"Archival","A7M",8,0,0
2015-04-30,"Archival","T2M",8,1,12.5
2015-05-08,"Archival","A2M",8,0,0
2015-05-08,"Archival","A7M",8,0,0
2015-05-08,"Archival","T2M",8,0,0
2015-05-16,"Archival","A2M",8,0,0
2015-05-16,"Archival","A7M",8,0,0
2015-05-16,"Archival","T2M",8,0,0
2015-05-24,"Archival","A2M",8,0,0
2015-05-24,"Archival","A7M",8,1,12.5
2015-05-24,"Archival","T2M",8,1,12.5
2015-06-01,"Archival","A2M",8,0,0
2015-06-01,"Archival","A7M",8,0,0
2015-06-01,"Archival","T2M",8,0,0
2015-06-09,"Archival","A2M",8,0,0
2015-06-09,"Archival","A7M",8,0,0
2015-06-09,"Archival","T2M",8,0,0
2015-06-17,"Archival","A2M",8,2,25
2015-06-17,"Archival","A7M",8,2,25
2015-06-17,"Archival","T2M",8,2,25
2015-06-25,"Archival","A2M",8,0,0
2015-06-25,"Archival","A7M",8,0,0
2015-06-25,"Archival","T2M",8,0,0
2015-07-03,"Archival","A2M",8,0,0
2015-07-03,"Archival","A7M",8,0,0
2015-07-03,"Archival","T2M",8,0,0
2015-07-11,"Archival","A2M",8,0,0
2015-07-11,"Archival","A7M",8,0,0
2015-07-11,"Archival","T2M",8,0,0
2015-07-19,"Archival","A2M",8,0,0
2015-07-19,"Archival","A7M",8,1,12.5
2015-07-19,"Archival","T2M",8,1,12.5
2015-07-27,"Archival","A2M",8,1,12.5
2015-07-27,"Archival","A7M",8,0,0
2015-07-27,"Archival","T2M",8,0,0
2015-08-04,"Archival","A2M",8,0,0
2015-08-04,"Archival","A7M",8,0,0
2015-08-04,"Archival","T2M",8,0,0
2015-08-12,"Archival","A2M",8,0,0
2015-08-12,"Archival","A7M",8,0,0
2015-08-12,"Archival","T2M",8,0,0
2015-08-20,"Archival","A2M",4,0,0
2015-08-20,"Archival","A7M",8,0,0
2015-08-20,"Archival","T2M",8,0,0
2015-08-28,"Archival","A7M",8,0,0
2015-08-28,"Archival","T2M",8,1,12.5
2015-09-05,"Archival","A7M",8,0,0
2015-09-05,"Archival","T2M",8,0,0
2015-09-13,"Archival","A2M",2,0,0
2015-09-13,"Archival","A7M",8,0,0
2015-09-13,"Archival","T2M",8,0,0
2015-09-21,"Archival","A2M",8,0,0
2015-09-21,"Archival","A7M",8,0,0
2015-09-21,"Archival","T2M",8,0,0
2015-09-29,"Archival","A2M",8,0,0
2015-09-29,"Archival","A7M",8,0,0
2015-09-29,"Archival","T2M",8,0,0
2015-10-07,"Archival","A2M",8,0,0
2015-10-07,"Archival","A7M",8,0,0
2015-10-07,"Archival","T2M",8,0,0
2015-10-15,"Archival","A2M",8,0,0
2015-10-15,"Archival","A7M",8,0,0
2015-10-15,"Archival","T2M",8,0,0
2015-10-23,"Archival","A2M",8,0,0
2015-10-23,"Archival","A7M",8,0,0
2015-10-23,"Archival","T2M",8,0,0
2015-10-31,"Archival","A2M",8,1,12.5
2015-10-31,"Archival","A7M",8,0,0
2015-10-31,"Archival","T2M",8,0,0
2015-11-08,"Archival","A2M",8,0,0
2015-11-08,"Archival","A7M",8,2,25
2015-11-08,"Archival","T2M",8,0,0
2015-11-16,"Archival","A2M",8,0,0
2015-11-16,"Archival","A7M",8,0,0
2015-11-16,"Archival","T2M",8,0,0
2015-11-24,"Archival","A2M",8,7,87.5
2015-11-24,"Archival","A7M",8,4,50
2015-11-24,"Archival","T2M",8,2,25
2015-12-02,"Archival","A2M",8,6,75
2015-12-02,"Archival","A7M",8,5,62.5
2015-12-02,"Archival","T2M",8,3,37.5
2015-12-10,"Archival","A2M",8,4,50
2015-12-10,"Archival","A7M",8,2,25
2015-12-10,"Archival","T2M",8,2,25
2015-12-18,"Archival","A2M",8,0,0
2015-12-18,"Archival","A7M",8,0,0
2015-12-18,"Archival","T2M",8,0,0
2015-12-26,"Archival","A2M",8,6,75
2015-12-26,"Archival","A7M",8,3,37.5
2015-12-26,"Archival","T2M",8,3,37.5
2016-01-03,"Archival","A2M",8,2,25
2016-01-03,"Archival","A7M",8,4,50
2016-01-03,"Archival","T2M",8,2,25
2016-01-11,"Archival","A2M",8,5,62.5
2016-01-11,"Archival","A7M",8,4,50
2016-01-11,"Archival","T2M",8,4,50
2016-01-19,"Archival","A2M",8,2,25
2016-01-19,"Archival","A7M",8,3,37.5
2016-01-19,"Archival","T2M",8,4,50
2016-01-27,"Archival","A2M",8,8,100
2016-01-27,"Archival","A7M",8,8,100
2016-01-27,"Archival","T2M",8,8,100
2016-02-04,"Archival","A2M",8,6,75
2016-02-04,"Archival","A7M",8,8,100
2016-02-04,"Archival","T2M",8,8,100
2016-02-12,"Archival","A2M",8,4,50
2016-02-12,"Archival","A7M",8,3,37.5
2016-02-12,"Archival","T2M",8,2,25
2016-02-20,"Archival","A2M",8,3,37.5
2016-02-20,"Archival","A7M",8,3,37.5
2016-02-20,"Archival","T2M",8,1,12.5
2016-02-28,"Archival","A2M",7,5,71.4285714285714
2016-02-28,"Archival","A7M",7,5,71.4285714285714
2016-02-28,"Archival","T2M",7,4,57.1428571428571
2016-03-07,"Archival","A2M",8,6,75
2016-03-07,"Archival","A7M",8,6,75
2016-03-07,"Archival","T2M",8,7,87.5
2016-03-15,"Archival","A2M",8,7,87.5
2016-03-15,"Archival","A7M",8,7,87.5
2016-03-15,"Archival","T2M",8,6,75
2016-03-23,"Archival","A2M",8,3,37.5
2016-03-23,"Archival","A7M",8,7,87.5
2016-03-23,"Archival","T2M",8,7,87.5
2016-03-31,"Archival","A2M",8,1,12.5
2016-03-31,"Archival","A7M",8,1,12.5
2016-03-31,"Archival","T2M",8,1,12.5
2016-04-08,"Archival","A2M",8,0,0
2016-04-08,"Archival","A7M",8,0,0
2016-04-08,"Archival","T2M",8,2,25
2016-04-16,"Archival","A2M",8,0,0
2016-04-16,"Archival","A7M",8,0,0
2016-04-16,"Archival","T2M",8,0,0
2016-04-24,"Archival","A2M",8,0,0
2016-04-24,"Archival","A7M",8,0,0
2016-04-24,"Archival","T2M",8,0,0
2016-05-02,"Archival","A2M",8,0,0
2016-05-02,"Archival","A7M",8,0,0
2016-05-02,"Archival","T2M",8,0,0
2016-05-10,"Archival","A2M",8,0,0
2016-05-10,"Archival","A7M",8,0,0
2016-05-10,"Archival","T2M",8,0,0
2016-05-18,"Archival","A2M",8,0,0
2016-05-18,"Archival","A7M",8,0,0
2016-05-18,"Archival","T2M",8,0,0
2016-05-26,"Archival","A2M",8,0,0
2016-05-26,"Archival","A7M",8,0,0
2016-05-26,"Archival","T2M",8,0,0
2016-06-03,"Archival","A2M",8,0,0
2016-06-03,"Archival","A7M",8,0,0
2016-06-03,"Archival","T2M",8,0,0
2016-06-11,"Archival","A2M",8,0,0
2016-06-11,"Archival","A7M",8,0,0
2016-06-11,"Archival","T2M",8,0,0
2016-06-19,"Archival","A2M",8,0,0
2016-06-19,"Archival","A7M",8,0,0
2016-06-19,"Archival","T2M",8,0,0
2016-06-27,"Archival","A2M",8,0,0
2016-06-27,"Archival","A7M",8,0,0
2016-06-27,"Archival","T2M",8,0,0
2016-07-05,"Archival","A2M",8,0,0
2016-07-05,"Archival","A7M",8,0,0
2016-07-05,"Archival","T2M",8,0,0
2016-07-13,"Archival","A2M",5,0,0
2016-07-13,"Archival","A7M",5,0,0
2016-07-13,"Archival","T2M",5,0,0
2016-07-21,"Archival","A2M",4,0,0
2016-07-21,"Archival","A7M",4,0,0
2016-07-21,"Archival","T2M",4,0,0
2016-07-29,"Archival","A2M",8,0,0
2016-07-29,"Archival","A7M",8,0,0
2016-07-29,"Archival","T2M",8,0,0
2016-08-06,"Archival","A2M",8,0,0
2016-08-06,"Archival","A7M",8,0,0
2016-08-06,"Archival","T2M",8,0,0
2016-08-14,"Archival","A2M",8,0,0
2016-08-14,"Archival","A7M",8,0,0
2016-08-14,"Archival","T2M",8,0,0
2016-08-22,"Archival","A2M",8,0,0
2016-08-22,"Archival","A7M",8,0,0
2016-08-22,"Archival","T2M",8,0,0
2016-08-30,"Archival","A2M",8,0,0
2016-08-30,"Archival","A7M",8,0,0
2016-08-30,"Archival","T2M",8,0,0
2016-09-07,"Archival","A2M",8,0,0
2016-09-07,"Archival","A7M",8,0,0
2016-09-07,"Archival","T2M",8,0,0
2016-09-15,"Archival","A2M",8,0,0
2016-09-15,"Archival","A7M",8,0,0
2016-09-15,"Archival","T2M",8,0,0
2016-09-23,"Archival","A2M",8,0,0
2016-09-23,"Archival","A7M",8,0,0
2016-09-23,"Archival","T2M",8,1,12.5
2016-10-01,"Archival","A2M",8,0,0
2016-10-01,"Archival","A7M",8,0,0
2016-10-01,"Archival","T2M",8,0,0
2016-10-09,"Archival","A2M",8,0,0
2016-10-09,"Archival","A7M",8,0,0
2016-10-09,"Archival","T2M",8,0,0
2016-10-17,"Archival","A2M",8,0,0
2016-10-17,"Archival","A7M",8,1,12.5
2016-10-17,"Archival","T2M",8,1,12.5
2016-10-25,"Archival","A2M",8,0,0
2016-10-25,"Archival","A7M",8,0,0
2016-10-25,"Archival","T2M",8,0,0
2016-11-02,"Archival","A2M",8,0,0
2016-11-02,"Archival","A7M",8,0,0
2016-11-02,"Archival","T2M",8,0,0
2016-11-10,"Archival","A2M",8,0,0
2016-11-10,"Archival","A7M",8,1,12.5
2016-11-10,"Archival","T2M",8,1,12.5
2016-11-18,"Archival","A2M",8,2,25
2016-11-18,"Archival","A7M",8,1,12.5
2016-11-18,"Archival","T2M",8,0,0
2016-11-26,"Archival","A2M",7,3,42.8571428571429
2016-11-26,"Archival","A7M",8,1,12.5
2016-11-26,"Archival","T2M",8,0,0
2016-12-04,"Archival","A2M",8,1,12.5
2016-12-04,"Archival","A7M",8,0,0
2016-12-04,"Archival","T2M",8,0,0
2016-12-12,"Archival","A2M",8,2,25
2016-12-12,"Archival","A7M",8,2,25
2016-12-12,"Archival","T2M",8,0,0
2016-12-20,"Archival","A2M",8,3,37.5
2016-12-20,"Archival","A7M",8,3,37.5
2016-12-20,"Archival","T2M",8,0,0
2016-12-28,"Archival","A2M",8,6,75
2016-12-28,"Archival","A7M",8,8,100
2016-12-28,"Archival","T2M",1,0,0
2017-01-05,"Archival","A2M",8,3,37.5
2017-01-05,"Archival","A7M",8,3,37.5
2017-01-05,"Archival","T2M",5,2,40
2017-01-13,"Archival","A2M",8,4,50
2017-01-13,"Archival","A7M",8,3,37.5
2017-01-13,"Archival","T2M",8,5,62.5
2017-01-21,"Archival","A2M",8,0,0
2017-01-21,"Archival","A7M",8,2,25
2017-01-21,"Archival","T2M",8,2,25
2017-01-29,"Archival","A2M",8,1,12.5
2017-01-29,"Archival","A7M",8,1,12.5
2017-01-29,"Archival","T2M",8,1,12.5
2017-02-06,"Archival","A2M",8,0,0
2017-02-06,"Archival","A7M",8,0,0
2017-02-06,"Archival","T2M",8,1,12.5
2017-02-14,"Archival","A2M",8,0,0
2017-02-14,"Archival","A7M",8,0,0
2017-02-14,"Archival","T2M",8,0,0
2017-02-22,"Archival","A2M",8,0,0
2017-02-22,"Archival","A7M",8,0,0
2017-02-22,"Archival","T2M",8,0,0
2017-03-02,"Archival","A2M",8,1,12.5
2017-03-02,"Archival","A7M",8,1,12.5
2017-03-02,"Archival","T2M",8,2,25
2017-03-10,"Archival","A2M",8,1,12.5
2017-03-10,"Archival","A7M",8,2,25
2017-03-10,"Archival","T2M",8,1,12.5
2017-03-18,"Archival","A2M",8,1,12.5
2017-03-18,"Archival","A7M",8,3,37.5
2017-03-18,"Archival","T2M",8,2,25
2017-03-26,"Archival","A2M",8,1,12.5
2017-03-26,"Archival","A7M",8,0,0
2017-03-26,"Archival","T2M",8,0,0
2017-04-03,"Archival","A2M",8,0,0
2017-04-03,"Archival","A7M",8,1,12.5
2017-04-03,"Archival","T2M",8,0,0
2017-04-11,"Archival","A2M",8,0,0
2017-04-11,"Archival","A7M",8,0,0
2017-04-11,"Archival","T2M",8,0,0
2017-04-19,"Archival","A2M",8,0,0
2017-04-19,"Archival","A7M",8,0,0
2017-04-19,"Archival","T2M",8,0,0
2017-04-27,"Archival","A2M",8,0,0
2017-04-27,"Archival","A7M",8,0,0
2017-04-27,"Archival","T2M",8,0,0
2017-05-05,"Archival","A2M",8,0,0
2017-05-05,"Archival","A7M",8,0,0
2017-05-05,"Archival","T2M",8,0,0
2017-05-13,"Archival","A2M",8,0,0
2017-05-13,"Archival","A7M",8,0,0
2017-05-13,"Archival","T2M",8,0,0
2017-05-21,"Archival","A2M",8,0,0
2017-05-21,"Archival","A7M",8,0,0
2017-05-21,"Archival","T2M",8,0,0
2017-05-29,"Archival","A2M",8,0,0
2017-05-29,"Archival","A7M",8,0,0
2017-05-29,"Archival","T2M",8,0,0
2017-06-06,"Archival","A2M",9,0,0
2017-06-06,"Archival","A7M",9,1,11.1111111111111
2017-06-06,"Archival","T2M",9,1,11.1111111111111
2017-06-14,"Archival","A2M",10,1,10
2017-06-14,"Archival","A7M",10,2,20
2017-06-14,"Archival","T2M",9,1,11.1111111111111
2017-06-22,"Archival","A2M",8,0,0
2017-06-22,"Archival","A7M",8,0,0
2017-06-22,"Archival","T2M",8,0,0
2017-06-30,"Archival","A2M",8,0,0
2017-06-30,"Archival","A7M",8,0,0
2017-06-30,"Archival","T2M",8,0,0
2017-07-08,"Archival","A2M",8,0,0
2017-07-08,"Archival","A7M",8,0,0
2017-07-08,"Archival","T2M",8,0,0
2017-07-16,"Archival","A2M",8,0,0
2017-07-16,"Archival","A7M",8,0,0
2017-07-16,"Archival","T2M",8,0,0
2017-07-24,"Archival","A2M",8,0,0
2017-07-24,"Archival","A7M",8,0,0
2017-07-24,"Archival","T2M",8,0,0
2017-08-01,"Archival","A2M",8,0,0
2017-08-01,"Archival","A7M",8,0,0
2017-08-01,"Archival","T2M",8,0,0
2017-08-09,"Archival","A2M",8,0,0
2017-08-09,"Archival","A7M",8,0,0
2017-08-09,"Archival","T2M",8,0,0
2017-08-17,"Archival","A2M",8,0,0
2017-08-17,"Archival","A7M",8,0,0
2017-08-17,"Archival","T2M",8,0,0
2017-08-25,"Archival","A2M",8,0,0
2017-08-25,"Archival","A7M",8,0,0
2017-08-25,"Archival","T2M",8,0,0
2017-09-02,"Archival","A2M",8,0,0
2017-09-02,"Archival","A7M",8,0,0
2017-09-02,"Archival","T2M",8,0,0
2017-09-10,"Archival","A2M",8,0,0
2017-09-10,"Archival","A7M",8,0,0
2017-09-10,"Archival","T2M",8,0,0
2017-09-18,"Archival","A2M",8,0,0
2017-09-18,"Archival","A7M",8,0,0
2017-09-18,"Archival","T2M",8,0,0
2017-09-26,"Archival","A2M",8,0,0
2017-09-26,"Archival","A7M",8,0,0
2017-09-26,"Archival","T2M",8,0,0
2017-10-04,"Archival","A2M",8,0,0
2017-10-04,"Archival","A7M",8,0,0
2017-10-04,"Archival","T2M",8,0,0
2017-10-12,"Archival","A2M",8,0,0
2017-10-12,"Archival","A7M",8,0,0
2017-10-12,"Archival","T2M",8,0,0
2017-10-20,"Archival","A2M",8,0,0
2017-10-20,"Archival","A7M",8,0,0
2017-10-20,"Archival","T2M",8,0,0
2017-10-28,"Archival","A2M",8,0,0
2017-10-28,"Archival","A7M",8,0,0
2017-10-28,"Archival","T2M",8,0,0
2017-11-05,"Archival","A2M",8,0,0
2017-11-05,"Archival","A7M",8,0,0
2017-11-05,"Archival","T2M",8,0,0
2017-11-13,"Archival","A2M",8,0,0
2017-11-13,"Archival","A7M",8,0,0
2017-11-13,"Archival","T2M",8,0,0
2017-11-21,"Archival","A2M",3,0,0
2017-11-21,"Archival","A7M",4,1,25
2017-11-21,"Archival","T2M",3,0,0
2021-05-24,"RealTime","RTWB",4,0,0
2021-06-01,"RealTime","RTWB",8,0,0
2021-06-09,"RealTime","RTWB",8,0,0
2021-06-17,"RealTime","RTWB",8,1,12.5
2021-06-25,"RealTime","RTWB",7,0,0
2021-07-03,"RealTime","RTWB",8,0,0
2021-07-11,"RealTime","RTWB",8,0,0
2021-07-19,"RealTime","RTWB",8,0,0
2021-07-27,"RealTime","RTWB",8,0,0
2021-08-04,"RealTime","RTWB",8,0,0
2021-08-12,"RealTime","RTWB",8,0,0
2021-08-20,"RealTime","RTWB",8,0,0
2021-08-28,"RealTime","RTWB",8,0,0
2021-09-05,"RealTime","RTWB",8,0,0
2021-09-13,"RealTime","RTWB",8,0,0
2021-09-21,"RealTime","RTWB",8,0,0
2021-09-29,"RealTime","RTWB",8,1,12.5
2021-10-07,"RealTime","RTWB",8,0,0
2021-10-15,"RealTime","RTWB",8,0,0
2021-10-23,"RealTime","RTWB",8,0,0
2021-10-31,"RealTime","RTWB",8,0,0
2021-11-08,"RealTime","RTWB",8,1,12.5
2021-11-16,"RealTime","RTWB",8,0,0
2021-11-24,"RealTime","RTWB",8,0,0
2021-12-02,"RealTime","RTWB",8,3,37.5
2021-12-10,"RealTime","RTWB",8,1,12.5
2021-12-18,"RealTime","RTWB",8,7,87.5
2021-12-26,"RealTime","RTWB",8,4,50
2022-01-03,"RealTime","RTWB",8,6,75
2022-01-11,"RealTime","RTWB",8,2,25
2022-01-19,"RealTime","RTWB",8,0,0
2022-01-27,"RealTime","RTWB",7,0,0
2022-02-04,"RealTime","RTWB",8,1,12.5
2022-02-12,"RealTime","RTWB",8,1,12.5
2022-02-20,"RealTime","RTWB",8,1,12.5
2022-02-28,"RealTime","RTWB",8,1,12.5
2022-03-08,"RealTime","RTWB",8,1,12.5
2022-03-16,"RealTime","RTWB",7,2,28.5714285714286
2022-03-24,"RealTime","RTWB",8,1,12.5
2022-04-01,"RealTime","RTWB",8,0,0
2022-04-09,"RealTime","RTWB",8,0,0
2022-04-17,"RealTime","RTWB",8,0,0
2022-04-25,"RealTime","RTWB",8,0,0
2022-05-03,"RealTime","RTWB",8,0,0
2022-05-11,"RealTime","RTWB",8,0,0
2022-05-19,"RealTime","RTWB",8,0,0
2022-05-27,"RealTime","RTWB",8,0,0
2022-06-04,"RealTime","RTWB",8,0,0
2022-06-12,"RealTime","RTWB",8,0,0
2022-06-20,"RealTime","RTWB",8,0,0
2022-06-28,"RealTime","RTWB",8,0,0
2022-07-06,"RealTime","RTWB",8,0,0
2022-07-14,"RealTime","RTWB",11,0,0
2022-07-22,"RealTime","RTWB",9,0,0
2022-07-30,"RealTime","RTWB",8,2,25
2022-08-07,"RealTime","RTWB",8,0,0
2022-08-15,"RealTime","RTWB",8,0,0
2022-08-23,"RealTime","RTWB",8,0,0
2022-08-31,"RealTime","RTWB",8,0,0
2022-09-08,"RealTime","RTWB",8,0,0
2022-09-16,"RealTime","RTWB",8,0,0
2022-09-24,"RealTime","RTWB",8,0,0
2022-10-02,"RealTime","RTWB",8,0,0
2022-10-10,"RealTime","RTWB",8,0,0
2022-10-18,"RealTime","RTWB",8,0,0
2022-10-26,"RealTime","RTWB",8,0,0
2022-11-03,"RealTime","RTWB",8,0,0
2022-11-11,"RealTime","RTWB",8,1,12.5
2022-11-19,"RealTime","RTWB",8,0,0
2022-11-27,"RealTime","RTWB",8,1,12.5
2022-12-05,"RealTime","RTWB",8,2,25
2022-12-13,"RealTime","RTWB",8,2,25
2022-12-21,"RealTime","RTWB",8,1,12.5
2022-12-29,"RealTime","RTWB",8,4,50
2023-01-06,"RealTime","RTWB",8,2,25
2023-01-14,"RealTime","RTWB",8,6,75
2023-01-22,"RealTime","RTWB",8,5,62.5
2023-01-30,"RealTime","RTWB",8,5,62.5
2023-02-07,"RealTime","RTWB",8,5,62.5
2023-02-15,"RealTime","RTWB",8,6,75
2023-02-23,"RealTime","RTWB",8,6,75
2023-03-03,"RealTime","RTWB",8,7,87.5
2023-03-11,"RealTime","RTWB",8,3,37.5
2023-03-19,"RealTime","RTWB",8,0,0
2023-03-27,"RealTime","RTWB",8,0,0
2023-04-04,"RealTime","RTWB",8,1,12.5
2023-04-12,"RealTime","RTWB",8,0,0
2023-04-20,"Archival","A2M",8,0,0
2023-04-20,"Archival","A7M",8,0,0
2023-04-20,"Archival","T2M",8,0,0
2023-04-20,"RealTime","RTWB",8,0,0
2023-04-28,"Archival","A2M",8,0,0
2023-04-28,"Archival","A7M",8,0,0
2023-04-28,"Archival","T2M",8,0,0
2023-04-28,"RealTime","RTWB",8,0,0
2023-05-06,"Archival","A2M",8,0,0
2023-05-06,"Archival","A7M",8,0,0
2023-05-06,"Archival","T2M",8,0,0
2023-05-06,"RealTime","RTWB",8,0,0
2023-05-14,"Archival","A2M",8,0,0
2023-05-14,"Archival","A7M",8,0,0
2023-05-14,"Archival","T2M",8,0,0
2023-05-14,"RealTime","RTWB",8,0,0
2023-05-22,"Archival","A2M",8,0,0
2023-05-22,"Archival","A7M",8,0,0
2023-05-22,"Archival","T2M",8,0,0
2023-05-22,"RealTime","RTWB",8,0,0
2023-05-30,"Archival","A2M",8,0,0
2023-05-30,"Archival","A7M",8,0,0
2023-05-30,"Archival","T2M",8,0,0
2023-05-30,"RealTime","RTWB",8,0,0
2023-06-07,"Archival","A2M",8,0,0
2023-06-07,"Archival","A7M",8,0,0
2023-06-07,"Archival","T2M",8,0,0
2023-06-07,"RealTime","RTWB",8,0,0
2023-06-15,"Archival","A2M",8,0,0
2023-06-15,"Archival","A7M",8,0,0
2023-06-15,"Archival","T2M",8,0,0
2023-06-15,"RealTime","RTWB",8,0,0
2023-06-23,"Archival","A2M",8,0,0
2023-06-23,"Archival","A7M",8,0,0
2023-06-23,"Archival","T2M",8,0,0
2023-06-23,"RealTime","RTWB",8,0,0
2023-07-01,"Archival","A2M",8,0,0
2023-07-01,"Archival","A7M",8,0,0
2023-07-01,"Archival","T2M",8,0,0
2023-07-01,"RealTime","RTWB",8,0,0
2023-07-09,"Archival","A2M",8,0,0
2023-07-09,"Archival","A7M",8,0,0
2023-07-09,"Archival","T2M",8,0,0
2023-07-09,"RealTime","RTWB",8,0,0
2023-07-17,"Archival","A2M",8,0,0
2023-07-17,"Archival","A7M",8,0,0
2023-07-17,"Archival","T2M",8,0,0
2023-07-17,"RealTime","RTWB",8,0,0
2023-07-25,"Archival","A2M",8,0,0
2023-07-25,"Archival","A7M",8,0,0
2023-07-25,"Archival","T2M",8,0,0
2023-07-25,"RealTime","RTWB",8,0,0
2023-08-02,"Archival","A2M",8,0,0
2023-08-02,"Archival","A7M",8,0,0
2023-08-02,"Archival","T2M",8,0,0
2023-08-02,"RealTime","RTWB",8,0,0
2023-08-10,"Archival","A2M",8,0,0
2023-08-10,"Archival","A7M",8,0,0
2023-08-10,"Archival","T2M",8,0,0
2023-08-10,"RealTime","RTWB",8,0,0
2023-08-18,"Archival","A2M",8,0,0
2023-08-18,"Archival","A7M",8,0,0
2023-08-18,"Archival","T2M",8,0,0
2023-08-18,"RealTime","RTWB",8,0,0
2023-08-26,"Archival","A2M",8,0,0
2023-08-26,"Archival","A7M",8,0,0
2023-08-26,"Archival","T2M",8,0,0
2023-08-26,"RealTime","RTWB",8,0,0
2023-09-03,"Archival","A2M",8,0,0
2023-09-03,"Archival","A7M",8,0,0
2023-09-03,"Archival","T2M",8,0,0
2023-09-03,"RealTime","RTWB",8,0,0
2023-09-11,"Archival","A2M",8,0,0
2023-09-11,"Archival","A7M",8,0,0
2023-09-11,"Archival","T2M",8,0,0
2023-09-11,"RealTime","RTWB",8,0,0
2023-09-19,"Archival","A2M",8,0,0
2023-09-19,"Archival","A7M",8,0,0
2023-09-19,"Archival","T2M",8,0,0
2023-09-19,"RealTime","RTWB",8,0,0
2023-09-27,"Archival","A2M",8,0,0
2023-09-27,"Archival","A7M",8,0,0
2023-09-27,"Archival","T2M",8,0,0
2023-09-27,"RealTime","RTWB",8,0,0
2023-10-05,"Archival","A2M",8,0,0
2023-10-05,"Archival","A7M",8,0,0
2023-10-05,"Archival","T2M",8,0,0
2023-10-05,"RealTime","RTWB",8,0,0
2023-10-13,"Archival","A2M",8,0,0
2023-10-13,"Archival","A7M",8,0,0
2023-10-13,"Archival","T2M",8,0,0
2023-10-13,"RealTime","RTWB",8,0,0
2023-10-21,"Archival","A2M",8,0,0
2023-10-21,"Archival","A7M",8,0,0
2023-10-21,"Archival","T2M",8,0,0
2023-10-21,"RealTime","RTWB",8,0,0
2023-10-29,"Archival","A2M",8,0,0
2023-10-29,"Archival","A7M",8,0,0
2023-10-29,"Archival","T2M",8,0,0
2023-10-29,"RealTime","RTWB",8,0,0
2023-11-06,"Archival","A2M",8,0,0
2023-11-06,"Archival","A7M",8,0,0
2023-11-06,"Archival","T2M",8,0,0
2023-11-06,"RealTime","RTWB",8,0,0
2023-11-14,"Archival","A2M",8,3,37.5
2023-11-14,"Archival","A7M",8,2,25
2023-11-14,"Archival","T2M",8,1,12.5
2023-11-14,"RealTime","RTWB",8,1,12.5
2023-11-22,"Archival","A2M",8,0,0
2023-11-22,"Archival","A7M",8,0,0
2023-11-22,"Archival","T2M",8,0,0
2023-11-22,"RealTime","RTWB",8,0,0
2023-11-30,"Archival","A2M",8,4,50
2023-11-30,"Archival","A7M",8,4,50
2023-11-30,"Archival","T2M",8,3,37.5
2023-11-30,"RealTime","RTWB",8,3,37.5
2023-12-08,"Archival","A2M",8,3,37.5
2023-12-08,"Archival","A7M",8,2,25
2023-12-08,"Archival","T2M",8,0,0
2023-12-08,"RealTime","RTWB",8,0,0
2023-12-16,"Archival","A2M",8,0,0
2023-12-16,"Archival","A7M",8,1,12.5
2023-12-16,"Archival","T2M",8,2,25
2023-12-16,"RealTime","RTWB",8,1,12.5
2023-12-24,"Archival","A2M",8,8,100
2023-12-24,"Archival","A7M",8,7,87.5
2023-12-24,"Archival","T2M",8,5,62.5
2023-12-24,"RealTime","RTWB",8,7,87.5
2024-01-01,"Archival","A2M",8,6,75
2024-01-01,"Archival","A7M",8,8,100
2024-01-01,"Archival","T2M",8,7,87.5
2024-01-01,"RealTime","RTWB",8,5,62.5
2024-01-09,"Archival","A2M",8,2,25
2024-01-09,"Archival","A7M",8,8,100
2024-01-09,"Archival","T2M",8,6,75
2024-01-09,"RealTime","RTWB",8,5,62.5
2024-01-17,"Archival","A2M",8,2,25
2024-01-17,"Archival","A7M",8,6,75
2024-01-17,"Archival","T2M",8,6,75
2024-01-17,"RealTime","RTWB",8,5,62.5
2024-01-25,"Archival","A2M",8,8,100
2024-01-25,"Archival","A7M",8,8,100
2024-01-25,"Archival","T2M",8,5,62.5
2024-01-25,"RealTime","RTWB",8,6,75
2024-02-02,"Archival","A2M",8,2,25
2024-02-02,"Archival","A7M",8,2,25
2024-02-02,"Archival","T2M",8,1,12.5
2024-02-02,"RealTime","RTWB",8,3,37.5
2024-02-10,"Archival","A2M",8,7,87.5
2024-02-10,"Archival","A7M",8,2,25
2024-02-10,"Archival","T2M",8,4,50
2024-02-10,"RealTime","RTWB",8,3,37.5
2024-02-18,"Archival","A2M",8,1,12.5
2024-02-18,"Archival","A7M",8,2,25
2024-02-18,"Archival","T2M",8,1,12.5
2024-02-18,"RealTime","RTWB",8,1,12.5
2024-02-26,"Archival","A2M",8,0,0
2024-02-26,"Archival","A7M",8,1,12.5
2024-02-26,"Archival","T2M",8,0,0
2024-02-26,"RealTime","RTWB",8,1,12.5
2024-03-05,"Archival","A2M",8,0,0
2024-03-05,"Archival","A7M",8,6,75
2024-03-05,"Archival","T2M",8,5,62.5
2024-03-05,"RealTime","RTWB",8,4,50
2024-03-13,"Archival","A2M",8,3,37.5
2024-03-13,"Archival","A7M",8,4,50
2024-03-13,"Archival","T2M",8,5,62.5
2024-03-13,"RealTime","RTWB",8,4,50
2024-03-21,"Archival","A2M",8,1,12.5
2024-03-21,"Archival","A7M",8,4,50
2024-03-21,"Archival","T2M",8,3,37.5
2024-03-21,"RealTime","RTWB",8,4,50
2024-03-29,"Archival","A2M",8,0,0
2024-03-29,"Archival","A7M",8,0,0
2024-03-29,"Archival","T2M",8,0,0
2024-03-29,"RealTime","RTWB",8,0,0
2024-04-06,"Archival","A2M",8,0,0
2024-04-06,"Archival","A7M",8,1,12.5
2024-04-06,"Archival","T2M",8,3,37.5
2024-04-06,"RealTime","RTWB",8,1,12.5
2024-04-14,"Archival","A2M",4,0,0
2024-04-14,"Archival","A7M",4,1,25
2024-04-14,"Archival","T2M",4,2,50
2024-04-14,"RealTime","RTWB",8,1,12.5
2024-04-22,"RealTime","RTWB",8,3,37.5
2024-04-30,"RealTime","RTWB",8,3,37.5
2024-05-08,"RealTime","RTWB",8,2,25
2024-05-16,"RealTime","RTWB",8,0,0
2024-05-24,"RealTime","RTWB",8,0,0
2024-06-01,"RealTime","RTWB",8,1,12.5
2024-06-09,"RealTime","RTWB",8,0,0
2024-06-17,"RealTime","RTWB",8,0,0
2024-06-25,"RealTime","RTWB",8,0,0
2024-07-03,"RealTime","RTWB",8,0,0
2024-07-11,"RealTime","RTWB",5,0,0
2024-10-23,"RealTime","RTWB",4,0,0
2024-10-31,"RealTime","RTWB",8,0,0
2024-11-08,"RealTime","RTWB",8,0,0
2024-11-16,"RealTime","RTWB",8,1,12.5
2024-11-24,"RealTime","RTWB",8,1,12.5
2024-12-02,"RealTime","RTWB",8,4,50
2024-12-10,"RealTime","RTWB",8,3,37.5
2024-12-18,"RealTime","RTWB",8,5,62.5
2024-12-26,"RealTime","RTWB",6,0,0
