"period","Site","sst","bottom_temp","sss","stratification","phase","daylight_hours"
2014-11-03,"A2M",15.260321345,15.4233062607143,32.5753247407143,-0.00679103828571429,0.584875063489384,10.2823611111111
2014-11-03,"A7M",15.9565208978571,16.13727774,33.0466711857143,-0.00516285714285714,0.584875063489384,10.2872817460317
2014-11-03,"T2M",16.3880081185714,16.8355770778571,33.3506510607143,-0.0124324712857143,0.584875063489384,10.2873412698413
2014-11-17,"A2M",12.3663805542857,12.5181560521429,32.6796866821429,-0.006323979,0.465984918404842,9.86980158730159
2014-11-17,"A7M",13.8382169871429,14.4094871778571,33.3199372978571,-0.0163228571428571,0.465984918404842,9.87599206349206
2014-11-17,"T2M",14.5303413528571,15.241589545,33.6842043735714,-0.0197568942857143,0.465984918404842,9.87593253968254
2014-12-01,"A2M",10.2672075550714,10.6115725373571,32.5176121842857,-0.014348541,0.530733660259707,9.59285714285714
2014-12-01,"A7M",11.51593154,11.8165369042857,33.1338500985714,-0.00858857142857143,0.530733660259707,9.59980158730159
2014-12-01,"T2M",12.5956521707143,12.6744651778571,33.6115654542857,-0.00218925142857143,0.530733660259707,9.59974206349206
2014-12-15,"A2M",7.85870650835714,8.80592823035714,31.5216334207143,-0.0394675717142857,0.554089692642342,9.49452380952381
2014-12-15,"A7M",9.16120590471429,9.728310585,32.5934919621429,-0.0162028571428571,0.554089692642342,9.50174603174603
2014-12-15,"T2M",10.1615247735714,10.3777129301429,33.2790336621429,-0.00600522664285715,0.554089692642342,9.50176587301587
2014-12-29,"A2M",7.22573879764286,8.11167103914286,31.85111114,-0.0369138433571429,0.475103078194544,9.59335317460318
2014-12-29,"A7M",8.33482418742857,9.91471379114286,32.5678762714286,-0.0451407142857143,0.475103078194544,9.60031746031746
2014-12-29,"T2M",9.2659377715,10.731040615,33.1376154778571,-0.0406973012142857,0.475103078194544,9.6003373015873
2015-01-12,"A2M",5.44761463578571,6.2032533715,32.105121885,-0.0314849473571429,0.572013386172834,9.87263888888889
2015-01-12,"A7M",6.93150377271429,7.71184567042857,33.0834377835714,-0.0222964285714286,0.572013386172834,9.87878968253968
2015-01-12,"T2M",8.07673876614286,8.63491463621429,33.7044552407143,-0.0155048852142857,0.572013386172834,9.87876984126984
2015-01-26,"A2M",3.80598190857143,4.34085449157143,32.1541305271429,-0.0222863577142857,0.419545874679502,10.290119047619
2015-01-26,"A7M",5.18164651742857,5.38206751007143,33.2163491935714,-0.00572571428571429,0.419545874679502,10.2949801587302
2015-01-26,"T2M",6.08054484628571,6.24760736742857,33.6566042221429,-0.00464062564285714,0.419545874679502,10.295
2015-02-09,"A2M",2.057853669,2.41193730492857,32.5729195735714,-0.0147534849285714,0.660421874823677,10.7971825396825
2015-02-09,"A7M",3.25349749835714,3.70751684064286,33.2193232942857,-0.0129707142857143,0.660421874823677,10.8005952380952
2015-02-09,"T2M",4.62702230035714,4.83644616614286,33.6918411257143,-0.00581733314285714,0.660421874823677,10.8007142857143
2015-02-23,"A2M",1.77794696614286,2.28414104671429,32.082708495,-0.0210914201428571,0.36651460126942,11.3541666666667
2015-02-23,"A7M",2.80484138221429,3.42844622471429,33.1275939942857,-0.0178171428571429,0.36651460126942,11.3561507936508
2015-02-23,"T2M",4.20358439857143,4.52956695207143,33.7535035264286,-0.00905507028571429,0.36651460126942,11.356130952381
2015-03-09,"A2M",3.13084445692857,2.86973181792857,31.6301619671429,0.0108796932857143,0.680101585638024,11.9333531746032
2015-03-09,"A7M",4.08836955692857,4.00448131564286,32.7094669342857,0.00239642857142857,0.680101585638024,11.9337896825397
2015-03-09,"T2M",5.46036093564286,5.29231432507143,33.8073847642857,0.00466796142857143,0.680101585638024,11.9337103174603
2015-03-23,"A2M",4.41754310457143,3.7524438245,31.6605225978571,0.0277124700714286,0.313352144319502,12.5158531746032
2015-03-23,"A7M",5.06105463835714,4.66978735585714,32.7225761414286,0.0111792857142857,0.313352144319502,12.5147222222222
2015-03-23,"T2M",5.83009849285714,6.08227668485714,33.4034996028571,-0.00700494985714286,0.313352144319502,12.5146825396825
2015-04-06,"A2M",7.36059801928571,4.57237982735714,31.5664747771429,0.116175757928571,0.700562413770608,13.085873015873
2015-04-06,"A7M",7.63779844528571,5.69841241842857,32.0379755842857,0.0554114285714286,0.700562413770608,13.0832341269841
2015-04-06,"T2M",8.36121664685714,6.47610531528571,32.34236254,0.0523642036428571,0.700562413770608,13.0831349206349
2015-04-20,"A2M",9.59474011828571,5.51081308285714,31.2165798471429,0.1701636265,0.26124760411133,13.6246031746032
2015-04-20,"A7M",9.3421313425,6.029557262,32.0667622435714,0.0946442857142857,0.26124760411133,13.6204166666667
2015-04-20,"T2M",9.8163583615,7.0297158785,32.7056048264286,0.0774067355714286,0.26124760411133,13.6204166666667
2015-05-04,"A2M",14.07117578,6.83267137,30.8650631207143,0.3016043505,0.72183249874349,14.1058134920635
2015-05-04,"A7M",14.1342503,6.56015348442857,30.9865890228571,0.216402142857143,0.72183249874349,14.1002579365079
2015-05-04,"T2M",14.02649498,6.91783952714286,31.4981769835714,0.197462651642857,0.72183249874349,14.1002182539683
2015-05-18,"A2M",16.4671144492857,10.6945741865,32.1222742621429,0.240522511,0.211023172415445,14.49375
2015-05-18,"A7M",16.6934594421429,9.787136044,32.365508625,0.197323571428571,0.211023172415445,14.4870436507937
2015-05-18,"T2M",16.6122816635714,9.561874082,32.3974008557143,0.195844655071429,0.211023172415445,14.4871031746032
2015-06-01,"A2M",18.3840709414286,13.7034732271429,32.2998365678571,0.195024904714286,0.673352892021492,14.7480753968254
2015-06-01,"A7M",18.5960325514286,11.8912668228571,32.38236509,0.191564285714286,0.673352892021492,14.7406547619048
2015-06-01,"T2M",18.6981244778571,11.3119030678571,32.5572883064286,0.205172816785714,0.673352892021492,14.7406349206349
2015-06-15,"A2M",22.1051563535714,12.9641343514286,31.6395195557143,0.380875916642857,0.302270427092685,14.8350793650794
2015-06-15,"A7M",22.5443127492857,11.3589077685714,31.9161509107143,0.319582857142857,0.302270427092685,14.8273611111111
2015-06-15,"T2M",22.8832759864286,10.1398461200714,32.3213105871429,0.353984163,0.302270427092685,14.8274206349206
2015-06-29,"A2M",22.88410541,13.2780149328571,31.1004480635714,0.400253769928571,0.623749445552169,14.7422817460317
2015-06-29,"A7M",23.3089422492857,11.2524259428571,31.3108625421429,0.344470714285714,0.623749445552169,14.7349007936508
2015-06-29,"T2M",23.7714783807143,9.90414169892857,31.9618176057143,0.385203796714286,0.623749445552169,14.7348611111111
2015-07-13,"A2M",24.6456880564286,15.1481229921429,31.498388155,0.395731877642857,0.393292861296045,14.4847222222222
2015-07-13,"A7M",24.8402230407143,13.0186012121429,31.7231057028571,0.337760714285714,0.393292861296045,14.4781150793651
2015-07-13,"T2M",25.3586628785714,11.8340543342857,32.0314648478571,0.375683570785714,0.393292861296045,14.4781150793651
2015-07-27,"A2M",25.4440663214286,19.4650047171429,32.4632432121429,0.249127566785714,0.57580769224951,14.0972420634921
2015-07-27,"A7M",25.94643375,17.1052611207143,32.5258421207143,0.252602857142857,0.57580769224951,14.0918055555556
2015-07-27,"T2M",26.1359690264286,15.4887010707143,32.5064304907143,0.295757443142857,0.57580769224951,14.0918055555556
2015-08-10,"A2M",24.980484145,16.3999521385714,32.4055331092857,0.357522166928571,0.414948778527452,13.6203968253968
2015-08-10,"A7M",25.4261575435714,12.8162950771429,32.4817728321429,0.360283571428571,0.414948778527452,13.61625
2015-08-10,"T2M",25.60713182,10.4135599817143,32.2804153985714,0.422043662285714,0.414948778527452,13.6161904761905
2015-08-24,"A7M",25.5901174535714,11.7681644985714,32.3407410221429,0.394913571428571,0.527208399369272,13.0857936507937
2015-08-24,"T2M",25.7213974007143,9.61855752171429,32.2568081442857,0.447301107785714,0.527208399369272,13.0858134920635
2015-09-07,"A2M",24.219516755,16.31678772,32.177585605,0.3292803765,0.192434165231713,12.2816666666667
2015-09-07,"A7M",24.474712371,12.843033409,31.9956539153333,0.332332666666667,0.485422804648282,12.5093981481481
2015-09-07,"T2M",24.6781357446667,11.1638430276667,32.2394298563333,0.3753970198,0.485422804648282,12.5094259259259
2015-09-21,"A2M",21.8479976664286,21.1695154721429,31.9018872135714,0.0282700855,0.477628023904241,11.9529365079365
2015-09-21,"A7M",22.0343750542857,19.7656888264286,32.4729597892857,0.06482,0.477628023904241,11.9533928571429
2015-09-21,"T2M",21.9140837542857,18.1853946278571,33.2865962971429,0.103574696428571,0.477628023904241,11.9534126984127
2015-10-05,"A2M",18.8121542257143,18.9654699057143,32.0131761007143,-0.00638815342857143,0.525916397368782,11.3816865079365
2015-10-05,"A7M",19.0576523371429,18.8554142542857,32.7370801657143,0.00577785714285714,0.525916397368782,11.3836507936508
2015-10-05,"T2M",19.0930901935714,18.6335274828571,33.485200065,0.0127656287857143,0.525916397368782,11.3835912698413
2015-10-19,"A2M",17.1302137378571,17.461453845,32.2913518635714,-0.0138016711428571,0.426966397766442,10.8302380952381
2015-10-19,"A7M",17.4144427442857,17.5448453071429,32.8599556514286,-0.00372571428571429,0.426966397766442,10.8336904761905
2015-10-19,"T2M",17.8532852442857,17.617337225,33.5481147757143,0.0065541115,0.426966397766442,10.8336706349206
2015-11-02,"A2M",16.589063645,17.1524441585714,32.2956532064286,-0.0234741881428571,0.614976554308554,10.3244444444444
2015-11-02,"A7M",16.9798966814286,17.5534437735714,32.7974126,-0.0163878571428571,0.614976554308554,10.3293055555556
2015-11-02,"T2M",17.4101764142857,18.0339197428571,33.3758645735714,-0.0173262035,0.614976554308554,10.3292658730159
2015-11-16,"A2M",14.5562638557143,14.7670174328571,33.0032414035714,-0.00878139907142857,0.37543538883005,9.90214285714286
2015-11-16,"A7M",15.149992465,15.7010703764286,33.2750246864286,-0.0157457142857143,0.37543538883005,9.90819444444444
2015-11-16,"T2M",15.8260609078571,17.1074912885714,33.6995214735714,-0.0355952882857143,0.37543538883005,9.9081746031746
2015-11-30,"A2M",12.8666340957143,13.1261269028571,32.6685573042857,-0.0108122002857143,0.702259968416395,9.61093253968254
2015-11-30,"A7M",13.6921382621429,13.8520929471429,33.3213247557143,-0.00457071428571429,0.702259968416395,9.6178373015873
2015-11-30,"T2M",14.4103390821429,14.82666765,33.8215615414286,-0.0115646823571429,0.702259968416395,9.61791666666667
2015-12-14,"A2M",12.7443806792857,13.1534266485714,32.7756421221429,-0.0170435820714286,0.321512092729602,9.49531746031746
2015-12-14,"A7M",13.3322937142857,14.0995077421429,33.1475767421429,-0.0219207142857143,0.321512092729602,9.50257936507936
2015-12-14,"T2M",13.9718730107143,14.7994487635714,33.5584242685714,-0.0229882152857143,0.321512092729602,9.50255952380952
2015-12-28,"A2M",11.2351121893571,11.9087298257143,32.5035546164286,-0.0280674015,0.788761875184698,9.57656746031746
2015-12-28,"A7M",12.1542656078571,13.1585276457143,33.2083568571429,-0.0286928571428571,0.788761875184698,9.58367063492063
2015-12-28,"T2M",12.92093529,14.1581717892857,33.5691539221429,-0.0343676805,0.788761875184698,9.58359126984127
2016-01-11,"A2M",8.27607699807143,8.90314194114286,32.5686958857143,-0.0261277087142857,0.267200912660805,9.84117063492064
2016-01-11,"A7M",9.35705590271429,10.1957238746429,33.2629402685714,-0.0239621428571429,0.267200912660805,9.84740079365079
2016-01-11,"T2M",10.4536078998571,10.99400786,33.7980499264286,-0.01501111,0.267200912660805,9.84732142857143
2016-01-25,"A2M",6.02047872535714,6.75552180835714,32.2956270485714,-0.0306267949285714,0.734148780787762,10.2481547619048
2016-01-25,"A7M",7.11222713342857,7.985893011,32.9495620728571,-0.0249614285714286,0.734148780787762,10.2531746031746
2016-01-25,"T2M",8.37831599371428,8.70539665228571,33.4643086028571,-0.00908557257142857,0.734148780787762,10.2531944444444
2016-02-08,"A2M",5.31879442078571,6.0347720895,31.9806936807143,-0.0298324029285714,0.286584632540727,10.7490674603175
2016-02-08,"A7M",6.44739958221429,7.03987227171429,32.9624925328571,-0.0169278571428571,0.286584632540727,10.7526785714286
2016-02-08,"T2M",7.75491700857143,7.80530619621429,33.55930846,-0.00139969964285714,0.286584632540727,10.7525992063492
2016-02-22,"A2M",5.61592465184615,6.16003535346154,31.9037682461538,-0.0226712790769231,0.678466978311098,11.3013247863248
2016-02-22,"A7M",6.4632134796,7.625127291775,32.59845333125,-0.0331985,0.67880439898293,11.3039027777778
2016-02-22,"T2M",7.546360566,8.78320037392308,33.1912108215385,-0.0343566613076923,0.678466978311098,11.3034188034188
2016-03-07,"A2M",7.35010637557143,7.00926453714286,30.9470898771429,0.0142017432142857,0.377342556530716,11.8808928571429
2016-03-07,"A7M",7.88193314421429,8.20015386178572,31.4497168407143,-0.00909214285714285,0.377342556530716,11.881369047619
2016-03-07,"T2M",8.70905794421429,9.03347706792857,32.3533366057143,-0.00901164228571428,0.377342556530716,11.8813888888889
2016-03-21,"A2M",7.70342155864286,7.12163189485714,31.5807115007143,0.0242412387142857,0.626022411039386,12.4638095238095
2016-03-21,"A7M",7.77120270035714,7.62849082257143,32.05360331,0.00407714285714286,0.626022411039386,12.4626984126984
2016-03-21,"T2M",8.05622945514286,8.14582903014286,32.7556999742857,-0.00248887685714286,0.626022411039386,12.4626984126984
2016-04-04,"A2M",8.89455468314286,8.7127507755,32.781283515,0.00757516292857143,0.397793935175838,13.0355753968254
2016-04-04,"A7M",8.93645545414286,8.88097660907143,33.0283156807143,0.00158428571428571,0.397793935175838,13.0329761904762
2016-04-04,"T2M",8.9621133805,9.08078432078571,33.16913196,-0.00329641492857143,0.397793935175838,13.032996031746
2016-04-18,"A2M",11.1848466042857,8.84945038428571,32.1742356164286,0.097308176,0.573515935595279,13.5780357142857
2016-04-18,"A7M",10.6724646441429,8.11104839192857,32.7115764621429,0.0731835714285714,0.573515935595279,13.5740476190476
2016-04-18,"T2M",10.3147532605714,7.97308509678571,33.1012567785714,0.0650463378571429,0.573515935595279,13.5739484126984
2016-05-02,"A2M",12.5253530235714,10.5933209128571,31.7177986428571,0.0805013378571429,0.419458923569789,14.0657341269841
2016-05-02,"A7M",11.8342355314286,9.41169391385714,32.3414269842857,0.0692164285714286,0.419458923569789,14.0602380952381
2016-05-02,"T2M",11.4885925564286,8.64681577664286,32.7742988042857,0.0789382438571429,0.419458923569789,14.0602579365079
2016-05-16,"A2M",14.0260884428571,11.4906890057143,31.2099027635714,0.105641643214286,0.523196209589883,14.4637698412698
2016-05-16,"A7M",13.5604462628571,10.2309786247143,32.0027309142857,0.0951278571428572,0.523196209589883,14.4571825396825
2016-05-16,"T2M",13.2704201421429,10.1155490865,32.7000628871429,0.087635307,0.523196209589883,14.4570634920635
2016-05-30,"A2M",18.8479637421429,12.3674021442857,31.0235545292857,0.2700234,0.442322147527555,14.7316468253968
2016-05-30,"A7M",19.0876083371429,11.0696259907143,31.2682867064286,0.229084285714286,0.442322147527555,14.7242063492063
2016-05-30,"T2M",18.7445027492857,10.9946388535714,31.8459672935714,0.215273997214286,0.442322147527555,14.7243253968254
2016-06-13,"A2M",20.1147120335714,12.8486345164286,31.3059547985714,0.30275323,0.471794349299311,14.8346031746032
2016-06-13,"A7M",20.0254932128571,11.8808239514286,31.7362640935714,0.232705,0.471794349299311,14.8269047619048
2016-06-13,"T2M",19.7959544321429,11.8091721535714,32.0751435407143,0.221855063357143,0.471794349299311,14.8269246031746
2016-06-27,"A2M",22.9056795657143,14.9056642407143,31.1410893028571,0.333333972071429,0.53484202714765,14.7577777777778
2016-06-27,"A7M",23.2153287614286,13.8249127521429,31.2033628735714,0.268297857142857,0.53484202714765,14.750376984127
2016-06-27,"T2M",23.1327197192857,13.2743924678571,31.4956120085714,0.2738424235,0.53484202714765,14.7503373015873
2016-07-11,"A2M",24.4514373755,15.0128867155,31.253724574,0.3932729445,0.305236187533098,14.5964583333333
2016-07-11,"A7M",25.0244112016667,12.855388005,31.3830194483333,0.347685,0.294675046046737,14.5968518518519
2016-07-11,"T2M",25.1988452925,11.510902548,31.515452291,0.3802206319,0.305236187533098,14.5895138888889
2016-07-25,"A2M",25.3589453021429,15.3661843714286,31.5798281264286,0.416365038785714,0.55775312377293,14.1364285714286
2016-07-25,"A7M",26.3428215307143,13.6738401135714,31.8888583885714,0.36197,0.55775312377293,14.1308134920635
2016-07-25,"T2M",27.0747850957143,12.4197585921429,32.2395504542857,0.407084069642857,0.55775312377293,14.1307738095238
2016-08-08,"A2M",25.9825375414286,15.2856302935714,31.8711793085714,0.445704468714286,0.371679271156141,13.6659920634921
2016-08-08,"A7M",26.9213487071429,12.4222183228571,32.0532573971429,0.414260714285714,0.371679271156141,13.6616666666667
2016-08-08,"T2M",27.3423654014286,10.9000697814286,32.1220861164286,0.456730433928571,0.371679271156141,13.6617261904762
2016-08-22,"A2M",24.60079561,16.7254837578571,31.9606549414286,0.328137993714286,0.651149937346548,13.1378968253968
2016-08-22,"A7M",25.5162722735714,13.7920740664286,32.2635405414286,0.334977142857143,0.651149937346548,13.1350595238095
2016-08-22,"T2M",26.1364808778571,11.9647274021429,32.222649165,0.393659818642857,0.651149937346548,13.1350595238095
2016-09-05,"A2M",23.3583472114286,21.9849514278571,32.004592215,0.0572248243571429,0.321260723194869,12.5780555555556
2016-09-05,"A7M",23.377714975,19.03612927,32.1153296071429,0.124045,0.321260723194869,12.5768055555556
2016-09-05,"T2M",23.1498928064286,16.0607393128571,32.3220235285714,0.196920930428571,0.321260723194869,12.5767857142857
2016-09-19,"A2M",22.4512536192857,21.1032819757143,31.8154600692857,0.0561654852142857,0.672711677777523,12.0047619047619
2016-09-19,"A7M",22.2408249714286,19.0147051135714,32.1430918828571,0.0921742857142857,0.672711677777523,12.0050198412698
2016-09-19,"T2M",22.0934091292857,16.5925269121429,32.4732181007143,0.152802283785714,0.672711677777523,12.0050396825397
2016-10-03,"A2M",19.9105236871429,19.5471575592857,31.7713854642857,0.015140256,0.269115860541918,11.432619047619
2016-10-03,"A7M",19.8270107,19.167211805,32.2746707371429,0.0188514285714286,0.269115860541918,11.4343650793651
2016-10-03,"T2M",19.3254934042857,18.19513539,32.8718209942857,0.0313988337142857,0.269115860541918,11.4343452380952
2016-10-17,"A2M",18.4982573657143,18.5178655914286,32.0502857478571,-0.000817009357142858,0.763599661088866,10.8784920634921
2016-10-17,"A7M",18.4324970242857,17.9848529271429,32.3280424392857,0.01279,0.763599661088866,10.8817063492063
2016-10-17,"T2M",18.4320098342857,17.1451953478571,32.8384797228571,0.0357448467857143,0.763599661088866,10.8817857142857
2016-10-31,"A2M",16.695292745,16.7705373764286,32.40966606,-0.00313519292857143,0.217055226826706,10.3672222222222
2016-10-31,"A7M",16.7889519421429,16.6474105278571,32.8244604392857,0.004045,0.217055226826706,10.3719246031746
2016-10-31,"T2M",16.8996977135714,16.3394150735714,33.1064150678571,0.0155634068571429,0.217055226826706,10.3718849206349
2016-11-14,"A2M",13.7887565071429,13.8697594914286,32.5139108385714,-0.00337512714285714,0.710791251026952,9.93547619047619
2016-11-14,"A7M",14.5786363057143,14.6507107871429,32.983394895,-0.00205857142857143,0.710791251026952,9.94146825396825
2016-11-14,"T2M",15.0358807685714,15.41393246,33.3777038014286,-0.0105014357857143,0.710791251026952,9.94146825396825
2016-11-28,"A2M",11.5570105769231,11.7668399069231,32.5407450753846,-0.00874288884615385,0.325275028024626,9.62630341880342
2016-11-28,"A7M",12.5379272556098,12.8912594026829,33.0825951731707,-0.0100953658536585,0.311668766896798,9.6360433604336
2016-11-28,"T2M",13.2279878239024,13.5457954639024,33.5372792682927,-0.00882799017073171,0.311668766896798,9.6360298102981
2016-12-12,"A2M",9.28282410792857,9.50691468407143,32.5281669064286,-0.00933710728571428,0.657406925974845,9.49775793650794
2016-12-12,"A7M",10.7765207973571,11.0958397728571,33.2943292335714,-0.00912357142857143,0.657406925974845,9.50498015873016
2016-12-12,"T2M",11.91528409,12.0679546757143,33.8534987307143,-0.00424084971428571,0.657406925974845,9.50496031746032
2016-12-26,"A2M",8.303742244875,9.04691745325,32.788390040625,-0.03096563584375,0.44140690578004,9.55877604166667
2016-12-26,"A7M",9.45240560178125,10.5694403952188,33.4030486340625,-0.031914375,0.44140690578004,9.56583333333333
2016-12-26,"T2M",10.8956477625,11.182641982,34.0747242,-0.0079720615,0.778941233039163,9.54798611111111
2017-01-09,"A2M",7.01693841378571,7.82381807064286,32.4970899314286,-0.0336199856428571,0.601962670809617,9.81087301587302
2017-01-09,"A7M",8.33167965078571,9.03654922764286,33.1453753857143,-0.0201385714285714,0.601962670809617,9.81712301587302
2017-01-09,"T2M",9.85229839564286,9.89677436028571,33.7938537607143,-0.0012354435,0.601962670809617,9.81704365079365
2017-01-23,"A2M",6.41458981378571,6.95693785807143,32.4579038621429,-0.0225978351428571,0.481703257788288,10.2070436507937
2017-01-23,"A7M",7.4669526305,8.18207982607143,32.9537846707143,-0.0204321428571429,0.481703257788288,10.2121428571429
2017-01-23,"T2M",8.36887168921429,9.01586777828571,33.3219130378571,-0.0179721136428571,0.481703257788288,10.212123015873
2017-02-06,"A2M",5.47249541964286,6.13031465664286,32.6315073292857,-0.0274091347857143,0.548181993054458,10.7012301587302
2017-02-06,"A7M",6.38651701371429,7.44218063357143,33.1709019792857,-0.0301628571428571,0.548181993054458,10.7050595238095
2017-02-06,"T2M",7.076062475,8.12378842485714,33.4943553378571,-0.0291034985714286,0.548181993054458,10.7050396825397
2017-02-20,"A2M",6.57295431414286,6.03023212292857,32.7973281314286,0.0226134246428571,0.499930598600543,11.2516666666667
2017-02-20,"A7M",7.04891909871429,6.40114685478571,33.2409542628571,0.0185078571428571,0.499930598600543,11.2539087301587
2017-02-20,"T2M",7.38204172692857,6.89817411564286,33.5550501692857,0.0134407669285714,0.499930598600543,11.2538888888889
2017-03-06,"A2M",6.53198204728571,6.57295281535714,32.9853289464286,-0.00170711564285714,0.494946559900146,11.8284126984127
2017-03-06,"A7M",6.91309509957143,7.15671154428571,33.4265583585714,-0.00696,0.494946559900146,11.8290873015873
2017-03-06,"T2M",7.48495609442857,7.84631640578571,33.7663459785714,-0.0100377900714286,0.494946559900146,11.8290674603175
2017-03-20,"A2M",5.96750514835714,5.2651343005,32.0935837885714,0.0292654520714286,0.590002990417842,12.4115079365079
2017-03-20,"A7M",6.09272752492857,5.67947540978571,32.8637221192857,0.0118078571428571,0.590002990417842,12.4106547619048
2017-03-20,"T2M",6.70705206042857,6.36338264592857,33.7557160514286,0.00954637264285714,0.590002990417842,12.4106150793651
2017-04-03,"A2M",8.18459769607143,6.685813529,32.4781631735714,0.0624493404285714,0.443747580093536,12.9849801587302
2017-04-03,"A7M",8.10802306414286,6.76847246721429,32.7391390121429,0.0382728571428571,0.443747580093536,12.9825396825397
2017-04-03,"T2M",7.839554378,7.173556498,33.06701524,0.0184999412142857,0.443747580093536,12.9825595238095
2017-04-17,"A2M",11.6788756514286,8.16716367864286,31.9698506757143,0.146321332142857,0.610420030683107,13.5310912698413
2017-04-17,"A7M",11.459099495,7.62023666921429,32.4790499557143,0.109682142857143,0.610420030683107,13.5270634920635
2017-04-17,"T2M",11.6577672964286,7.75567947107143,32.904387065,0.1083913285,0.610420030683107,13.5271031746032
2017-05-01,"A2M",13.2750213492857,9.39539657335714,32.0294391085714,0.161651032214286,0.391742682622115,14.0248611111111
2017-05-01,"A7M",13.2698443964286,8.33547289028571,32.1380290985714,0.140981428571429,0.391742682622115,14.0195833333333
2017-05-01,"T2M",13.316819465,7.86049927978571,32.2827584407143,0.1515644495,0.391742682622115,14.0195436507937
2017-05-15,"A2M",14.8422218728571,11.0677198,31.2358072828571,0.157270919714286,0.632048300776337,14.432619047619
2017-05-15,"A7M",14.3070937571429,8.56910790707143,31.9618960792857,0.163942857142857,0.632048300776337,14.4260714285714
2017-05-15,"T2M",13.9914460864286,7.7764634065,32.7031514292857,0.172638407857143,0.632048300776337,14.4261507936508
2017-05-29,"A2M",17.1276412,12.2206741064286,31.1642199928571,0.204456962285714,0.340392298444351,14.713869047619
2017-05-29,"A7M",16.6087343364286,9.86571168857143,31.5597160878571,0.192657142857143,0.340392298444351,14.7065277777778
2017-05-29,"T2M",16.4888276378571,8.97626154757143,32.2055912014286,0.2086823915,0.340392298444351,14.7065873015873
2017-06-12,"A2M",19.761457035,12.5500110221429,30.947043145,0.300476917214286,0.72445372405793,14.8326785714286
2017-06-12,"A7M",20.4264282492857,11.2775952478571,31.0616587235714,0.261396428571429,0.72445372405793,14.8249603174603
2017-06-12,"T2M",20.7262582778571,10.5461670347857,31.3078031542857,0.282780312428571,0.72445372405793,14.8249801587302
2017-06-26,"A2M",21.2614831935714,13.9100119721429,31.8987449914286,0.306311300857143,0.289959851833033,14.7718849206349
2017-06-26,"A7M",22.3348154335714,11.9142291207143,32.4057873321429,0.297731428571429,0.289959851833033,14.7644642857143
2017-06-26,"T2M",23.1033337457143,10.2047031265,32.4700867785714,0.358295295071429,0.289959851833033,14.7644444444444
2017-07-10,"A2M",24.1573692057143,13.8719396592857,31.1621394842857,0.4285595645,0.747786334204316,14.5418452380952
2017-07-10,"A7M",25.3755043585714,11.5891451828571,31.7791558671429,0.393896428571429,0.747786334204316,14.5349801587302
2017-07-10,"T2M",26.2092954085714,10.2684578903571,32.1833605085714,0.442801042285714,0.747786334204316,14.5350595238095
2017-07-24,"A2M",23.4256977342857,17.18576152,31.7538322728571,0.259997342357143,0.240414801893129,14.1747619047619
2017-07-24,"A7M",23.7246048785714,13.006980555,31.9621128357143,0.306217857142857,0.240414801893129,14.1690873015873
2017-07-24,"T2M",24.1687079842857,10.8317644249286,31.9287422742857,0.370470654285714,0.240414801893129,14.1689880952381
2017-08-07,"A2M",24.5676494328571,17.0424240657143,31.7346401214286,0.313551057,0.69926541102536,13.7110714285714
2017-08-07,"A7M",24.9710668842857,13.0538456785714,32.1724797671429,0.340490714285714,0.69926541102536,13.7066865079365
2017-08-07,"T2M",24.7956334521429,11.0645789418571,32.0449865885714,0.381418180857143,0.69926541102536,13.7067063492063
2017-08-21,"A2M",24.3988236007143,19.6516438892857,31.9233442021429,0.197799154571429,0.261330150619805,13.1869841269841
2017-08-21,"A7M",24.5895016535714,15.649354935,31.8534932814286,0.255432142857143,0.261330150619805,13.1839880952381
2017-08-21,"T2M",24.2899530935714,13.181431975,31.874178205,0.308570031,0.261330150619805,13.1841071428571
2017-09-04,"A2M",22.365718705,18.7135043842857,31.1653862007143,0.152175596785714,0.650080447338003,12.6292261904762
2017-09-04,"A7M",22.2627236507143,15.1793445171429,31.501224245,0.202382142857143,0.650080447338003,12.6277777777778
2017-09-04,"T2M",22.1437662664286,13.88070195,31.67179026,0.2295295645,0.650080447338003,12.6278373015873
2017-09-18,"A2M",22.0773702342857,21.0580086021429,31.1941325314286,0.0424734012142857,0.352463193309278,12.0564484126984
2017-09-18,"A7M",21.376988275,19.0030998507143,31.2924409592857,0.0678257142857143,0.352463193309278,12.0565873015873
2017-09-18,"T2M",20.900887625,16.5942931871429,31.652412415,0.119627623285714,0.352463193309278,12.056626984127
2017-10-02,"A2M",21.3491212292857,19.7611752928571,31.1822203228571,0.0661644139285714,0.600221561852127,11.4836111111111
2017-10-02,"A7M",20.9555014207143,17.9379274507143,31.4945304057143,0.0862178571428571,0.600221561852127,11.4852380952381
2017-10-02,"T2M",20.5193450107143,16.6837582578571,31.9413739607143,0.106544076428571,0.600221561852127,11.4852777777778
2017-10-16,"A2M",19.5614727557143,19.204885755,31.0679149628571,0.0148577917142857,0.371443498425285,10.927003968254
2017-10-16,"A7M",19.4074809214286,18.3052727835714,31.71250643,0.0314914285714286,0.371443498425285,10.9301785714286
2017-10-16,"T2M",19.1721546985714,17.7329506185714,32.1200068335714,0.0399778910714286,0.371443498425285,10.9301587301587
2017-10-30,"A2M",17.860504695,18.0380573271429,31.6460465035714,-0.00739802635714286,0.547634190260666,10.4105555555556
2017-10-30,"A7M",17.9355630871429,18.1044307435714,31.8728072307143,-0.00482428571428572,0.547634190260666,10.4151587301587
2017-10-30,"T2M",17.9616279607143,18.1779436378571,32.2099554885714,-0.00600876878571429,0.547634190260666,10.4151785714286
2017-11-13,"A2M",14.5736664863636,14.7272085709091,31.5941652818182,-0.00639758690909091,0.530073866055552,10.0102525252525
2017-11-13,"A7M",15.1388796647059,15.2637092641176,32.1503964611765,-0.00356588235294118,0.519453815613378,10.01125
2017-11-13,"T2M",15.5329017645455,15.4539359709091,32.5835817490909,0.00219349436363636,0.530073866055552,10.0160101010101
2021-05-24,"RTWB",16.7174993009091,13.0089203227273,32.2794848363636,0.0975941836363636,0.699302553893776,14.652196969697
2021-06-07,"RTWB",20.4335967471429,12.7893806864286,31.8843127664286,0.2011635805,0.386759599574637,14.8026587301587
2021-06-21,"RTWB",22.8772046228571,14.196709905,32.124153955,0.228434071571429,0.596364098368566,14.8067658730159
2021-07-05,"RTWB",23.7192351478571,15.0122498792857,32.4778043207143,0.229131191285714,0.47944231434558,14.6353571428571
2021-07-19,"RTWB",24.29909788,13.94551502,32.4153258457143,0.272462706714286,0.548189749941371,14.3139285714286
2021-08-02,"RTWB",24.1457549492857,12.9853497228571,31.9933102478571,0.293694874357143,0.501529875746673,13.8817261904762
2021-08-16,"RTWB",26.4166498185714,13.9246899071429,31.5662686485714,0.328735787142857,0.49771498936999,13.3771825396825
2021-08-30,"RTWB",24.4246233528571,13.7296090814286,31.4465024135714,0.281447744071429,0.523466737470151,12.8305555555556
2021-09-13,"RTWB",23.5995498392857,15.3200404978571,31.5222627092857,0.217881824714286,0.447851637192479,12.2629166666667
2021-09-27,"RTWB",22.1801498957143,16.1008873664286,31.2872701364286,0.159980592928571,0.613473321760712,11.6899603174603
2021-10-11,"RTWB",20.8315270285714,18.8224928042857,32.0477360314286,0.0528693216428571,0.39537345923503,11.1268055555556
2021-10-25,"RTWB",18.89005593,18.2492678521429,32.5972633364286,0.016862844,0.632807784336631,10.5939484126984
2021-11-08,"RTWB",16.5225273528571,16.4850455678571,32.9708055764286,0.000986362785714285,0.342581564323549,10.1224603174603
2021-11-22,"RTWB",14.0679139407143,15.0522627157143,33.0416011814286,-0.0259039151428571,0.722428136150442,9.75545634920635
2021-12-06,"RTWB",12.983358315,14.2753514564286,32.9939131057143,-0.0339998196428571,0.288551166764521,9.54105158730159
2021-12-20,"RTWB",11.7745889935714,12.6414800371429,33.2880278992857,-0.0228129221428571,0.740108602576219,9.51543650793651
2022-01-03,"RTWB",9.91141476007143,10.2207364350714,33.3782065257143,-0.00814004414285714,0.234466701527966,9.68430555555556
2022-01-17,"RTWB",8.60579582361538,8.71297729938462,33.6237165,-0.00282056515384615,0.669144730384032,10.0044444444444
2022-01-31,"RTWB",6.69838918964286,6.946275098,33.3560859135714,-0.00652331114285714,0.321732883566739,10.4741666666667
2022-02-14,"RTWB",6.79486717507143,7.03593747964286,33.2372591842857,-0.0063439555,0.632792367812227,11.0021825396825
2022-02-28,"RTWB",7.75708784378571,7.86785602564286,32.9689246585714,-0.00291495214285714,0.33951565045082,11.5685119047619
2022-03-14,"RTWB",8.58127480276923,8.71659454915385,32.8355307953846,-0.003561046,0.572878004530779,12.141217948718
2022-03-28,"RTWB",8.62147028107143,8.85758352292857,32.5942516321429,-0.00621350657142857,0.358659595620546,12.7274801587302
2022-04-11,"RTWB",9.784581729,8.66973945078571,32.1592279164286,0.0293379547142857,0.528843276000331,13.2868452380952
2022-04-25,"RTWB",11.012423515,9.21852922464286,32.6220019214286,0.0472077444285714,0.448387624860727,13.8064682539683
2022-05-09,"RTWB",12.2303784242857,10.2883373,32.3095873421429,0.0511063478571429,0.479139679539546,14.2563888888889
2022-05-23,"RTWB",17.2681924942857,10.3011249135714,31.1427510128571,0.183343883714286,0.540449190166093,14.5985515873016
2022-06-06,"RTWB",20.6948566442857,11.9411243707143,31.1701664242857,0.230361375571429,0.430458316941694,14.7934126984127
2022-06-20,"RTWB",21.22835854,12.65701001,31.8968800128571,0.225561803571429,0.632389451589569,14.8137698412698
2022-07-04,"RTWB",24.1959998264286,14.0181203571429,32.2144911621429,0.267838933428571,0.382334844150662,14.6574206349206
2022-07-18,"RTWB",25.24300112,16.453144415,32.6661205292857,0.2313120185,0.654240778191086,14.3480753968254
2022-08-01,"RTWB",25.5949009485714,17.1243662842857,32.8961157114286,0.222908806928571,0.334392890341753,13.9241071428571
2022-08-15,"RTWB",24.7243129185714,14.9425818571429,32.8364979871429,0.257413975357143,0.7453746141905,13.4247222222222
2022-08-29,"RTWB",25.1346105842857,16.4241262164286,32.7956474842857,0.229223272857143,0.2838942547951,12.880873015873
2022-09-12,"RTWB",23.5583008364286,18.1454912607143,32.7871622385714,0.142442357357143,0.765315710836256,12.3144841269841
2022-09-26,"RTWB",20.0763146528571,17.7907545214286,32.7481515057143,0.0601463191428571,0.234634774938275,11.7413492063492
2022-10-10,"RTWB",17.7847418107143,17.2546273635714,33.0683228635714,0.0139503801428571,0.712977852229296,11.1766071428571
2022-10-24,"RTWB",17.1939363492857,17.0984170085714,33.2480970121429,0.00251366678571429,0.325827080209541,10.6399007936508
2022-11-07,"RTWB",16.8254226964286,16.795356615,33.38447489,0.000791212571428571,0.658971057931161,10.1613095238095
2022-11-21,"RTWB",14.54622146,14.6609221857143,33.7380956921429,-0.00301844107142857,0.416205192445633,9.78287698412698
2022-12-05,"RTWB",12.7217676978571,12.7665673664286,33.6016595021429,-0.00117893857142857,0.603948697547636,9.55295634920635
2022-12-19,"RTWB",10.5117409577857,11.1564513621429,33.5207865578571,-0.0169660589285714,0.434903479510275,9.50964285714286
2023-01-02,"RTWB",9.09152500964286,11.2933481757143,32.5673520207143,-0.0579427149285714,0.549536401510223,9.66166666666667
2023-01-16,"RTWB",8.52866697314286,9.20175586421429,32.84717478,-0.0177128655714286,0.453393586323752,9.98367063492064
2023-01-30,"RTWB",7.7237039975,8.1893577575,32.8207449221429,-0.0122540463571429,0.493680181944205,10.4295436507937
2023-02-13,"RTWB",7.80677151671429,8.037631103,32.4276668014286,-0.00607525228571429,0.542048287011599,10.9526785714286
2023-02-27,"RTWB",7.65184266235714,7.70727341507143,32.4069750642857,-0.001458704,0.438473340680357,11.5167063492063
2023-03-13,"RTWB",7.58958911885714,7.63916509478571,32.1656663064286,-0.00130462757142857,0.56177369136152,12.0969642857143
2023-03-27,"RTWB",8.788438797,7.9793503285,31.8686135157143,0.0212918017857143,0.385063506893634,12.6760119047619
2023-04-10,"A2M",13.078715325,9.68803119525,30.7036395075,0.1412785055,0.29964000802787,13.4360416666667
2023-04-10,"A7M",13.0088772775,9.411183357,31.130994795,0.10279,0.29964000802787,13.4323611111111
2023-04-10,"RTWB",12.3689797471923,9.255333937,31.2971497307692,0.0819380476538462,0.490272533284088,13.3275213675214
2023-04-10,"T2M",12.97393799,9.24051308625,31.5046792025,0.10370624725,0.29964000802787,13.4325
2023-04-24,"A2M",12.9762734678571,10.967430319,31.2271039142857,0.0837017978571429,0.333231860479416,13.7665674603175
2023-04-24,"A7M",12.6929955471429,10.1788706092857,31.73827975,0.0718314285714286,0.333231860479416,13.7620634920635
2023-04-24,"RTWB",12.6929955471429,10.1788706092857,31.73827975,0.0661611825,0.333231860479416,13.7620634920635
2023-04-24,"T2M",12.5804856857143,9.93338918657143,32.1786463614286,0.0735304583571429,0.333231860479416,13.7619642857143
2023-05-08,"A2M",15.3140354828571,11.6074253485714,30.2422186985714,0.154442089,0.675734525698545,14.2256547619048
2023-05-08,"A7M",15.0380968378571,10.8155629285714,30.9858053757143,0.120643571428571,0.675734525698545,14.2197420634921
2023-05-08,"RTWB",15.0380968378571,10.8155629285714,30.9858053757143,0.111119313285714,0.675734525698545,14.2197222222222
2023-05-08,"T2M",14.864089625,10.4041040292857,31.7858766828571,0.123888488785714,0.675734525698545,14.2196626984127
2023-05-22,"A2M",16.0593026028571,14.5996227942857,31.1807591564286,0.0608199917857143,0.281673408626106,14.5802579365079
2023-05-22,"A7M",15.6608880571429,12.3523067057143,31.8091106414286,0.0945307142857143,0.281673408626106,14.5732738095238
2023-05-22,"RTWB",15.6608880571429,12.3523067057143,31.8091106414286,0.0870679302142857,0.281673408626106,14.5733333333333
2023-05-22,"T2M",15.5603785514286,10.7733788492857,32.425208365,0.132972214,0.281673408626106,14.5732341269841
2023-06-05,"A2M",18.4969885685714,15.7758658957143,31.0724029542857,0.113380111357143,0.76905532624706,14.790376984127
2023-06-05,"A7M",17.9129605285714,13.389991215,31.3990346371429,0.129226428571429,0.76905532624706,14.7827976190476
2023-06-05,"RTWB",17.9129605285714,13.389991215,31.3990346371429,0.119025508357143,0.76905532624706,14.7827777777778
2023-06-05,"T2M",17.3072409614286,10.9088177685714,31.8971845085714,0.177733977571429,0.76905532624706,14.7828174603175
2023-06-19,"A2M",20.7743700578571,17.1056007657143,30.7763511107143,0.152865387142857,0.231826100637752,14.827003968254
2023-06-19,"A7M",20.6105383457143,14.7276956692857,31.184296335,0.168080714285714,0.231826100637752,14.8194047619048
2023-06-19,"RTWB",20.6105383457143,14.7276956692857,31.184296335,0.154811649285714,0.231826100637752,14.8193650793651
2023-06-19,"T2M",20.4649738578571,12.5985705528571,31.7391593114286,0.218511203,0.231826100637752,14.8193650793651
2023-07-03,"A2M",24.641161375,16.501270635,30.7942679278571,0.339162114214286,0.721016861529539,14.685496031746
2023-07-03,"A7M",25.1115674978571,13.9203448278571,30.986349515,0.319749285714286,0.721016861529539,14.6781944444444
2023-07-03,"RTWB",25.1115674978571,13.9203448278571,30.986349515,0.294505859714286,0.721016861529539,14.6782341269841
2023-07-03,"T2M",25.2516246521429,12.2022020485714,31.0853375021429,0.362483961214286,0.721016861529539,14.6782738095238
2023-07-17,"A2M",25.0488501957143,15.8746258178571,30.5188341142857,0.382259349071429,0.253219944293645,14.3874801587302
2023-07-17,"A7M",25.6235479614286,13.0037058428571,30.8632139471429,0.360567142857143,0.253219944293645,14.3811507936508
2023-07-17,"RTWB",25.6235479614286,13.0037058428571,30.8632139471429,0.3321011085,0.253219944293645,14.3811507936508
2023-07-17,"T2M",26.054332325,11.1600426267857,31.00233228,0.413730269285714,0.253219944293645,14.3812103174603
2023-07-31,"A2M",22.9285131178571,14.8394263807143,30.8547736571429,0.337045280714286,0.672544998062895,13.9709722222222
2023-07-31,"A7M",23.5744638435714,13.2901055478571,31.0576507021429,0.293838571428571,0.672544998062895,13.9658928571429
2023-07-31,"RTWB",23.5744638435714,13.2901055478571,31.0576507021429,0.270641007928571,0.672544998062895,13.9658928571429
2023-07-31,"T2M",24.3551571721429,12.5944570814286,31.1211794442857,0.326686113642857,0.672544998062895,13.9659126984127
2023-08-14,"A2M",24.1169501721429,18.56822191,31.3534716192857,0.231197011,0.344719018279314,13.4755952380952
2023-08-14,"A7M",24.8819727214286,17.1880394378571,31.9575518207143,0.219825714285714,0.344719018279314,13.4718849206349
2023-08-14,"RTWB",24.8819727214286,17.1880394378571,31.9575518207143,0.202471928571429,0.344719018279314,13.4719246031746
2023-08-14,"T2M",25.4371085842857,16.403152465,31.8492874421429,0.2509432255,0.344719018279314,13.4718849206349
2023-08-28,"A2M",23.8406174535714,20.4973921085714,31.4379519057143,0.139301056,0.623626877056878,12.9332341269841
2023-08-28,"A7M",24.25759479,17.9549106878571,31.8976143428571,0.180076428571429,0.623626877056878,12.9309523809524
2023-08-28,"RTWB",24.25759479,17.9549106878571,31.8976143428571,0.165860107928571,0.623626877056878,12.9309722222222
2023-08-28,"T2M",24.531585285,16.0804833664286,31.9930691042857,0.234752830928571,0.623626877056878,12.9309920634921
2023-09-11,"A2M",23.8602613728571,22.149820465,31.238141605,0.0712683711428571,0.365929093996608,12.366626984127
2023-09-11,"A7M",23.6164588942857,18.85546003,31.3244819628571,0.136028571428571,0.365929093996608,12.3659126984127
2023-09-11,"RTWB",23.6164588942857,18.85546003,31.3244819628571,0.125289443642857,0.365929093996608,12.3658928571429
2023-09-11,"T2M",23.59624522,16.1909767557143,31.5096070428571,0.205701901928571,0.365929093996608,12.3659325396825
2023-09-25,"A2M",20.1028236657143,19.6517741342857,31.13933168,0.0187937325,0.572286887089256,11.7920436507937
2023-09-25,"A7M",19.6896678378571,19.0378006514286,31.7723029007143,0.0186235714285714,0.572286887089256,11.7928968253968
2023-09-25,"RTWB",19.6896678378571,19.0378006514286,31.7723029007143,0.0171543955714286,0.572286887089256,11.7928571428571
2023-09-25,"T2M",19.7619172507143,18.5997318542857,32.3497092378571,0.0322829252142857,0.572286887089256,11.7928174603175
2023-10-09,"A2M",18.6024665828571,18.7599315635714,31.0267342142857,-0.00656104085714286,0.455916148962784,11.224246031746
2023-10-09,"A7M",18.6960902892857,18.50265285,32.0258062892857,0.00552714285714286,0.455916148962784,11.2265674603175
2023-10-09,"RTWB",18.6960902892857,18.50265285,32.0258062892857,0.00509045885714286,0.455916148962784,11.2265674603175
2023-10-09,"T2M",19.3004094521429,18.2643372664286,32.5622258864286,0.0287797830714286,0.455916148962784,11.2266468253968
2023-10-23,"A2M",17.6595563885714,17.5132154742857,31.2446438921429,0.00609753814285714,0.52095874444923,10.6825198412698
2023-10-23,"A7M",17.7046394342857,17.4984809342857,31.8212769371429,0.00589071428571428,0.52095874444923,10.6863492063492
2023-10-23,"RTWB",17.7046394342857,17.4984809342857,31.8212769371429,0.00542522385714286,0.52095874444923,10.686369047619
2023-10-23,"T2M",17.7598995485714,17.6631084171429,32.4192191535714,0.00268864271428571,0.52095874444923,10.6863293650794
2023-11-06,"A2M",15.7940023285714,15.9764705385714,31.4509412214286,-0.007602842,0.545672905722388,10.195753968254
2023-11-06,"A7M",16.0935418957143,15.9622736635714,32.089370455,0.00375,0.545672905722388,10.2009325396825
2023-11-06,"RTWB",16.0935418957143,15.9622736635714,32.089370455,0.00345442707142857,0.545672905722388,10.2009722222222
2023-11-06,"T2M",16.1985504285714,15.6134529785714,32.4396771014286,0.0162527069285714,0.545672905722388,10.2009722222222
2023-11-20,"A2M",13.6175490107143,13.7550626478571,31.5454476235714,-0.00572973471428571,0.468122703076154,9.80517857142857
2023-11-20,"A7M",14.2005487857143,14.2532499857143,32.0792462471429,-0.00150571428571429,0.468122703076154,9.81154761904762
2023-11-20,"RTWB",14.2005487857143,14.2532499857143,32.0792462471429,-0.00138687178571429,0.468122703076154,9.81152777777778
2023-11-20,"T2M",14.1353721607143,14.1199856478571,32.31999043,0.000427404142857143,0.468122703076154,9.81152777777778
2023-12-04,"A2M",11.3666986742857,11.8846872178571,31.3730976921429,-0.0215828560714286,0.633422103694644,9.55930555555556
2023-12-04,"A7M",12.2966706407143,12.5329759464286,32.0212839678571,-0.00675285714285714,0.633422103694644,9.56640873015873
2023-12-04,"RTWB",12.2966706407143,12.5329759464286,32.0212839678571,-0.00621856064285714,0.633422103694644,9.56640873015873
2023-12-04,"T2M",12.606070245,12.6372754228571,32.3138642992857,-0.000866810642857143,0.633422103694644,9.56642857142857
2023-12-18,"A2M",10.0363723215,10.4075031957143,30.5139168328571,-0.0154637865,0.415039038492629,9.4981746031746
2023-12-18,"A7M",10.9613317764286,10.9604614121429,31.9356724864286,2.50000000000004e-05,0.415039038492629,9.50537698412698
2023-12-18,"RTWB",10.9613317764286,10.9604614121429,31.9356724864286,2.29017142857145e-05,0.415039038492629,9.50539682539683
2023-12-18,"T2M",11.29321909,11.2092310364286,32.3252563478571,0.00233300492857143,0.415039038492629,9.50539682539683
2024-01-01,"A2M",8.50142485742857,9.50108078535714,30.0693325314286,-0.0416523301428571,0.650773668097689,9.63371031746032
2024-01-01,"A7M",9.49044057307143,9.72813211142857,31.5697262628571,-0.00679071428571429,0.650773668097689,9.64051587301587
2024-01-01,"RTWB",9.49044057307143,9.72813211142857,31.5697262628571,-0.00625504028571429,0.650773668097689,9.64051587301587
2024-01-01,"T2M",10.0026475362143,10.0294370650714,32.0712763914286,-0.000744153499999999,0.650773668097689,9.64043650793651
2024-01-15,"A2M",6.84071428442857,7.672715153,29.9349427907143,-0.0346667029285714,0.360104282615513,9.94297619047619
2024-01-15,"A7M",7.55257507742857,8.90510933728572,30.7325365885714,-0.0386442857142857,0.360104282615513,9.94894841269841
2024-01-15,"RTWB",7.55257507742857,8.90510933728572,30.7325365885714,-0.0355930068571429,0.360104282615513,9.94888888888889
2024-01-15,"T2M",8.53516943121429,9.59871980078571,31.7010139735714,-0.0295430657857143,0.360104282615513,9.94886904761905
2024-01-29,"A2M",6.48265232371429,6.45897333957143,30.0615677164286,0.000986624357142858,0.668249523474097,10.3810119047619
2024-01-29,"A7M",6.86710442807143,7.09987163535714,30.903580665,-0.00665142857142857,0.668249523474097,10.3856150793651
2024-01-29,"RTWB",6.86710442807143,7.09987163535714,30.903580665,-0.00612545421428571,0.668249523474097,10.3856547619048
2024-01-29,"T2M",7.70645223335714,7.87241159178571,31.9017489307143,-0.00460998214285714,0.668249523474097,10.3857142857143
2024-02-12,"A2M",5.94504891121429,6.15799597342857,29.9430232742857,-0.00887279421428571,0.30568269429411,10.9003571428571
2024-02-12,"A7M",6.499771016,6.88756387592857,31.0811523707143,-0.0110792857142857,0.30568269429411,10.9034920634921
2024-02-12,"RTWB",6.499771016,6.88756387592857,31.0811523707143,-0.0102050752142857,0.30568269429411,10.9035515873016
2024-02-12,"T2M",7.16320773535714,7.240447419,31.9998881478571,-0.00214554685714286,0.30568269429411,10.9035317460317
2024-02-26,"A2M",6.79474016585714,6.631910869,30.6332210821429,0.00678455414285714,0.756653351254078,11.4632936507937
2024-02-26,"A7M",6.99339400021429,6.75597752842857,30.9079589835714,0.00678357142857143,0.756653351254078,11.465
2024-02-26,"RTWB",6.99339400021429,6.75597752842857,30.9079589835714,0.00624780192857143,0.756653351254078,11.4649603174603
2024-02-26,"T2M",7.27413821214286,7.010731731,31.4161164428571,0.00731684657142857,0.756653351254078,11.4649603174603
2024-03-11,"A2M",8.27193287435714,7.771239485,29.993306295,0.0208622245714286,0.252799344786503,12.0444444444444
2024-03-11,"A7M",8.15896705207143,7.91322469707143,30.8926884778571,0.00702142857142857,0.252799344786503,12.044503968254
2024-03-11,"RTWB",8.15896705207143,7.91322469707143,30.8926884778571,0.00646690407142857,0.252799344786503,12.0445436507937
2024-03-11,"T2M",8.23198025564286,8.12662860328571,31.57334968,0.00292643492857143,0.252799344786503,12.0444841269841
2024-03-25,"A2M",8.27532723978571,7.92369110257143,30.1734279907143,0.0146515058571429,0.704498949100354,12.6257738095238
2024-03-25,"A7M",7.99053723471429,7.80956302364286,31.3348432271429,0.00517,0.704498949100354,12.6243452380952
2024-03-25,"RTWB",7.99053723471429,7.80956302364286,31.3348432271429,0.00476247928571428,0.704498949100354,12.6243452380952
2024-03-25,"T2M",7.94570657185714,7.72604342857143,31.8023290635714,0.00610175392857143,0.704498949100354,12.6242857142857
2024-04-08,"A2M",9.8330591194,8.032187748,29.139416314,0.0750363071,0.235925876046397,13.1129444444444
2024-04-08,"A7M",9.4519052502,7.6164764405,30.205161286,0.05244,0.235925876046397,13.1101944444444
2024-04-08,"RTWB",9.53129031404545,7.64632719220455,30.20353404,0.0496042926136364,0.247500530473625,13.1350757575758
2024-04-08,"T2M",9.0573418143,7.3745640277,30.953094673,0.0467438272,0.235925876046397,13.1100833333333
2024-04-22,"RTWB",11.1045447078571,8.10946229528571,30.2322049821429,0.0788179581428571,0.653355632625695,13.7170833333333
2024-05-06,"RTWB",12.4270289964286,9.46485069792857,30.3323398307143,0.0779520605714286,0.363830282368921,14.1821825396825
2024-05-20,"RTWB",15.7738622264286,11.2198733614286,29.6120841171429,0.119841812428571,0.604021715999538,14.5468055555556
2024-06-03,"RTWB",19.6076201035714,11.1990037628571,28.8576993942857,0.221279377357143,0.385313239657529,14.7707341269841
2024-06-17,"RTWB",22.3567965357143,11.5948751328571,30.5329014921429,0.283208458071429,0.553841760523885,14.8234920634921
2024-07-01,"RTWB",23.10300214,12.9169303357143,31.83881787,0.268054521214286,0.407223482630073,14.6977976190476
2024-07-15,"RTWB",23.81314087,13.9519949,32.03308487,0.259503841,0.284317607613027,14.5688888888889
2024-10-21,"RTWB",17.7044610975,17.31609487625,31.98451352,0.010220163625,0.688487450542389,10.6207291666667
2024-11-04,"RTWB",17.1109307142857,16.9001872214286,32.1782422742857,0.00554588142857143,0.305217319947724,10.2413492063492
2024-11-18,"RTWB",15.079907145,15.4832150585714,32.6044611242857,-0.0106133681428571,0.788912824351843,9.84136904761905
2024-12-02,"RTWB",12.3983060971429,13.6448044778571,33.21070235,-0.0328025888571429,0.251617189528124,9.58136904761905
2024-12-16,"RTWB",10.6349673267143,10.8048666547857,33.3141187935714,-0.00447103285714286,0.734492089749659,9.50279761904762
2024-12-30,"RTWB",9.90291214,10.452225205,33.25177002,-0.0144556075,0.488655949983766,9.53861111111111
