Date,Site,sst,bottom_temp,sss,stratification,phase,daylight_hours,device_type,percent_occurrence,period
11/3/14,A2M,15.26032135,15.42330626,32.57532474,-0.006791038,0.584875063,10.28236111,Archival,7,1
11/3/14,A7M,15.9565209,16.13727774,33.04667119,-0.005162857,0.584875063,10.28728175,Archival,0,1
11/3/14,T2M,16.38800812,16.83557708,33.35065106,-0.012432471,0.584875063,10.28734127,Archival,0,1
11/17/14,A2M,12.36638055,12.51815605,32.67968668,-0.006323979,0.465984918,9.869801587,Archival,21,1
11/17/14,A7M,13.83821699,14.40948718,33.3199373,-0.016322857,0.465984918,9.875992063,Archival,36,1
11/17/14,T2M,14.53034135,15.24158955,33.68420437,-0.019756894,0.465984918,9.87593254,Archival,21,1
12/1/14,A2M,10.26720756,10.61157254,32.51761218,-0.014348541,0.53073366,9.592857143,Archival,57,1
12/1/14,A7M,11.51593154,11.8165369,33.1338501,-0.008588571,0.53073366,9.599801587,Archival,57,1
12/1/14,T2M,12.59565217,12.67446518,33.61156545,-0.002189251,0.53073366,9.599742063,Archival,21,1
12/15/14,A2M,7.858706508,8.80592823,31.52163342,-0.039467572,0.554089693,9.49452381,Archival,36,1
12/15/14,A7M,9.161205905,9.728310585,32.59349196,-0.016202857,0.554089693,9.501746032,Archival,50,1
12/15/14,T2M,10.16152477,10.37771293,33.27903366,-0.006005227,0.554089693,9.501765873,Archival,43,1
12/29/14,A2M,7.225738798,8.111671039,31.85111114,-0.036913843,0.475103078,9.593353175,Archival,14,1
12/29/14,A7M,8.334824187,9.914713791,32.56787627,-0.045140714,0.475103078,9.60031746,Archival,43,1
12/29/14,T2M,9.265937772,10.73104062,33.13761548,-0.040697301,0.475103078,9.600337302,Archival,21,1
1/12/15,A2M,5.447614636,6.203253372,32.10512189,-0.031484947,0.572013386,9.872638889,Archival,57,1
1/12/15,A7M,6.931503773,7.71184567,33.08343778,-0.022296429,0.572013386,9.878789683,Archival,93,1
1/12/15,T2M,8.076738766,8.634914636,33.70445524,-0.015504885,0.572013386,9.878769841,Archival,86,1
1/26/15,A2M,3.805981909,4.340854492,32.15413053,-0.022286358,0.419545875,10.29011905,Archival,50,1
1/26/15,A7M,5.181646517,5.38206751,33.21634919,-0.005725714,0.419545875,10.29498016,Archival,43,1
1/26/15,T2M,6.080544846,6.247607367,33.65660422,-0.004640626,0.419545875,10.295,Archival,43,1
2/9/15,A2M,2.057853669,2.411937305,32.57291957,-0.014753485,0.660421875,10.79718254,Archival,29,1
2/9/15,A7M,3.253497498,3.707516841,33.21932329,-0.012970714,0.660421875,10.80059524,Archival,50,1
2/9/15,T2M,4.6270223,4.836446166,33.69184113,-0.005817333,0.660421875,10.80071429,Archival,43,1
2/23/15,A2M,1.777946966,2.284141047,32.0827085,-0.02109142,0.366514601,11.35416667,Archival,36,1
2/23/15,A7M,2.804841382,3.428446225,33.12759399,-0.017817143,0.366514601,11.35615079,Archival,43,1
2/23/15,T2M,4.203584399,4.529566952,33.75350353,-0.00905507,0.366514601,11.35613095,Archival,36,1
3/9/15,A2M,3.130844457,2.869731818,31.63016197,0.010879693,0.680101586,11.93335317,Archival,36,1
3/9/15,A7M,4.088369557,4.004481316,32.70946693,0.002396429,0.680101586,11.93378968,Archival,43,1
3/9/15,T2M,5.460360936,5.292314325,33.80738476,0.004667961,0.680101586,11.93371032,Archival,57,1
3/23/15,A2M,4.417543105,3.752443825,31.6605226,0.02771247,0.313352144,12.51585317,Archival,7,1
3/23/15,A7M,5.061054638,4.669787356,32.72257614,0.011179286,0.313352144,12.51472222,Archival,0,1
3/23/15,T2M,5.830098493,6.082276685,33.4034996,-0.00700495,0.313352144,12.51468254,Archival,7,1
4/6/15,A2M,7.360598019,4.572379827,31.56647478,0.116175758,0.700562414,13.08587302,Archival,0,1
4/6/15,A7M,7.637798445,5.698412418,32.03797558,0.055411429,0.700562414,13.08323413,Archival,0,1
4/6/15,T2M,8.361216647,6.476105315,32.34236254,0.052364204,0.700562414,13.08313492,Archival,0,1
4/20/15,A2M,9.594740118,5.510813083,31.21657985,0.170163627,0.261247604,13.62460317,Archival,0,1
4/20/15,A7M,9.342131343,6.029557262,32.06676224,0.094644286,0.261247604,13.62041667,Archival,7,1
4/20/15,T2M,9.816358362,7.029715879,32.70560483,0.077406736,0.261247604,13.62041667,Archival,21,1
5/4/15,A2M,14.07117578,6.83267137,30.86506312,0.301604351,0.721832499,14.10581349,Archival,0,1
5/4/15,A7M,14.1342503,6.560153484,30.98658902,0.216402143,0.721832499,14.10025794,Archival,0,1
5/4/15,T2M,14.02649498,6.917839527,31.49817698,0.197462652,0.721832499,14.10021825,Archival,0,1
5/18/15,A2M,16.46711445,10.69457419,32.12227426,0.240522511,0.211023172,14.49375,Archival,0,1
5/18/15,A7M,16.69345944,9.787136044,32.36550863,0.197323571,0.211023172,14.48704365,Archival,7,1
5/18/15,T2M,16.61228166,9.561874082,32.39740086,0.195844655,0.211023172,14.48710317,Archival,7,1
6/1/15,A2M,18.38407094,13.70347323,32.29983657,0.195024905,0.673352892,14.7480754,Archival,0,1
6/1/15,A7M,18.59603255,11.89126682,32.38236509,0.191564286,0.673352892,14.74065476,Archival,0,1
6/1/15,T2M,18.69812448,11.31190307,32.55728831,0.205172817,0.673352892,14.74063492,Archival,0,1
6/15/15,A2M,22.10515635,12.96413435,31.63951956,0.380875917,0.302270427,14.83507937,Archival,14,1
6/15/15,A7M,22.54431275,11.35890777,31.91615091,0.319582857,0.302270427,14.82736111,Archival,14,1
6/15/15,T2M,22.88327599,10.13984612,32.32131059,0.353984163,0.302270427,14.82742063,Archival,14,1
6/29/15,A2M,22.88410541,13.27801493,31.10044806,0.40025377,0.623749446,14.74228175,Archival,0,1
6/29/15,A7M,23.30894225,11.25242594,31.31086254,0.344470714,0.623749446,14.73490079,Archival,0,1
6/29/15,T2M,23.77147838,9.904141699,31.96181761,0.385203797,0.623749446,14.73486111,Archival,0,1
7/13/15,A2M,24.64568806,15.14812299,31.49838816,0.395731878,0.393292861,14.48472222,Archival,0,1
7/13/15,A7M,24.84022304,13.01860121,31.7231057,0.337760714,0.393292861,14.47811508,Archival,7,1
7/13/15,T2M,25.35866288,11.83405433,32.03146485,0.375683571,0.393292861,14.47811508,Archival,7,1
7/27/15,A2M,25.44406632,19.46500472,32.46324321,0.249127567,0.575807692,14.09724206,Archival,7,1
7/27/15,A7M,25.94643375,17.10526112,32.52584212,0.252602857,0.575807692,14.09180556,Archival,0,1
7/27/15,T2M,26.13596903,15.48870107,32.50643049,0.295757443,0.575807692,14.09180556,Archival,0,1
8/10/15,A2M,24.98048415,16.39995214,32.40553311,0.357522167,0.414948779,13.62039683,Archival,0,1
8/10/15,A7M,25.42615754,12.81629508,32.48177283,0.360283571,0.414948779,13.61625,Archival,0,1
8/10/15,T2M,25.60713182,10.41355998,32.2804154,0.422043662,0.414948779,13.61619048,Archival,0,1
8/24/15,A7M,25.59011745,11.7681645,32.34074102,0.394913571,0.527208399,13.08579365,Archival,0,1
8/24/15,T2M,25.7213974,9.618557522,32.25680814,0.447301108,0.527208399,13.08581349,Archival,7,1
9/7/15,A2M,24.21951676,16.31678772,32.17758561,0.329280377,0.192434165,12.28166667,Archival,0,1
9/7/15,A7M,24.47471237,12.84303341,31.99565392,0.332332667,0.485422805,12.50939815,Archival,0,1
9/7/15,T2M,24.67813574,11.16384303,32.23942986,0.37539702,0.485422805,12.50942593,Archival,0,1
9/21/15,A2M,21.84799767,21.16951547,31.90188721,0.028270086,0.477628024,11.95293651,Archival,0,1
9/21/15,A7M,22.03437505,19.76568883,32.47295979,0.06482,0.477628024,11.95339286,Archival,0,1
9/21/15,T2M,21.91408375,18.18539463,33.2865963,0.103574696,0.477628024,11.9534127,Archival,0,1
10/5/15,A2M,18.81215423,18.96546991,32.0131761,-0.006388153,0.525916397,11.38168651,Archival,0,1
10/5/15,A7M,19.05765234,18.85541425,32.73708017,0.005777857,0.525916397,11.38365079,Archival,0,1
10/5/15,T2M,19.09309019,18.63352748,33.48520007,0.012765629,0.525916397,11.38359127,Archival,0,1
10/19/15,A2M,17.13021374,17.46145385,32.29135186,-0.013801671,0.426966398,10.8302381,Archival,7,1
10/19/15,A7M,17.41444274,17.54484531,32.85995565,-0.003725714,0.426966398,10.83369048,Archival,0,1
10/19/15,T2M,17.85328524,17.61733723,33.54811478,0.006554112,0.426966398,10.83367063,Archival,0,1
11/2/15,A2M,16.58906365,17.15244416,32.29565321,-0.023474188,0.614976554,10.32444444,Archival,0,1
11/2/15,A7M,16.97989668,17.55344377,32.7974126,-0.016387857,0.614976554,10.32930556,Archival,14,1
11/2/15,T2M,17.41017641,18.03391974,33.37586457,-0.017326204,0.614976554,10.32926587,Archival,0,1
11/16/15,A2M,14.55626386,14.76701743,33.0032414,-0.008781399,0.375435389,9.902142857,Archival,36,1
11/16/15,A7M,15.14999247,15.70107038,33.27502469,-0.015745714,0.375435389,9.908194444,Archival,21,1
11/16/15,T2M,15.82606091,17.10749129,33.69952147,-0.035595288,0.375435389,9.908174603,Archival,7,1
11/30/15,A2M,12.8666341,13.1261269,32.6685573,-0.0108122,0.702259968,9.61093254,Archival,79,1
11/30/15,A7M,13.69213826,13.85209295,33.32132476,-0.004570714,0.702259968,9.617837302,Archival,57,1
11/30/15,T2M,14.41033908,14.82666765,33.82156154,-0.011564682,0.702259968,9.617916667,Archival,43,1
12/14/15,A2M,12.74438068,13.15342665,32.77564212,-0.017043582,0.321512093,9.49531746,Archival,7,1
12/14/15,A7M,13.33229371,14.09950774,33.14757674,-0.021920714,0.321512093,9.502579365,Archival,0,1
12/14/15,T2M,13.97187301,14.79944876,33.55842427,-0.022988215,0.321512093,9.502559524,Archival,0,1
12/28/15,A2M,11.23511219,11.90872983,32.50355462,-0.028067402,0.788761875,9.57656746,Archival,57,1
12/28/15,A7M,12.15426561,13.15852765,33.20835686,-0.028692857,0.788761875,9.583670635,Archival,50,1
12/28/15,T2M,12.92093529,14.15817179,33.56915392,-0.034367681,0.788761875,9.58359127,Archival,36,1
1/11/16,A2M,8.276076998,8.903141941,32.56869589,-0.026127709,0.267200913,9.841170635,Archival,36,1
1/11/16,A7M,9.357055903,10.19572387,33.26294027,-0.023962143,0.267200913,9.847400794,Archival,36,1
1/11/16,T2M,10.4536079,10.99400786,33.79804993,-0.01501111,0.267200913,9.847321429,Archival,43,1
1/25/16,A2M,6.020478725,6.755521808,32.29562705,-0.030626795,0.734148781,10.24815476,Archival,100,1
1/25/16,A7M,7.112227133,7.985893011,32.94956207,-0.024961429,0.734148781,10.2531746,Archival,100,1
1/25/16,T2M,8.378315994,8.705396652,33.4643086,-0.009085573,0.734148781,10.25319444,Archival,100,1
2/8/16,A2M,5.318794421,6.03477209,31.98069368,-0.029832403,0.286584633,10.74906746,Archival,50,1
2/8/16,A7M,6.447399582,7.039872272,32.96249253,-0.016927857,0.286584633,10.75267857,Archival,50,1
2/8/16,T2M,7.754917009,7.805306196,33.55930846,-0.0013997,0.286584633,10.75259921,Archival,43,1
2/22/16,A2M,5.615924652,6.160035353,31.90376825,-0.022671279,0.678466978,11.30132479,Archival,54,1
2/22/16,A7M,6.46321348,7.625127292,32.59845333,-0.0331985,0.678804399,11.30390278,Archival,62,1
2/22/16,T2M,7.546360566,8.783200374,33.19121082,-0.034356661,0.678466978,11.3034188,Archival,38,1
3/7/16,A2M,7.350106376,7.009264537,30.94708988,0.014201743,0.377342557,11.88089286,Archival,79,1
3/7/16,A7M,7.881933144,8.200153862,31.44971684,-0.009092143,0.377342557,11.88136905,Archival,79,1
3/7/16,T2M,8.709057944,9.033477068,32.35333661,-0.009011642,0.377342557,11.88138889,Archival,86,1
3/21/16,A2M,7.703421559,7.121631895,31.5807115,0.024241239,0.626022411,12.46380952,Archival,43,1
3/21/16,A7M,7.7712027,7.628490823,32.05360331,0.004077143,0.626022411,12.46269841,Archival,64,1
3/21/16,T2M,8.056229455,8.14582903,32.75569997,-0.002488877,0.626022411,12.46269841,Archival,64,1
4/4/16,A2M,8.894554683,8.712750776,32.78128352,0.007575163,0.397793935,13.0355754,Archival,0,1
4/4/16,A7M,8.936455454,8.880976609,33.02831568,0.001584286,0.397793935,13.03297619,Archival,7,1
4/4/16,T2M,8.962113381,9.080784321,33.16913196,-0.003296415,0.397793935,13.03299603,Archival,14,1
4/18/16,A2M,11.1848466,8.849450384,32.17423562,0.097308176,0.573515936,13.57803571,Archival,0,1
4/18/16,A7M,10.67246464,8.111048392,32.71157646,0.073183571,0.573515936,13.57404762,Archival,0,1
4/18/16,T2M,10.31475326,7.973085097,33.10125678,0.065046338,0.573515936,13.57394841,Archival,0,1
5/2/16,A2M,12.52535302,10.59332091,31.71779864,0.080501338,0.419458924,14.06573413,Archival,0,1
5/2/16,A7M,11.83423553,9.411693914,32.34142698,0.069216429,0.419458924,14.0602381,Archival,0,1
5/2/16,T2M,11.48859256,8.646815777,32.7742988,0.078938244,0.419458924,14.06025794,Archival,0,1
5/16/16,A2M,14.02608844,11.49068901,31.20990276,0.105641643,0.52319621,14.46376984,Archival,0,1
5/16/16,A7M,13.56044626,10.23097862,32.00273091,0.095127857,0.52319621,14.45718254,Archival,0,1
5/16/16,T2M,13.27042014,10.11554909,32.70006289,0.087635307,0.52319621,14.45706349,Archival,0,1
5/30/16,A2M,18.84796374,12.36740214,31.02355453,0.2700234,0.442322148,14.73164683,Archival,0,1
5/30/16,A7M,19.08760834,11.06962599,31.26828671,0.229084286,0.442322148,14.72420635,Archival,0,1
5/30/16,T2M,18.74450275,10.99463885,31.84596729,0.215273997,0.442322148,14.7243254,Archival,0,1
6/13/16,A2M,20.11471203,12.84863452,31.3059548,0.30275323,0.471794349,14.83460317,Archival,0,1
6/13/16,A7M,20.02549321,11.88082395,31.73626409,0.232705,0.471794349,14.82690476,Archival,0,1
6/13/16,T2M,19.79595443,11.80917215,32.07514354,0.221855063,0.471794349,14.8269246,Archival,0,1
6/27/16,A2M,22.90567957,14.90566424,31.1410893,0.333333972,0.534842027,14.75777778,Archival,0,1
6/27/16,A7M,23.21532876,13.82491275,31.20336287,0.268297857,0.534842027,14.75037698,Archival,0,1
6/27/16,T2M,23.13271972,13.27439247,31.49561201,0.273842424,0.534842027,14.7503373,Archival,0,1
7/11/16,A2M,24.45143738,15.01288672,31.25372457,0.393272945,0.305236188,14.59645833,Archival,0,1
7/11/16,A7M,25.0244112,12.85538801,31.38301945,0.347685,0.294675046,14.59685185,Archival,0,1
7/11/16,T2M,25.19884529,11.51090255,31.51545229,0.380220632,0.305236188,14.58951389,Archival,0,1
7/25/16,A2M,25.3589453,15.36618437,31.57982813,0.416365039,0.557753124,14.13642857,Archival,0,1
7/25/16,A7M,26.34282153,13.67384011,31.88885839,0.36197,0.557753124,14.13081349,Archival,0,1
7/25/16,T2M,27.0747851,12.41975859,32.23955045,0.40708407,0.557753124,14.13077381,Archival,0,1
8/8/16,A2M,25.98253754,15.28563029,31.87117931,0.445704469,0.371679271,13.66599206,Archival,0,1
8/8/16,A7M,26.92134871,12.42221832,32.0532574,0.414260714,0.371679271,13.66166667,Archival,0,1
8/8/16,T2M,27.3423654,10.90006978,32.12208612,0.456730434,0.371679271,13.66172619,Archival,0,1
8/22/16,A2M,24.60079561,16.72548376,31.96065494,0.328137994,0.651149937,13.13789683,Archival,0,1
8/22/16,A7M,25.51627227,13.79207407,32.26354054,0.334977143,0.651149937,13.13505952,Archival,0,1
8/22/16,T2M,26.13648088,11.9647274,32.22264917,0.393659819,0.651149937,13.13505952,Archival,0,1
9/5/16,A2M,23.35834721,21.98495143,32.00459222,0.057224824,0.321260723,12.57805556,Archival,0,1
9/5/16,A7M,23.37771498,19.03612927,32.11532961,0.124045,0.321260723,12.57680556,Archival,0,1
9/5/16,T2M,23.14989281,16.06073931,32.32202353,0.19692093,0.321260723,12.57678571,Archival,0,1
9/19/16,A2M,22.45125362,21.10328198,31.81546007,0.056165485,0.672711678,12.0047619,Archival,0,1
9/19/16,A7M,22.24082497,19.01470511,32.14309188,0.092174286,0.672711678,12.00501984,Archival,0,1
9/19/16,T2M,22.09340913,16.59252691,32.4732181,0.152802284,0.672711678,12.00503968,Archival,7,1
10/3/16,A2M,19.91052369,19.54715756,31.77138546,0.015140256,0.269115861,11.43261905,Archival,0,1
10/3/16,A7M,19.8270107,19.16721181,32.27467074,0.018851429,0.269115861,11.43436508,Archival,0,1
10/3/16,T2M,19.3254934,18.19513539,32.87182099,0.031398834,0.269115861,11.43434524,Archival,0,1
10/17/16,A2M,18.49825737,18.51786559,32.05028575,-0.000817009,0.763599661,10.87849206,Archival,0,1
10/17/16,A7M,18.43249702,17.98485293,32.32804244,0.01279,0.763599661,10.88170635,Archival,7,1
10/17/16,T2M,18.43200983,17.14519535,32.83847972,0.035744847,0.763599661,10.88178571,Archival,7,1
10/31/16,A2M,16.69529275,16.77053738,32.40966606,-0.003135193,0.217055227,10.36722222,Archival,0,1
10/31/16,A7M,16.78895194,16.64741053,32.82446044,0.004045,0.217055227,10.3719246,Archival,7,1
10/31/16,T2M,16.89969771,16.33941507,33.10641507,0.015563407,0.217055227,10.37188492,Archival,7,1
11/14/16,A2M,13.78875651,13.86975949,32.51391084,-0.003375127,0.710791251,9.93547619,Archival,14,1
11/14/16,A7M,14.57863631,14.65071079,32.9833949,-0.002058571,0.710791251,9.941468254,Archival,7,1
11/14/16,T2M,15.03588077,15.41393246,33.3777038,-0.010501436,0.710791251,9.941468254,Archival,0,1
11/28/16,A2M,11.55701058,11.76683991,32.54074508,-0.008742889,0.325275028,9.626303419,Archival,31,1
11/28/16,A7M,12.53792726,12.8912594,33.08259517,-0.010095366,0.311668767,9.63604336,Archival,7,1
11/28/16,T2M,13.22798782,13.54579546,33.53727927,-0.00882799,0.311668767,9.63602981,Archival,0,1
12/12/16,A2M,9.282824108,9.506914684,32.52816691,-0.009337107,0.657406926,9.497757937,Archival,36,1
12/12/16,A7M,10.7765208,11.09583977,33.29432923,-0.009123571,0.657406926,9.504980159,Archival,29,1
12/12/16,T2M,11.91528409,12.06795468,33.85349873,-0.00424085,0.657406926,9.504960317,Archival,0,1
12/26/16,A2M,8.303742245,9.046917453,32.78839004,-0.030965636,0.441406906,9.558776042,Archival,64,1
12/26/16,A7M,9.452405602,10.5694404,33.40304863,-0.031914375,0.441406906,9.565833333,Archival,79,1
12/26/16,T2M,10.89564776,11.18264198,34.0747242,-0.007972062,0.778941233,9.547986111,Archival,0,1
1/9/17,A2M,7.016938414,7.823818071,32.49708993,-0.033619986,0.601962671,9.810873016,Archival,29,1
1/9/17,A7M,8.331679651,9.036549228,33.14537539,-0.020138571,0.601962671,9.817123016,Archival,29,1
1/9/17,T2M,9.852298396,9.89677436,33.79385376,-0.001235444,0.601962671,9.817043651,Archival,57,1
1/23/17,A2M,6.414589814,6.956937858,32.45790386,-0.022597835,0.481703258,10.20704365,Archival,7,1
1/23/17,A7M,7.466952631,8.182079826,32.95378467,-0.020432143,0.481703258,10.21214286,Archival,21,1
1/23/17,T2M,8.368871689,9.015867778,33.32191304,-0.017972114,0.481703258,10.21212302,Archival,14,1
2/6/17,A2M,5.47249542,6.130314657,32.63150733,-0.027409135,0.548181993,10.70123016,Archival,0,1
2/6/17,A7M,6.386517014,7.442180634,33.17090198,-0.030162857,0.548181993,10.70505952,Archival,0,1
2/6/17,T2M,7.076062475,8.123788425,33.49435534,-0.029103499,0.548181993,10.70503968,Archival,7,1
2/20/17,A2M,6.572954314,6.030232123,32.79732813,0.022613425,0.499930599,11.25166667,Archival,0,1
2/20/17,A7M,7.048919099,6.401146855,33.24095426,0.018507857,0.499930599,11.25390873,Archival,7,1
2/20/17,T2M,7.382041727,6.898174116,33.55505017,0.013440767,0.499930599,11.25388889,Archival,14,1
3/6/17,A2M,6.531982047,6.572952815,32.98532895,-0.001707116,0.49494656,11.8284127,Archival,14,1
3/6/17,A7M,6.9130951,7.156711544,33.42655836,-0.00696,0.49494656,11.8290873,Archival,14,1
3/6/17,T2M,7.484956094,7.846316406,33.76634598,-0.01003779,0.49494656,11.82906746,Archival,7,1
3/20/17,A2M,5.967505148,5.265134301,32.09358379,0.029265452,0.59000299,12.41150794,Archival,14,1
3/20/17,A7M,6.092727525,5.67947541,32.86372212,0.011807857,0.59000299,12.41065476,Archival,21,1
3/20/17,T2M,6.70705206,6.363382646,33.75571605,0.009546373,0.59000299,12.41061508,Archival,14,1
4/3/17,A2M,8.184597696,6.685813529,32.47816317,0.06244934,0.44374758,12.98498016,Archival,0,1
4/3/17,A7M,8.108023064,6.768472467,32.73913901,0.038272857,0.44374758,12.98253968,Archival,7,1
4/3/17,T2M,7.839554378,7.173556498,33.06701524,0.018499941,0.44374758,12.98255952,Archival,0,1
4/17/17,A2M,11.67887565,8.167163679,31.96985068,0.146321332,0.610420031,13.53109127,Archival,0,1
4/17/17,A7M,11.4590995,7.620236669,32.47904996,0.109682143,0.610420031,13.52706349,Archival,0,1
4/17/17,T2M,11.6577673,7.755679471,32.90438707,0.108391329,0.610420031,13.52710317,Archival,0,1
5/1/17,A2M,13.27502135,9.395396573,32.02943911,0.161651032,0.391742683,14.02486111,Archival,0,1
5/1/17,A7M,13.2698444,8.33547289,32.1380291,0.140981429,0.391742683,14.01958333,Archival,0,1
5/1/17,T2M,13.31681947,7.86049928,32.28275844,0.15156445,0.391742683,14.01954365,Archival,0,1
5/15/17,A2M,14.84222187,11.0677198,31.23580728,0.15727092,0.632048301,14.43261905,Archival,0,1
5/15/17,A7M,14.30709376,8.569107907,31.96189608,0.163942857,0.632048301,14.42607143,Archival,0,1
5/15/17,T2M,13.99144609,7.776463407,32.70315143,0.172638408,0.632048301,14.42615079,Archival,0,1
5/29/17,A2M,17.1276412,12.22067411,31.16421999,0.204456962,0.340392298,14.71386905,Archival,0,1
5/29/17,A7M,16.60873434,9.865711689,31.55971609,0.192657143,0.340392298,14.70652778,Archival,7,1
5/29/17,T2M,16.48882764,8.976261548,32.2055912,0.208682392,0.340392298,14.7065873,Archival,7,1
6/12/17,A2M,19.76145704,12.55001102,30.94704315,0.300476917,0.724453724,14.83267857,Archival,6,1
6/12/17,A7M,20.42642825,11.27759525,31.06165872,0.261396429,0.724453724,14.82496032,Archival,12,1
6/12/17,T2M,20.72625828,10.54616703,31.30780315,0.282780312,0.724453724,14.82498016,Archival,6,1
6/26/17,A2M,21.26148319,13.91001197,31.89874499,0.306311301,0.289959852,14.77188492,Archival,0,1
6/26/17,A7M,22.33481543,11.91422912,32.40578733,0.297731429,0.289959852,14.76446429,Archival,0,1
6/26/17,T2M,23.10333375,10.20470313,32.47008678,0.358295295,0.289959852,14.76444444,Archival,0,1
7/10/17,A2M,24.15736921,13.87193966,31.16213948,0.428559565,0.747786334,14.54184524,Archival,0,1
7/10/17,A7M,25.37550436,11.58914518,31.77915587,0.393896429,0.747786334,14.53498016,Archival,0,1
7/10/17,T2M,26.20929541,10.26845789,32.18336051,0.442801042,0.747786334,14.53505952,Archival,0,1
7/24/17,A2M,23.42569773,17.18576152,31.75383227,0.259997342,0.240414802,14.1747619,Archival,0,1
7/24/17,A7M,23.72460488,13.00698056,31.96211284,0.306217857,0.240414802,14.1690873,Archival,0,1
7/24/17,T2M,24.16870798,10.83176442,31.92874227,0.370470654,0.240414802,14.1689881,Archival,0,1
8/7/17,A2M,24.56764943,17.04242407,31.73464012,0.313551057,0.699265411,13.71107143,Archival,0,1
8/7/17,A7M,24.97106688,13.05384568,32.17247977,0.340490714,0.699265411,13.70668651,Archival,0,1
8/7/17,T2M,24.79563345,11.06457894,32.04498659,0.381418181,0.699265411,13.70670635,Archival,0,1
8/21/17,A2M,24.3988236,19.65164389,31.9233442,0.197799155,0.261330151,13.18698413,Archival,0,1
8/21/17,A7M,24.58950165,15.64935494,31.85349328,0.255432143,0.261330151,13.1839881,Archival,0,1
8/21/17,T2M,24.28995309,13.18143198,31.87417821,0.308570031,0.261330151,13.18410714,Archival,0,1
9/4/17,A2M,22.36571871,18.71350438,31.1653862,0.152175597,0.650080447,12.62922619,Archival,0,1
9/4/17,A7M,22.26272365,15.17934452,31.50122425,0.202382143,0.650080447,12.62777778,Archival,0,1
9/4/17,T2M,22.14376627,13.88070195,31.67179026,0.229529565,0.650080447,12.6278373,Archival,0,1
9/18/17,A2M,22.07737023,21.0580086,31.19413253,0.042473401,0.352463193,12.05644841,Archival,0,1
9/18/17,A7M,21.37698828,19.00309985,31.29244096,0.067825714,0.352463193,12.0565873,Archival,0,1
9/18/17,T2M,20.90088763,16.59429319,31.65241242,0.119627623,0.352463193,12.05662698,Archival,0,1
10/2/17,A2M,21.34912123,19.76117529,31.18222032,0.066164414,0.600221562,11.48361111,Archival,0,1
10/2/17,A7M,20.95550142,17.93792745,31.49453041,0.086217857,0.600221562,11.4852381,Archival,0,1
10/2/17,T2M,20.51934501,16.68375826,31.94137396,0.106544076,0.600221562,11.48527778,Archival,0,1
10/16/17,A2M,19.56147276,19.20488576,31.06791496,0.014857792,0.371443498,10.92700397,Archival,0,1
10/16/17,A7M,19.40748092,18.30527278,31.71250643,0.031491429,0.371443498,10.93017857,Archival,0,1
10/16/17,T2M,19.1721547,17.73295062,32.12000683,0.039977891,0.371443498,10.93015873,Archival,0,1
10/30/17,A2M,17.8605047,18.03805733,31.6460465,-0.007398026,0.54763419,10.41055556,Archival,0,1
10/30/17,A7M,17.93556309,18.10443074,31.87280723,-0.004824286,0.54763419,10.41515873,Archival,0,1
10/30/17,T2M,17.96162796,18.17794364,32.20995549,-0.006008769,0.54763419,10.41517857,Archival,0,1
11/13/17,A2M,14.57366649,14.72720857,31.59416528,-0.006397587,0.530073866,10.01025253,Archival,0,1
11/13/17,A7M,15.13887966,15.26370926,32.15039646,-0.003565882,0.519453816,10.01125,Archival,8,1
11/13/17,T2M,15.53290176,15.45393597,32.58358175,0.002193494,0.530073866,10.0160101,Archival,0,1
5/24/21,RTWB,16.7174993,13.00892032,32.27948484,0.097594184,0.699302554,14.65219697,RealTime,0,2
6/7/21,RTWB,20.43359675,12.78938069,31.88431277,0.201163581,0.3867596,14.80265873,RealTime,7,2
6/21/21,RTWB,22.87720462,14.19670991,32.12415396,0.228434072,0.596364098,14.80676587,RealTime,0,2
7/5/21,RTWB,23.71923515,15.01224988,32.47780432,0.229131191,0.479442314,14.63535714,RealTime,0,2
7/19/21,RTWB,24.29909788,13.94551502,32.41532585,0.272462707,0.54818975,14.31392857,RealTime,0,2
8/2/21,RTWB,24.14575495,12.98534972,31.99331025,0.293694874,0.501529876,13.88172619,RealTime,0,2
8/16/21,RTWB,26.41664982,13.92468991,31.56626865,0.328735787,0.497714989,13.37718254,RealTime,0,2
8/30/21,RTWB,24.42462335,13.72960908,31.44650241,0.281447744,0.523466737,12.83055556,RealTime,0,2
9/13/21,RTWB,23.59954984,15.3200405,31.52226271,0.217881825,0.447851637,12.26291667,RealTime,0,2
9/27/21,RTWB,22.1801499,16.10088737,31.28727014,0.159980593,0.613473322,11.68996032,RealTime,7,2
10/11/21,RTWB,20.83152703,18.8224928,32.04773603,0.052869322,0.395373459,11.12680556,RealTime,0,2
10/25/21,RTWB,18.89005593,18.24926785,32.59726334,0.016862844,0.632807784,10.59394841,RealTime,0,2
11/8/21,RTWB,16.52252735,16.48504557,32.97080558,0.000986363,0.342581564,10.12246032,RealTime,7,2
11/22/21,RTWB,14.06791394,15.05226272,33.04160118,-0.025903915,0.722428136,9.755456349,RealTime,7,2
12/6/21,RTWB,12.98335832,14.27535146,32.99391311,-0.03399982,0.288551167,9.541051587,RealTime,29,2
12/20/21,RTWB,11.77458899,12.64148004,33.2880279,-0.022812922,0.740108603,9.515436508,RealTime,71,2
1/3/22,RTWB,9.91141476,10.22073644,33.37820653,-0.008140044,0.234466702,9.684305556,RealTime,57,2
1/17/22,RTWB,8.605795824,8.712977299,33.6237165,-0.002820565,0.66914473,10.00444444,RealTime,0,2
1/31/22,RTWB,6.69838919,6.946275098,33.35608591,-0.006523311,0.321732884,10.47416667,RealTime,8,2
2/14/22,RTWB,6.794867175,7.03593748,33.23725918,-0.006343956,0.632792368,11.00218254,RealTime,14,2
2/28/22,RTWB,7.757087844,7.867856026,32.96892466,-0.002914952,0.33951565,11.5685119,RealTime,7,2
3/14/22,RTWB,8.581274803,8.716594549,32.8355308,-0.003561046,0.572878005,12.14121795,RealTime,31,2
3/28/22,RTWB,8.621470281,8.857583523,32.59425163,-0.006213507,0.358659596,12.72748016,RealTime,0,2
4/11/22,RTWB,9.784581729,8.669739451,32.15922792,0.029337955,0.528843276,13.28684524,RealTime,0,2
4/25/22,RTWB,11.01242352,9.218529225,32.62200192,0.047207744,0.448387625,13.80646825,RealTime,0,2
5/9/22,RTWB,12.23037842,10.2883373,32.30958734,0.051106348,0.47913968,14.25638889,RealTime,0,2
5/23/22,RTWB,17.26819249,10.30112491,31.14275101,0.183343884,0.54044919,14.59855159,RealTime,0,2
6/6/22,RTWB,20.69485664,11.94112437,31.17016642,0.230361376,0.430458317,14.7934127,RealTime,0,2
6/20/22,RTWB,21.22835854,12.65701001,31.89688001,0.225561804,0.632389452,14.81376984,RealTime,0,2
7/4/22,RTWB,24.19599983,14.01812036,32.21449116,0.267838933,0.382334844,14.65742063,RealTime,0,2
7/18/22,RTWB,25.24300112,16.45314442,32.66612053,0.231312019,0.654240778,14.3480754,RealTime,0,2
8/1/22,RTWB,25.59490095,17.12436628,32.89611571,0.222908807,0.33439289,13.92410714,RealTime,14,2
8/15/22,RTWB,24.72431292,14.94258186,32.83649799,0.257413975,0.745374614,13.42472222,RealTime,0,2
8/29/22,RTWB,25.13461058,16.42412622,32.79564748,0.229223273,0.283894255,12.88087302,RealTime,0,2
9/12/22,RTWB,23.55830084,18.14549126,32.78716224,0.142442357,0.765315711,12.31448413,RealTime,0,2
9/26/22,RTWB,20.07631465,17.79075452,32.74815151,0.060146319,0.234634775,11.74134921,RealTime,0,2
10/10/22,RTWB,17.78474181,17.25462736,33.06832286,0.01395038,0.712977852,11.17660714,RealTime,0,2
10/24/22,RTWB,17.19393635,17.09841701,33.24809701,0.002513667,0.32582708,10.63990079,RealTime,0,2
11/7/22,RTWB,16.8254227,16.79535662,33.38447489,0.000791213,0.658971058,10.16130952,RealTime,7,2
11/21/22,RTWB,14.54622146,14.66092219,33.73809569,-0.003018441,0.416205192,9.782876984,RealTime,7,2
12/5/22,RTWB,12.7217677,12.76656737,33.6016595,-0.001178939,0.603948698,9.552956349,RealTime,21,2
12/19/22,RTWB,10.51174096,11.15645136,33.52078656,-0.016966059,0.43490348,9.509642857,RealTime,43,2
1/2/23,RTWB,9.09152501,11.29334818,32.56735202,-0.057942715,0.549536402,9.661666667,RealTime,21,2
1/16/23,RTWB,8.528666973,9.201755864,32.84717478,-0.017712866,0.453393586,9.983670635,RealTime,71,2
1/30/23,RTWB,7.723703998,8.189357758,32.82074492,-0.012254046,0.493680182,10.42954365,RealTime,57,2
2/13/23,RTWB,7.806771517,8.037631103,32.4276668,-0.006075252,0.542048287,10.95267857,RealTime,71,2
2/27/23,RTWB,7.651842662,7.707273415,32.40697506,-0.001458704,0.438473341,11.51670635,RealTime,93,2
3/13/23,RTWB,7.589589119,7.639165095,32.16566631,-0.001304628,0.561773691,12.09696429,RealTime,7,2
3/27/23,RTWB,8.788438797,7.979350329,31.86861352,0.021291802,0.385063507,12.6760119,RealTime,7,2
4/10/23,A2M,13.07871533,9.688031195,30.70363951,0.141278506,0.299640008,13.43604167,Archival,0,2
4/10/23,A7M,13.00887728,9.411183357,31.1309948,0.10279,0.299640008,13.43236111,Archival,0,2
4/10/23,RTWB,12.36897975,9.255333937,31.29714973,0.081938048,0.490272533,13.32752137,RealTime,0,2
4/10/23,T2M,12.97393799,9.240513086,31.5046792,0.103706247,0.299640008,13.4325,Archival,0,2
4/24/23,A2M,12.97627347,10.96743032,31.22710391,0.083701798,0.33323186,13.76656746,Archival,0,2
4/24/23,A7M,12.69299555,10.17887061,31.73827975,0.071831429,0.33323186,13.76206349,Archival,0,2
4/24/23,RTWB,12.69299555,10.17887061,31.73827975,0.066161183,0.33323186,13.76206349,RealTime,0,2
4/24/23,T2M,12.58048569,9.933389187,32.17864636,0.073530458,0.33323186,13.76196429,Archival,0,2
5/8/23,A2M,15.31403548,11.60742535,30.2422187,0.154442089,0.675734526,14.22565476,Archival,0,2
5/8/23,A7M,15.03809684,10.81556293,30.98580538,0.120643571,0.675734526,14.21974206,Archival,0,2
5/8/23,RTWB,15.03809684,10.81556293,30.98580538,0.111119313,0.675734526,14.21972222,RealTime,0,2
5/8/23,T2M,14.86408963,10.40410403,31.78587668,0.123888489,0.675734526,14.2196627,Archival,0,2
5/22/23,A2M,16.0593026,14.59962279,31.18075916,0.060819992,0.281673409,14.58025794,Archival,0,2
5/22/23,A7M,15.66088806,12.35230671,31.80911064,0.094530714,0.281673409,14.57327381,Archival,0,2
5/22/23,RTWB,15.66088806,12.35230671,31.80911064,0.08706793,0.281673409,14.57333333,RealTime,0,2
5/22/23,T2M,15.56037855,10.77337885,32.42520837,0.132972214,0.281673409,14.57323413,Archival,0,2
6/5/23,A2M,18.49698857,15.7758659,31.07240295,0.113380111,0.769055326,14.79037698,Archival,0,2
6/5/23,A7M,17.91296053,13.38999122,31.39903464,0.129226429,0.769055326,14.78279762,Archival,0,2
6/5/23,RTWB,17.91296053,13.38999122,31.39903464,0.119025508,0.769055326,14.78277778,RealTime,0,2
6/5/23,T2M,17.30724096,10.90881777,31.89718451,0.177733978,0.769055326,14.78281746,Archival,0,2
6/19/23,A2M,20.77437006,17.10560077,30.77635111,0.152865387,0.231826101,14.82700397,Archival,0,2
6/19/23,A7M,20.61053835,14.72769567,31.18429634,0.168080714,0.231826101,14.81940476,Archival,0,2
6/19/23,RTWB,20.61053835,14.72769567,31.18429634,0.154811649,0.231826101,14.81936508,RealTime,0,2
6/19/23,T2M,20.46497386,12.59857055,31.73915931,0.218511203,0.231826101,14.81936508,Archival,0,2
7/3/23,A2M,24.64116138,16.50127064,30.79426793,0.339162114,0.721016862,14.68549603,Archival,0,2
7/3/23,A7M,25.1115675,13.92034483,30.98634952,0.319749286,0.721016862,14.67819444,Archival,0,2
7/3/23,RTWB,25.1115675,13.92034483,30.98634952,0.29450586,0.721016862,14.67823413,RealTime,0,2
7/3/23,T2M,25.25162465,12.20220205,31.0853375,0.362483961,0.721016862,14.67827381,Archival,0,2
7/17/23,A2M,25.0488502,15.87462582,30.51883411,0.382259349,0.253219944,14.38748016,Archival,0,2
7/17/23,A7M,25.62354796,13.00370584,30.86321395,0.360567143,0.253219944,14.38115079,Archival,0,2
7/17/23,RTWB,25.62354796,13.00370584,30.86321395,0.332101109,0.253219944,14.38115079,RealTime,0,2
7/17/23,T2M,26.05433233,11.16004263,31.00233228,0.413730269,0.253219944,14.38121032,Archival,0,2
7/31/23,A2M,22.92851312,14.83942638,30.85477366,0.337045281,0.672544998,13.97097222,Archival,0,2
7/31/23,A7M,23.57446384,13.29010555,31.0576507,0.293838571,0.672544998,13.96589286,Archival,0,2
7/31/23,RTWB,23.57446384,13.29010555,31.0576507,0.270641008,0.672544998,13.96589286,RealTime,0,2
7/31/23,T2M,24.35515717,12.59445708,31.12117944,0.326686114,0.672544998,13.9659127,Archival,0,2
8/14/23,A2M,24.11695017,18.56822191,31.35347162,0.231197011,0.344719018,13.47559524,Archival,0,2
8/14/23,A7M,24.88197272,17.18803944,31.95755182,0.219825714,0.344719018,13.47188492,Archival,0,2
8/14/23,RTWB,24.88197272,17.18803944,31.95755182,0.202471929,0.344719018,13.4719246,RealTime,0,2
8/14/23,T2M,25.43710858,16.40315247,31.84928744,0.250943226,0.344719018,13.47188492,Archival,0,2
8/28/23,A2M,23.84061745,20.49739211,31.43795191,0.139301056,0.623626877,12.93323413,Archival,0,2
8/28/23,A7M,24.25759479,17.95491069,31.89761434,0.180076429,0.623626877,12.93095238,Archival,0,2
8/28/23,RTWB,24.25759479,17.95491069,31.89761434,0.165860108,0.623626877,12.93097222,RealTime,0,2
8/28/23,T2M,24.53158529,16.08048337,31.9930691,0.234752831,0.623626877,12.93099206,Archival,0,2
9/11/23,A2M,23.86026137,22.14982047,31.23814161,0.071268371,0.365929094,12.36662698,Archival,0,2
9/11/23,A7M,23.61645889,18.85546003,31.32448196,0.136028571,0.365929094,12.3659127,Archival,0,2
9/11/23,RTWB,23.61645889,18.85546003,31.32448196,0.125289444,0.365929094,12.36589286,RealTime,0,2
9/11/23,T2M,23.59624522,16.19097676,31.50960704,0.205701902,0.365929094,12.36593254,Archival,0,2
9/25/23,A2M,20.10282367,19.65177413,31.13933168,0.018793733,0.572286887,11.79204365,Archival,0,2
9/25/23,A7M,19.68966784,19.03780065,31.7723029,0.018623571,0.572286887,11.79289683,Archival,0,2
9/25/23,RTWB,19.68966784,19.03780065,31.7723029,0.017154396,0.572286887,11.79285714,RealTime,0,2
9/25/23,T2M,19.76191725,18.59973185,32.34970924,0.032282925,0.572286887,11.79281746,Archival,0,2
10/9/23,A2M,18.60246658,18.75993156,31.02673421,-0.006561041,0.455916149,11.22424603,Archival,0,2
10/9/23,A7M,18.69609029,18.50265285,32.02580629,0.005527143,0.455916149,11.22656746,Archival,0,2
10/9/23,RTWB,18.69609029,18.50265285,32.02580629,0.005090459,0.455916149,11.22656746,RealTime,0,2
10/9/23,T2M,19.30040945,18.26433727,32.56222589,0.028779783,0.455916149,11.22664683,Archival,0,2
10/23/23,A2M,17.65955639,17.51321547,31.24464389,0.006097538,0.520958744,10.68251984,Archival,0,2
10/23/23,A7M,17.70463943,17.49848093,31.82127694,0.005890714,0.520958744,10.68634921,Archival,0,2
10/23/23,RTWB,17.70463943,17.49848093,31.82127694,0.005425224,0.520958744,10.68636905,RealTime,0,2
10/23/23,T2M,17.75989955,17.66310842,32.41921915,0.002688643,0.520958744,10.68632937,Archival,0,2
11/6/23,A2M,15.79400233,15.97647054,31.45094122,-0.007602842,0.545672906,10.19575397,Archival,14,2
11/6/23,A7M,16.0935419,15.96227366,32.08937046,0.00375,0.545672906,10.20093254,Archival,7,2
11/6/23,RTWB,16.0935419,15.96227366,32.08937046,0.003454427,0.545672906,10.20097222,RealTime,0,2
11/6/23,T2M,16.19855043,15.61345298,32.4396771,0.016252707,0.545672906,10.20097222,Archival,0,2
11/20/23,A2M,13.61754901,13.75506265,31.54544762,-0.005729735,0.468122703,9.805178571,Archival,29,2
11/20/23,A7M,14.20054879,14.25324999,32.07924625,-0.001505714,0.468122703,9.811547619,Archival,21,2
11/20/23,RTWB,14.20054879,14.25324999,32.07924625,-0.001386872,0.468122703,9.811527778,RealTime,14,2
11/20/23,T2M,14.13537216,14.11998565,32.31999043,0.000427404,0.468122703,9.811527778,Archival,14,2
12/4/23,A2M,11.36669867,11.88468722,31.37309769,-0.021582856,0.633422104,9.559305556,Archival,29,2
12/4/23,A7M,12.29667064,12.53297595,32.02128397,-0.006752857,0.633422104,9.56640873,Archival,29,2
12/4/23,RTWB,12.29667064,12.53297595,32.02128397,-0.006218561,0.633422104,9.56640873,RealTime,14,2
12/4/23,T2M,12.60607025,12.63727542,32.3138643,-0.000866811,0.633422104,9.566428571,Archival,14,2
12/18/23,A2M,10.03637232,10.4075032,30.51391683,-0.015463787,0.415039038,9.498174603,Archival,57,2
12/18/23,A7M,10.96133178,10.96046141,31.93567249,2.50E-05,0.415039038,9.505376984,Archival,57,2
12/18/23,RTWB,10.96133178,10.96046141,31.93567249,2.29E-05,0.415039038,9.505396825,RealTime,57,2
12/18/23,T2M,11.29321909,11.20923104,32.32525635,0.002333005,0.415039038,9.505396825,Archival,50,2
1/1/24,A2M,8.501424857,9.501080785,30.06933253,-0.04165233,0.650773668,9.633710317,Archival,50,2
1/1/24,A7M,9.490440573,9.728132111,31.56972626,-0.006790714,0.650773668,9.640515873,Archival,100,2
1/1/24,RTWB,9.490440573,9.728132111,31.56972626,-0.00625504,0.650773668,9.640515873,RealTime,64,2
1/1/24,T2M,10.00264754,10.02943707,32.07127639,-0.000744153,0.650773668,9.640436508,Archival,79,2
1/15/24,A2M,6.840714284,7.672715153,29.93494279,-0.034666703,0.360104283,9.94297619,Archival,50,2
1/15/24,A7M,7.552575077,8.905109337,30.73253659,-0.038644286,0.360104283,9.948948413,Archival,86,2
1/15/24,RTWB,7.552575077,8.905109337,30.73253659,-0.035593007,0.360104283,9.948888889,RealTime,71,2
1/15/24,T2M,8.535169431,9.598719801,31.70101397,-0.029543066,0.360104283,9.948869048,Archival,71,2
1/29/24,A2M,6.482652324,6.45897334,30.06156772,0.000986624,0.668249523,10.3810119,Archival,50,2
1/29/24,A7M,6.867104428,7.099871635,30.90358067,-0.006651429,0.668249523,10.38561508,Archival,43,2
1/29/24,RTWB,6.867104428,7.099871635,30.90358067,-0.006125454,0.668249523,10.38565476,RealTime,36,2
1/29/24,T2M,7.706452233,7.872411592,31.90174893,-0.004609982,0.668249523,10.38571429,Archival,36,2
2/12/24,A2M,5.945048911,6.157995973,29.94302327,-0.008872794,0.305682694,10.90035714,Archival,50,2
2/12/24,A7M,6.499771016,6.887563876,31.08115237,-0.011079286,0.305682694,10.90349206,Archival,29,2
2/12/24,RTWB,6.499771016,6.887563876,31.08115237,-0.010205075,0.305682694,10.90355159,RealTime,29,2
2/12/24,T2M,7.163207735,7.240447419,31.99988815,-0.002145547,0.305682694,10.90353175,Archival,29,2
2/26/24,A2M,6.794740166,6.631910869,30.63322108,0.006784554,0.756653351,11.46329365,Archival,0,2
2/26/24,A7M,6.993394,6.755977528,30.90795898,0.006783571,0.756653351,11.465,Archival,36,2
2/26/24,RTWB,6.993394,6.755977528,30.90795898,0.006247802,0.756653351,11.46496032,RealTime,29,2
2/26/24,T2M,7.274138212,7.010731731,31.41611644,0.007316847,0.756653351,11.46496032,Archival,21,2
3/11/24,A2M,8.271932874,7.771239485,29.9933063,0.020862225,0.252799345,12.04444444,Archival,29,2
3/11/24,A7M,8.158967052,7.913224697,30.89268848,0.007021429,0.252799345,12.04450397,Archival,64,2
3/11/24,RTWB,8.158967052,7.913224697,30.89268848,0.006466904,0.252799345,12.04454365,RealTime,50,2
3/11/24,T2M,8.231980256,8.126628603,31.57334968,0.002926435,0.252799345,12.04448413,Archival,64,2
3/25/24,A2M,8.27532724,7.923691103,30.17342799,0.014651506,0.704498949,12.62577381,Archival,0,2
3/25/24,A7M,7.990537235,7.809563024,31.33484323,0.00517,0.704498949,12.62434524,Archival,7,2
3/25/24,RTWB,7.990537235,7.809563024,31.33484323,0.004762479,0.704498949,12.62434524,RealTime,14,2
3/25/24,T2M,7.945706572,7.726043429,31.80232906,0.006101754,0.704498949,12.62428571,Archival,14,2
4/8/24,A2M,9.833059119,8.032187748,29.13941631,0.075036307,0.235925876,13.11294444,Archival,0,2
4/8/24,A7M,9.45190525,7.616476441,30.20516129,0.05244,0.235925876,13.11019444,Archival,20,2
4/8/24,RTWB,9.531290314,7.646327192,30.20353404,0.049604293,0.24750053,13.13507576,RealTime,14,2
4/8/24,T2M,9.057341814,7.374564028,30.95309467,0.046743827,0.235925876,13.11008333,Archival,40,2
4/22/24,RTWB,11.10454471,8.109462295,30.23220498,0.078817958,0.653355633,13.71708333,RealTime,36,2
5/6/24,RTWB,12.427029,9.464850698,30.33233983,0.077952061,0.363830282,14.18218254,RealTime,21,2
5/20/24,RTWB,15.77386223,11.21987336,29.61208412,0.119841812,0.604021716,14.54680556,RealTime,7,2
6/3/24,RTWB,19.6076201,11.19900376,28.85769939,0.221279377,0.38531324,14.77073413,RealTime,0,2
6/17/24,RTWB,22.35679654,11.59487513,30.53290149,0.283208458,0.553841761,14.82349206,RealTime,0,2
7/1/24,RTWB,23.10300214,12.91693034,31.83881787,0.268054521,0.407223483,14.69779762,RealTime,0,2
7/15/24,RTWB,23.81314087,13.9519949,32.03308487,0.259503841,0.284317608,14.56888889,RealTime,0,2
10/21/24,RTWB,17.7044611,17.31609488,31.98451352,0.010220164,0.688487451,10.62072917,RealTime,0,2
11/4/24,RTWB,17.11093071,16.90018722,32.17824227,0.005545881,0.30521732,10.24134921,RealTime,0,2
11/18/24,RTWB,15.07990715,15.48321506,32.60446112,-0.010613368,0.788912824,9.841369048,RealTime,14,2
12/2/24,RTWB,12.3983061,13.64480448,33.21070235,-0.032802589,0.25161719,9.581369048,RealTime,43,2
12/16/24,RTWB,10.63496733,10.80486665,33.31411879,-0.004471033,0.73449209,9.502797619,RealTime,43,2
12/30/24,RTWB,9.90291214,10.45222521,33.25177002,-0.014455608,0.48865595,9.538611111,RealTime,0,2