Date,Site,sst,bottom_temp,sss,stratification,phase,daylight_hours,week_start,site,device_type,days_monitored,days_present,percent_occurrence,period
11/3/14,A2M,15.76422678,16.0801818,32.50984846,-0.013164793,0.469902478,10.39853175,11/3/14,A2M,Archival,7,0,0,1
11/3/14,A7M,16.53574698,16.75976672,33.03660965,-0.0064,0.469902478,10.40313492,11/3/14,A7M,Archival,7,0,0,1
11/3/14,T2M,16.89240701,17.11285073,33.33663505,-0.006123437,0.469902478,10.40313492,11/3/14,T2M,Archival,7,0,0,1
11/10/14,A2M,14.75641591,14.76643072,32.64080102,-0.000417284,0.699847649,10.16619048,11/10/14,A2M,Archival,7,1,14.28571429,1
11/10/14,A7M,15.37729481,15.51478876,33.05673272,-0.003925714,0.699847649,10.17142857,11/10/14,A7M,Archival,7,0,0,1
11/10/14,T2M,15.88360923,16.55830342,33.36466708,-0.018741506,0.699847649,10.17154762,11/10/14,T2M,Archival,7,0,0,1
11/17/14,A2M,12.74277278,12.7957325,32.71872112,-0.002206655,0.772299743,9.958293651,11/17/14,A2M,Archival,7,1,14.28571429,1
11/17/14,A7M,14.01667077,14.45777239,33.27407782,-0.012602857,0.772299743,9.964206349,11/17/14,A7M,Archival,7,1,14.28571429,1
11/17/14,T2M,14.61448288,15.54725115,33.61083984,-0.02591023,0.772299743,9.964206349,11/17/14,T2M,Archival,7,0,0,1
11/24/14,A2M,11.98998833,12.24057961,32.64065225,-0.010441303,0.159670094,9.781309524,11/24/14,A2M,Archival,7,2,28.57142857,1
11/24/14,A7M,13.6597632,14.36120197,33.36579677,-0.020042857,0.159670094,9.787777778,11/24/14,A7M,Archival,7,4,57.14285714,1
11/24/14,T2M,14.44619983,14.93592794,33.7575689,-0.013603559,0.159670094,9.78765873,11/24/14,T2M,Archival,7,3,42.85714286,1
12/1/14,A2M,11.1662253,11.49822044,32.64427676,-0.013833131,0.416487949,9.641388889,12/1/14,A2M,Archival,7,4,57.14285714,1
12/1/14,A7M,12.26475934,12.81264646,33.25224522,-0.015652857,0.416487949,9.648214286,12/1/14,A7M,Archival,7,2,28.57142857,1
12/1/14,T2M,13.58144583,13.60664068,33.9044135,-0.000699857,0.416487949,9.648134921,12/1/14,T2M,Archival,7,1,14.28571429,1
12/8/14,A2M,9.368189813,9.724924632,32.39094761,-0.014863951,0.644979372,9.544325397,12/8/14,A2M,Archival,7,4,57.14285714,1
12/8/14,A7M,10.76710374,10.82042735,33.01545498,-0.001524286,0.644979372,9.551388889,12/8/14,A7M,Archival,7,6,85.71428571,1
12/8/14,T2M,11.60985851,11.74228968,33.31871741,-0.003678646,0.644979372,9.551349206,12/8/14,T2M,Archival,7,2,28.57142857,1
12/15/14,A2M,7.907371998,9.08031886,31.6255406,-0.048872786,0.859661589,9.494484127,12/15/14,A2M,Archival,7,0,0,1
12/15/14,A7M,9.52427033,9.951802662,32.81494086,-0.012215714,0.859661589,9.501746032,12/15/14,A7M,Archival,7,1,14.28571429,1
12/15/14,T2M,10.20250593,10.77443436,33.24914278,-0.015886901,0.859661589,9.501706349,12/15/14,T2M,Archival,7,2,28.57142857,1
12/22/14,A2M,7.810041019,8.531537601,31.41772625,-0.030062358,0.248517796,9.494563492,12/22/14,A2M,Archival,7,5,71.42857143,1
12/22/14,A7M,8.798141479,9.504818508,32.37204306,-0.02019,0.248517796,9.501746032,12/22/14,A7M,Archival,7,6,85.71428571,1
12/22/14,T2M,10.12054362,9.980991499,33.30892454,0.003876448,0.248517796,9.501825397,12/22/14,T2M,Archival,7,4,57.14285714,1
12/29/14,A2M,7.632379327,8.724979265,31.35041101,-0.045524997,0.36243563,9.544484127,12/29/14,A2M,Archival,7,2,28.57142857,1
12/29/14,A7M,8.667187146,9.812772206,32.46016094,-0.032731429,0.36243563,9.551626984,12/29/14,A7M,Archival,7,2,28.57142857,1
12/29/14,T2M,9.780984334,10.46491868,33.32847922,-0.018998176,0.36243563,9.551666667,12/29/14,T2M,Archival,7,0,0,1
1/5/15,A2M,6.819098268,7.498362814,32.35181127,-0.028302689,0.587770527,9.642222222,1/5/15,A2M,Archival,7,0,0,1
1/5/15,A7M,8.002461229,10.01665538,32.67559161,-0.05755,0.587770527,9.649007937,1/5/15,A7M,Archival,7,4,57.14285714,1
1/5/15,T2M,8.750891209,10.99716255,32.94675173,-0.062396426,0.587770527,9.649007937,1/5/15,T2M,Archival,7,3,42.85714286,1
1/12/15,A2M,5.574603285,6.168391841,32.24222238,-0.02474119,0.804895517,9.783253968,1/12/15,A2M,Archival,7,3,42.85714286,1
1/12/15,A7M,7.187688283,7.805920192,33.13356945,-0.017664286,0.804895517,9.789603175,1/12/15,A7M,Archival,7,6,85.71428571,1
1/12/15,T2M,8.419951575,9.071678433,33.69782312,-0.018103524,0.804895517,9.789603175,1/12/15,T2M,Archival,7,6,85.71428571,1
1/19/15,A2M,5.320625987,6.238114902,31.96802139,-0.038228705,0.339131255,9.96202381,1/19/15,A2M,Archival,7,5,71.42857143,1
1/19/15,A7M,6.675319263,7.617771149,33.03330612,-0.026928571,0.339131255,9.96797619,1/19/15,A7M,Archival,7,7,100,1
1/19/15,T2M,7.733525957,8.198150839,33.71108737,-0.012906247,0.339131255,9.967936508,1/19/15,T2M,Archival,7,6,85.71428571,1
1/26/15,A2M,4.143657241,4.594816072,32.20256451,-0.018798285,0.3088619,10.17238095,1/26/15,A2M,Archival,7,2,28.57142857,1
1/26/15,A7M,5.483446394,5.726710524,33.25829642,-0.00695,0.3088619,10.17757937,1/26/15,A7M,Archival,7,2,28.57142857,1
1/26/15,T2M,6.470371519,6.59220968,33.72618811,-0.003384393,0.3088619,10.17761905,1/26/15,T2M,Archival,7,4,57.14285714,1
2/2/15,A2M,3.468306576,4.086892911,32.10569654,-0.025774431,0.530229849,10.40785714,2/2/15,A2M,Archival,7,5,71.42857143,1
2/2/15,A7M,4.879846641,5.037424496,33.17440196,-0.004501429,0.530229849,10.41238095,2/2/15,A7M,Archival,7,4,57.14285714,1
2/2/15,T2M,5.690718174,5.903005055,33.58702033,-0.005896858,0.530229849,10.41238095,2/2/15,T2M,Archival,7,2,28.57142857,1
2/9/15,A2M,2.799479382,3.181547267,32.61333248,-0.015919495,0.750492949,10.66257937,2/9/15,A2M,Archival,7,0,0,1
2/9/15,A7M,3.907685314,4.264348064,33.26826096,-0.01019,0.750492949,10.66638889,2/9/15,A7M,Archival,7,3,42.85714286,1
2/9/15,T2M,5.308114392,5.588357517,33.75819996,-0.007784538,0.750492949,10.66650794,2/9/15,T2M,Archival,7,1,14.28571429,1
2/16/15,A2M,1.316227956,1.642327343,32.53250667,-0.013587475,0.570350801,10.93178571,2/16/15,A2M,Archival,7,4,57.14285714,1
2/16/15,A7M,2.599309683,3.150685617,33.17038563,-0.015751429,0.570350801,10.93480159,2/16/15,A7M,Archival,7,4,57.14285714,1
2/16/15,T2M,3.945930208,4.084534816,33.62548229,-0.003850128,0.570350801,10.93492063,2/16/15,T2M,Archival,7,5,71.42857143,1
2/23/15,A2M,1.63493618,1.956100413,32.36881365,-0.013381843,0.255495687,11.21107143,2/23/15,A2M,Archival,7,1,14.28571429,1
2/23/15,A7M,2.95486348,3.362163782,33.22203337,-0.011637143,0.255495687,11.21349206,2/23/15,A7M,Archival,7,2,28.57142857,1
2/23/15,T2M,4.305020673,4.453736544,33.74167197,-0.004130995,0.255495687,11.2134127,2/23/15,T2M,Archival,7,2,28.57142857,1
3/2/15,A2M,1.920957753,2.612181681,31.79660334,-0.028800997,0.477533515,11.4972619,3/2/15,A2M,Archival,7,4,57.14285714,1
3/2/15,A7M,2.654819284,3.494728667,33.03315462,-0.023997143,0.477533515,11.49880952,3/2/15,A7M,Archival,7,4,57.14285714,1
3/2/15,T2M,4.102148124,4.605397361,33.76533508,-0.013979146,0.477533515,11.49884921,3/2/15,T2M,Archival,7,3,42.85714286,1
3/9/15,A2M,2.926966395,2.789437464,31.33042772,0.005730372,0.697126005,11.78738095,3/9/15,A2M,Archival,7,4,57.14285714,1
3/9/15,A7M,3.753748655,3.89487321,32.43473979,-0.004032857,0.697126005,11.7881746,3/9/15,A7M,Archival,7,2,28.57142857,1
3/9/15,T2M,5.07796812,5.188728264,33.65126147,-0.003076671,0.697126005,11.78809524,3/9/15,T2M,Archival,7,3,42.85714286,1
3/16/15,A2M,3.334722519,2.950026172,31.92989622,0.016029014,0.663077167,12.0793254,3/16/15,A2M,Archival,7,1,14.28571429,1
3/16/15,A7M,4.422990458,4.114089421,32.98419407,0.008825714,0.663077167,12.07940476,3/16/15,A7M,Archival,7,4,57.14285714,1
3/16/15,T2M,5.842753751,5.395900386,33.96350806,0.012412593,0.663077167,12.0793254,3/16/15,T2M,Archival,7,5,71.42857143,1
3/23/15,A2M,4.47986412,4.009092331,31.6388479,0.019615491,0.202954413,12.37103175,3/23/15,A2M,Archival,7,1,14.28571429,1
3/23/15,A7M,5.287323339,4.782590083,33.02463259,0.014421429,0.202954413,12.37031746,3/23/15,A7M,Archival,7,0,0,1
3/23/15,T2M,6.2508361,6.064270292,33.74982452,0.005182384,0.202954413,12.37027778,3/23/15,T2M,Archival,7,1,14.28571429,1
3/30/15,A2M,4.355222089,3.495795318,31.6821973,0.035809449,0.423749875,12.6606746,3/30/15,A2M,Archival,7,0,0,1
3/30/15,A7M,4.834785938,4.556984629,32.42051969,0.007937143,0.423749875,12.65912698,3/30/15,A7M,Archival,7,0,0,1
3/30/15,T2M,5.409360886,6.100283078,33.05717468,-0.019192283,0.423749875,12.6590873,3/30/15,T2M,Archival,7,0,0,1
4/6/15,A2M,6.465451241,4.496261801,31.65128844,0.08204956,0.645217443,12.94626984,4/6/15,A2M,Archival,7,0,0,1
4/6/15,A7M,6.676688603,5.800789901,31.96817153,0.025025714,0.645217443,12.94400794,4/6/15,A7M,Archival,7,0,0,1
4/6/15,T2M,7.430266448,6.870408331,32.29819053,0.015551614,0.645217443,12.94388889,4/6/15,T2M,Archival,7,0,0,1
4/13/15,A2M,8.255744798,4.648497854,31.48166111,0.150301956,0.755907385,13.22547619,4/13/15,A2M,Archival,7,0,0,1
4/13/15,A7M,8.598908288,5.596034936,32.10777964,0.085797143,0.755907385,13.22246032,4/13/15,A7M,Archival,7,0,0,1
4/13/15,T2M,9.292166845,6.0818023,32.38653455,0.089176793,0.755907385,13.22238095,4/13/15,T2M,Archival,7,0,0,1
4/20/15,A2M,8.946675709,4.963888339,31.44974382,0.165949474,0.151531627,13.4956746,4/20/15,A2M,Archival,7,0,0,1
4/20/15,A7M,8.98464925,5.543048995,31.95406859,0.098331429,0.151531627,13.49186508,4/20/15,A7M,Archival,7,0,0,1
4/20/15,T2M,9.610485213,6.622720105,32.56952122,0.082993475,0.151531627,13.49178571,4/20/15,T2M,Archival,7,0,0,1
4/27/15,A2M,10.24280453,6.057737827,30.98341588,0.174377779,0.370963581,13.75353175,4/27/15,A2M,Archival,7,0,0,1
4/27/15,A7M,9.699613435,6.516065529,32.17945589,0.090957143,0.370963581,13.74896825,4/27/15,A7M,Archival,7,1,14.28571429,1
4/27/15,T2M,10.02223151,7.436711652,32.84168843,0.071819996,0.370963581,13.74904762,4/27/15,T2M,Archival,7,3,42.85714286,1
5/4/15,A2M,13.50769452,6.485256127,30.40383094,0.2926016,0.594289771,13.99527778,5/4/15,A2M,Archival,7,0,0,1
5/4/15,A7M,13.32221086,6.388758591,30.70279775,0.198098571,0.594289771,13.99003968,5/4/15,A7M,Archival,7,0,0,1
5/4/15,T2M,13.07253783,6.87596723,31.63029671,0.172126961,0.594289771,13.99003968,5/4/15,T2M,Archival,7,0,0,1
5/11/15,A2M,14.63465704,7.180086613,31.32629531,0.310607101,0.849375227,14.21634921,5/11/15,A2M,Archival,7,0,0,1
5/11/15,A7M,14.94628974,6.731548377,31.27038029,0.234705714,0.849375227,14.21047619,5/11/15,A7M,Archival,7,0,0,1
5/11/15,T2M,14.98045213,6.959711824,31.36605726,0.222798342,0.849375227,14.21039683,5/11/15,T2M,Archival,7,0,0,1
5/18/15,A2M,15.60639436,9.3803495,31.95436287,0.259418536,0.10277307,14.4115873,5/18/15,A2M,Archival,7,0,0,1
5/18/15,A7M,15.61341681,8.31359693,32.27988243,0.208567143,0.10277307,14.40511905,5/18/15,A7M,Archival,7,1,14.28571429,1
5/18/15,T2M,15.65968922,8.267217568,32.36605644,0.205346435,0.10277307,14.40515873,5/18/15,T2M,Archival,7,1,14.28571429,1
5/25/15,A2M,17.32783454,12.00879887,32.29018566,0.221626486,0.319273274,14.5759127,5/25/15,A2M,Archival,7,0,0,1
5/25/15,A7M,17.77350208,11.26067516,32.45113482,0.18608,0.319273274,14.56896825,5/25/15,A7M,Archival,7,0,0,1
5/25/15,T2M,17.5648741,10.8565306,32.42874527,0.186342875,0.319273274,14.56904762,5/25/15,T2M,Archival,7,0,0,1
6/1/15,A2M,17.93544606,14.53368418,32.4012146,0.141740078,0.545614107,14.70416667,6/1/15,A2M,Archival,7,0,0,1
6/1/15,A7M,18.17915998,12.31850869,32.42433984,0.167445714,0.545614107,14.69694444,6/1/15,A7M,Archival,7,0,0,1
6/1/15,T2M,18.35171809,11.53958661,32.580713,0.189225874,0.545614107,14.69690476,6/1/15,T2M,Archival,7,0,0,1
6/8/15,A2M,18.83269583,12.87326227,32.19845854,0.248309731,0.801091677,14.79198413,6/8/15,A2M,Archival,7,0,0,1
6/8/15,A7M,19.01290512,11.46402495,32.34039034,0.215682857,0.801091677,14.78436508,6/8/15,A7M,Archival,7,0,0,1
6/8/15,T2M,19.04453087,11.08421952,32.53386361,0.221119759,0.801091677,14.78436508,6/8/15,T2M,Archival,7,0,0,1
6/15/15,A2M,21.8006818,13.40064635,31.86195946,0.350001477,0.336300149,14.83587302,6/15/15,A2M,Archival,7,0,0,1
6/15/15,A7M,22.1240327,11.82699871,32.13658306,0.294201429,0.336300149,14.82813492,6/15/15,A7M,Archival,7,0,0,1
6/15/15,T2M,22.3981266,10.70975304,32.43706076,0.324677044,0.336300149,14.8281746,6/15/15,T2M,Archival,7,0,0,1
6/22/15,A2M,22.40963091,12.52762236,31.41707965,0.411750356,0.268240705,14.83428571,6/22/15,A2M,Archival,7,2,28.57142857,1
6/22/15,A7M,22.9645928,10.89081683,31.69571877,0.344964286,0.268240705,14.8265873,6/22/15,A7M,Archival,7,2,28.57142857,1
6/22/15,T2M,23.36842537,9.569939204,32.20556041,0.383291282,0.268240705,14.82666667,6/22/15,T2M,Archival,7,2,28.57142857,1
6/29/15,A2M,22.42398235,12.88435459,31.08981241,0.39748449,0.494270619,14.78734127,6/29/15,A2M,Archival,7,0,0,1
6/29/15,A7M,22.76889638,10.94084167,31.36532048,0.337942857,0.494270619,14.77984127,6/29/15,A7M,Archival,7,0,0,1
6/29/15,T2M,23.09558814,9.484343256,32.03193065,0.378090136,0.494270619,14.77980159,6/29/15,T2M,Archival,7,0,0,1
7/6/15,A2M,23.34422847,13.67167527,31.11108371,0.40302305,0.753228272,14.69722222,7/6/15,A2M,Archival,7,0,0,1
7/6/15,A7M,23.84898812,11.56401021,31.2564046,0.350998571,0.753228272,14.68996032,7/6/15,A7M,Archival,7,0,0,1
7/6/15,T2M,24.44736862,10.32394014,31.89170456,0.392317458,0.753228272,14.68992063,7/6/15,T2M,Archival,7,0,0,1
7/13/15,A2M,24.10274587,14.79265867,31.47009495,0.3879203,0.569164814,14.56730159,7/13/15,A2M,Archival,7,0,0,1
7/13/15,A7M,24.32869121,12.73508426,31.74884578,0.331245714,0.569164814,14.56035714,7/13/15,A7M,Archival,7,0,0,1
7/13/15,T2M,24.93691662,11.58450127,31.90899304,0.370900427,0.569164814,14.56047619,7/13/15,T2M,Archival,7,0,0,1
7/20/15,A2M,25.18863024,15.50358731,31.52668136,0.403543455,0.217420908,14.40214286,7/20/15,A2M,Archival,7,0,0,1
7/20/15,A7M,25.35175487,13.30211816,31.69736562,0.344275714,0.217420908,14.39587302,7/20/15,A7M,Archival,7,1,14.28571429,1
7/20/15,T2M,25.78040913,12.0836074,32.15393666,0.380466715,0.217420908,14.39575397,7/20/15,T2M,Archival,7,1,14.28571429,1
7/27/15,A2M,25.17069408,18.1533368,32.04263197,0.292389887,0.446333297,14.20714286,7/27/15,A2M,Archival,7,1,14.28571429,1
7/27/15,A7M,25.75481524,15.83330018,32.02200372,0.28347,0.446333297,14.20138889,7/27/15,A7M,Archival,7,0,0,1
7/27/15,T2M,25.89994294,14.35490486,32.12202617,0.320695502,0.446333297,14.20138889,7/27/15,T2M,Archival,7,0,0,1
8/3/15,A2M,25.71743856,20.77667264,32.88385446,0.205865247,0.705282087,13.98734127,8/3/15,A2M,Archival,7,0,0,1
8/3/15,A7M,26.13805226,18.37722206,33.02968052,0.221735714,0.705282087,13.98222222,8/3/15,A7M,Archival,7,0,0,1
8/3/15,T2M,26.37199511,16.62249729,32.89083481,0.270819384,0.705282087,13.98222222,8/3/15,T2M,Archival,7,0,0,1
8/10/15,A2M,24.42761803,17.58154433,32.27548654,0.285253071,0.663573094,13.74793651,8/10/15,A2M,Archival,7,0,0,1
8/10/15,A7M,24.92299761,13.97870377,32.37793514,0.312697143,0.663573094,13.74337302,8/10/15,A7M,Archival,7,0,0,1
8/10/15,T2M,25.22739846,11.52966404,32.22591509,0.380492623,0.663573094,13.74337302,8/10/15,T2M,Archival,7,0,0,1
8/17/15,A2M,25.53335026,15.21835995,32.53557968,0.429791263,0.166324463,13.49285714,8/17/15,A2M,Archival,7,0,0,1
8/17/15,A7M,25.92931748,11.65388639,32.58561053,0.40787,0.166324463,13.48912698,8/17/15,A7M,Archival,7,0,0,1
8/17/15,T2M,25.98686518,9.297455923,32.33491571,0.463594702,0.166324463,13.48900794,8/17/15,T2M,Archival,7,0,0,1
8/24/15,A7M,25.38262994,11.22433404,32.32395063,0.404522857,0.397665258,13.22309524,8/24/15,A7M,Archival,7,0,0,1
8/24/15,T2M,25.54374559,9.077725275,32.21858215,0.457389453,0.397665258,13.22305556,8/24/15,T2M,Archival,7,1,14.28571429,1
8/31/15,A7M,25.79760497,12.31199496,32.35753141,0.385304286,0.656751541,12.94849206,8/31/15,A7M,Archival,7,0,0,1
8/31/15,T2M,25.89904922,10.15938977,32.29503414,0.437212762,0.656751541,12.94857143,8/31/15,T2M,Archival,7,0,0,1
9/7/15,A7M,25.2594877,13.54840647,32.0214307,0.334601429,0.898156348,12.66793651,9/7/15,A7M,Archival,7,0,0,1
9/7/15,T2M,25.44834409,11.52945151,32.21621704,0.386635905,0.898156348,12.66797619,9/7/15,T2M,Archival,7,0,0,1
9/14/15,A2M,24.21951676,16.31678772,32.17758561,0.329280377,0.192434165,12.28166667,9/14/15,A2M,Archival,2,0,0,1
9/14/15,A7M,23.78803396,12.22583198,31.97309923,0.3303475,0.124280954,12.37067708,9/14/15,A7M,Archival,7,0,0,1
9/14/15,T2M,24.00420344,10.84393561,32.25974107,0.365562995,0.124280954,12.37069444,9/14/15,T2M,Archival,7,0,0,1
9/21/15,A2M,22.22816576,21.1233417,31.79788562,0.04603433,0.347978724,12.09674603,9/21/15,A2M,Archival,7,0,0,1
9/21/15,A7M,22.55297416,18.39762701,32.46910041,0.118725714,0.347978724,12.09686508,9/21/15,A7M,Archival,7,0,0,1
9/21/15,T2M,22.77610888,15.65681308,33.14949635,0.197758217,0.347978724,12.09686508,9/21/15,T2M,Archival,7,0,0,1
9/28/15,A2M,21.46782957,21.21568925,32.0058888,0.010505841,0.607277324,11.80912698,9/28/15,A2M,Archival,7,0,0,1
9/28/15,A7M,21.51577595,21.13375064,32.47681917,0.010914286,0.607277324,11.80992063,9/28/15,A7M,Archival,7,0,0,1
9/28/15,T2M,21.05205863,20.71397618,33.42369624,0.009391176,0.607277324,11.80996032,9/28/15,T2M,Archival,7,0,0,1
10/5/15,A2M,19.08037704,19.03480448,32.12915775,0.001898856,0.846246148,11.52301587,10/5/15,A2M,Archival,7,0,0,1
10/5/15,A7M,19.40031106,19.17113958,32.79716873,0.006547143,0.846246148,11.52464286,10/5/15,A7M,Archival,7,0,0,1
10/5/15,T2M,19.37139647,18.69743129,33.49749919,0.018721251,0.846246148,11.52448413,10/5/15,T2M,Archival,7,0,0,1
10/12/15,A2M,18.54393142,18.89613533,31.89719445,-0.014675163,0.205586646,11.24035714,10/12/15,A2M,Archival,7,0,0,1
10/12/15,A7M,18.71499361,18.53968893,32.6769916,0.005008571,0.205586646,11.24265873,10/12/15,A7M,Archival,7,0,0,1
10/12/15,T2M,18.81478391,18.56962367,33.47290094,0.006810007,0.205586646,11.24269841,10/12/15,T2M,Archival,7,0,0,1
10/19/15,A2M,17.3898498,17.75427764,32.22341428,-0.015184493,0.29730295,10.96384921,10/19/15,A2M,Archival,7,0,0,1
10/19/15,A7M,17.56468827,17.46969032,32.75927571,0.002714286,0.29730295,10.96698413,10/19/15,A7M,Archival,7,0,0,1
10/19/15,T2M,17.94234385,17.4617582,33.48308509,0.013349601,0.29730295,10.96694444,10/19/15,T2M,Archival,7,0,0,1
10/26/15,A2M,16.87057768,17.16863005,32.35928944,-0.012418849,0.556629845,10.69662698,10/26/15,A2M,Archival,7,1,14.28571429,1
10/26/15,A7M,17.26419722,17.62000029,32.96063559,-0.010165714,0.556629845,10.70039683,10/26/15,A7M,Archival,7,0,0,1
10/26/15,T2M,17.76422664,17.77291625,33.61314447,-0.000241378,0.556629845,10.70039683,10/26/15,T2M,Archival,7,0,0,1
11/2/15,A2M,16.84621348,17.10415677,32.20020839,-0.010747637,0.7927277,10.44253968,11/2/15,A2M,Archival,7,0,0,1
11/2/15,A7M,17.15834345,17.28103829,32.76230948,-0.003505714,0.7927277,10.44706349,11/2/15,A7M,Archival,7,0,0,1
11/2/15,T2M,17.59727151,17.49899346,33.43104771,0.002729946,0.7927277,10.44706349,11/2/15,T2M,Archival,7,0,0,1
11/9/15,A2M,16.33191381,17.20073155,32.39109802,-0.036200739,0.437225409,10.20634921,11/9/15,A2M,Archival,7,0,0,1
11/9/15,A7M,16.80144991,17.82584926,32.83251572,-0.02927,0.437225409,10.21154762,11/9/15,A7M,Archival,7,2,28.57142857,1
11/9/15,T2M,17.22308132,18.56884602,33.32068144,-0.037382353,0.437225409,10.21146825,11/9/15,T2M,Archival,7,0,0,1
11/16/15,A2M,15.1504127,15.52276748,33.05137089,-0.015514783,0.245451882,9.993611111,11/16/15,A2M,Archival,7,0,0,1
11/16/15,A7M,15.70803928,16.65439074,33.22700882,-0.027038571,0.245451882,9.999444444,11/16/15,A7M,Archival,7,0,0,1
11/16/15,T2M,16.33110482,17.94408308,33.56997735,-0.044804951,0.245451882,9.999484127,11/16/15,T2M,Archival,7,0,0,1
11/23/15,A2M,13.96211502,14.01126739,32.95511191,-0.002048016,0.505418896,9.810674603,11/23/15,A2M,Archival,7,5,71.42857143,1
11/23/15,A7M,14.59194565,14.74775001,33.32304055,-0.004452857,0.505418896,9.816944444,11/23/15,A7M,Archival,7,3,42.85714286,1
11/23/15,T2M,15.32101699,16.2708995,33.8290656,-0.026385625,0.505418896,9.816865079,11/23/15,T2M,Archival,7,1,14.28571429,1
11/30/15,A2M,13.17774337,13.29222706,32.78693172,-0.004770154,0.737991646,9.663492063,11/30/15,A2M,Archival,7,5,71.42857143,1
11/30/15,A7M,13.957754,14.16196973,33.32447597,-0.005835714,0.737991646,9.670277778,11/30/15,A7M,Archival,7,3,42.85714286,1
11/30/15,T2M,14.83499609,15.2055799,33.88754109,-0.010293995,0.737991646,9.67031746,11/30/15,T2M,Archival,7,2,28.57142857,1
12/7/15,A2M,12.55552483,12.96002674,32.55018289,-0.016854247,0.66652829,9.558373016,12/7/15,A2M,Archival,7,6,85.71428571,1
12/7/15,A7M,13.42652253,13.54221617,33.31817354,-0.003305714,0.66652829,9.565396825,12/7/15,A7M,Archival,7,5,71.42857143,1
12/7/15,T2M,13.98568208,14.4477554,33.75558199,-0.01283537,0.66652829,9.565515873,12/7/15,T2M,Archival,7,4,57.14285714,1
12/14/15,A2M,12.59146541,12.86136913,32.7005419,-0.011245989,0.192739089,9.499801587,12/14/15,A2M,Archival,7,1,14.28571429,1
12/14/15,A7M,13.35963958,13.50951222,33.09122358,-0.004282857,0.192739089,9.507063492,12/14/15,A7M,Archival,7,0,0,1
12/14/15,T2M,14.04961518,14.32326889,33.50997816,-0.007601492,0.192739089,9.50702381,12/14/15,T2M,Archival,7,0,0,1
12/21/15,A2M,12.89729595,13.44548416,32.85074234,-0.022841176,0.450285096,9.490833333,12/21/15,A2M,Archival,7,0,0,1
12/21/15,A7M,13.30494785,14.68950326,33.2039299,-0.039558571,0.450285096,9.498095238,12/21/15,A7M,Archival,7,0,0,1
12/21/15,T2M,13.89413084,15.27562864,33.60687038,-0.038374939,0.450285096,9.498095238,12/21/15,T2M,Archival,7,0,0,1
12/28/15,A2M,12.03450148,12.37656239,32.45982851,-0.014252538,0.682502722,9.531865079,12/28/15,A2M,Archival,7,7,100,1
12/28/15,A7M,12.92880971,13.55768245,32.99780437,-0.017968571,0.682502722,9.539166667,12/28/15,A7M,Archival,7,4,57.14285714,1
12/28/15,T2M,13.64416667,14.54737731,33.2825361,-0.025089184,0.682502722,9.539047619,12/28/15,T2M,Archival,7,4,57.14285714,1
1/4/16,A2M,10.43572289,11.44089726,32.54728072,-0.041882265,0.895021029,9.621269841,1/4/16,A2M,Archival,7,1,14.28571429,1
1/4/16,A7M,11.3797215,12.75937285,33.41890935,-0.039417143,0.895021029,9.628174603,1/4/16,A7M,Archival,7,3,42.85714286,1
1/4/16,T2M,12.19770391,13.76896626,33.85577175,-0.043646177,0.895021029,9.628134921,1/4/16,T2M,Archival,7,1,14.28571429,1
1/11/16,A2M,9.223620551,10.39624105,32.22654888,-0.048859188,0.139785529,9.754920635,1/11/16,A2M,Archival,7,4,57.14285714,1
1/11/16,A7M,10.22122438,11.34909276,33.09432275,-0.032225714,0.139785529,9.761428571,1/11/16,A7M,Archival,7,4,57.14285714,1
1/11/16,T2M,11.41451672,12.06626824,33.74024037,-0.018104209,0.139785529,9.761309524,1/11/16,T2M,Archival,7,4,57.14285714,1
1/18/16,A2M,7.328533445,7.410042831,32.9108429,-0.00339623,0.394616296,9.927420635,1/18/16,A2M,Archival,7,1,14.28571429,1
1/18/16,A7M,8.492887429,9.042354992,33.43155779,-0.015698571,0.394616296,9.933373016,1/18/16,A7M,Archival,7,1,14.28571429,1
1/18/16,T2M,9.492699078,9.92174748,33.85585948,-0.011918011,0.394616296,9.933333333,1/18/16,T2M,Archival,7,2,28.57142857,1
1/25/16,A2M,5.663647447,6.5622906,32.28098025,-0.037443464,0.626942375,10.1325,1/25/16,A2M,Archival,7,7,100,1
1/25/16,A7M,7.231031214,7.816451618,33.12531553,-0.016725714,0.626942375,10.13785714,1/25/16,A7M,Archival,7,7,100,1
1/25/16,T2M,8.504978861,8.592634201,33.57321003,-0.002434868,0.626942375,10.13785714,1/25/16,T2M,Archival,7,7,100,1
2/1/16,A2M,6.377310003,6.948753016,32.31027385,-0.023810125,0.841355186,10.36380952,2/1/16,A2M,Archival,7,7,100,1
2/1/16,A7M,6.993423053,8.155334404,32.77380862,-0.033197143,0.841355186,10.36849206,2/1/16,A7M,Archival,7,7,100,1
2/1/16,T2M,8.251653126,8.818159103,33.35540717,-0.015736277,0.841355186,10.36853175,2/1/16,T2M,Archival,7,7,100,1
2/8/16,A2M,5.860459805,6.443542072,31.8441846,-0.024295095,0.229456476,10.61555556,2/8/16,A2M,Archival,7,3,42.85714286,1
2/8/16,A7M,6.894308771,7.403181008,32.98601096,-0.014538571,0.229456476,10.61968254,2/8/16,A7M,Archival,7,5,71.42857143,1
2/8/16,T2M,8.074185576,8.131948675,33.52256393,-0.001604531,0.229456476,10.61948413,2/8/16,T2M,Archival,7,5,71.42857143,1
2/15/16,A2M,4.777129037,5.626002107,32.11720276,-0.035369711,0.343712789,10.88257937,2/15/16,A2M,Archival,7,4,57.14285714,1
2/15/16,A7M,6.000490393,6.676563535,32.93897411,-0.019317143,0.343712789,10.8856746,2/15/16,A7M,Archival,7,2,28.57142857,1
2/15/16,T2M,7.435648441,7.478663717,33.59605299,-0.001194869,0.343712789,10.88571429,2/15/16,T2M,Archival,7,1,14.28571429,1
2/22/16,A2M,5.437624931,5.757793563,31.98490334,-0.013340359,0.571483648,11.16027778,2/22/16,A2M,Archival,7,3,42.85714286,1
2/22/16,A7M,6.329959393,7.144693715,32.71742085,-0.023278571,0.571483648,11.1627381,2/22/16,A7M,Archival,7,4,57.14285714,1
2/22/16,T2M,7.447083337,8.327516351,33.30518505,-0.024456473,0.571483648,11.1627381,2/22/16,T2M,Archival,7,1,14.28571429,1
2/29/16,A2M,5.823940993,6.629317443,31.80911064,-0.033557352,0.803280864,11.46587963,2/29/16,A2M,Archival,6,4,66.66666667,1
2/29/16,A7M,6.610494312,8.156132824,32.46696291,-0.044162632,0.797422071,11.4599269,2/29/16,A7M,Archival,6,4,66.66666667,1
2/29/16,T2M,7.662184,9.314831734,33.05824089,-0.045906882,0.803280864,11.4675463,2/29/16,T2M,Archival,6,4,66.66666667,1
3/7/16,A2M,7.205883912,7.36867312,30.91059222,-0.006782884,0.463187602,11.735,3/7/16,A2M,Archival,7,5,71.42857143,1
3/7/16,A7M,7.640328748,8.726545879,31.73383795,-0.031034286,0.463187602,11.73587302,3/7/16,A7M,Archival,7,5,71.42857143,1
3/7/16,T2M,8.47877121,9.588450568,32.70369448,-0.030824427,0.463187602,11.73587302,3/7/16,T2M,Archival,7,6,85.71428571,1
3/14/16,A2M,7.494328839,6.649855954,30.98358754,0.03518637,0.291497511,12.02678571,3/14/16,A2M,Archival,7,6,85.71428571,1
3/14/16,A7M,8.12353754,7.673761845,31.16559574,0.01285,0.291497511,12.02686508,3/14/16,A7M,Archival,7,6,85.71428571,1
3/14/16,T2M,8.939344679,8.478503568,32.00297873,0.012801142,0.291497511,12.02690476,3/14/16,T2M,Archival,7,6,85.71428571,1
3/21/16,A2M,7.131335054,6.812376227,31.57592664,0.013289957,0.517479157,12.31876984,3/21/16,A2M,Archival,7,5,71.42857143,1
3/21/16,A7M,7.213219097,7.299393722,32.09142494,-0.002462857,0.517479157,12.31801587,3/21/16,A7M,Archival,7,7,100,1
3/21/16,T2M,7.628589494,7.913947242,32.84881755,-0.007926604,0.517479157,12.31805556,3/21/16,T2M,Archival,7,6,85.71428571,1
3/28/16,A2M,8.275508063,7.430887563,31.58549636,0.035192521,0.734565665,12.60884921,3/28/16,A2M,Archival,7,1,14.28571429,1
3/28/16,A7M,8.329186303,7.957587923,32.01578168,0.010617143,0.734565665,12.60738095,3/28/16,A7M,Archival,7,2,28.57142857,1
3/28/16,T2M,8.483869416,8.377710819,32.6625824,0.00294885,0.734565665,12.60734127,3/28/16,T2M,Archival,7,3,42.85714286,1
4/4/16,A2M,8.761093548,8.77650656,32.68035453,-0.000642209,0.555441636,12.89531746,4/4/16,A2M,Archival,7,0,0,1
4/4/16,A7M,8.887075833,9.046828952,32.93384607,-0.004564286,0.555441636,12.89305556,4/4/16,A7M,Archival,7,1,14.28571429,1
4/4/16,T2M,8.924531937,9.162364142,33.05297525,-0.00660645,0.555441636,12.89313492,4/4/16,T2M,Archival,7,1,14.28571429,1
4/11/16,A2M,9.028015818,8.648994991,32.8822125,0.015792535,0.240146234,13.17583333,4/11/16,A2M,Archival,7,0,0,1
4/11/16,A7M,8.985835075,8.715124267,33.1227853,0.007732857,0.240146234,13.17289683,4/11/16,A7M,Archival,7,0,0,1
4/11/16,T2M,8.999694824,8.999204499,33.28528867,1.36E-05,0.240146234,13.17285714,4/11/16,T2M,Archival,7,1,14.28571429,1
4/18/16,A2M,10.75654098,8.713060652,32.33468955,0.085145014,0.463870538,13.44793651,4/18/16,A2M,Archival,7,0,0,1
4/18/16,A7M,10.21262114,7.932117735,32.89956829,0.065157143,0.463870538,13.44424603,4/18/16,A7M,Archival,7,0,0,1
4/18/16,T2M,9.947324754,7.832948003,33.17654037,0.058732688,0.463870538,13.4440873,4/18/16,T2M,Archival,7,0,0,1
4/25/16,A2M,11.61315223,8.985840117,32.01378168,0.109471338,0.683161333,13.70813492,4/25/16,A2M,Archival,7,0,0,1
4/25/16,A7M,11.13230815,8.289979049,32.52358464,0.08121,0.683161333,13.70384921,4/25/16,A7M,Archival,7,0,0,1
4/25/16,T2M,10.68218177,8.11322219,33.02597318,0.071359988,0.683161333,13.70380952,4/25/16,T2M,Archival,7,0,0,1
5/2/16,A2M,11.99472114,10.43262795,31.8930457,0.065087216,0.649156312,13.9531746,5/2/16,A2M,Archival,7,0,0,1
5/2/16,A7M,11.4951413,9.301832744,32.32468986,0.062665714,0.649156312,13.94801587,5/2/16,A7M,Archival,7,0,0,1
5/2/16,T2M,11.19578253,8.505595207,32.83307484,0.074727425,0.649156312,13.94805556,5/2/16,T2M,Archival,7,0,0,1
5/9/16,A2M,13.05598491,10.75401388,31.54255159,0.09591546,0.189761535,14.17829365,5/9/16,A2M,Archival,7,0,0,1
5/9/16,A7M,12.17332976,9.521555084,32.35816411,0.075767143,0.189761535,14.17246032,5/9/16,A7M,Archival,7,0,0,1
5/9/16,T2M,11.78140259,8.788036346,32.71552277,0.083149062,0.189761535,14.17246032,5/9/16,T2M,Archival,7,0,0,1
5/16/16,A2M,13.16089794,11.04451329,31.57722827,0.088182693,0.413168498,14.37865079,5/16/16,A2M,Archival,7,0,0,1
5/16/16,A7M,12.57188075,10.01560538,32.31778717,0.073037143,0.413168498,14.3722619,5/16/16,A7M,Archival,7,0,0,1
5/16/16,T2M,12.33972836,9.915969576,32.82636751,0.067326633,0.413168498,14.37214286,5/16/16,T2M,Archival,7,0,0,1
5/23/16,A2M,14.89127895,11.93686472,30.84257725,0.123100593,0.633223921,14.54888889,5/23/16,A2M,Archival,7,0,0,1
5/23/16,A7M,14.54901178,10.44635187,31.68767466,0.117218571,0.633223921,14.54210317,5/23/16,A7M,Archival,7,0,0,1
5/23/16,T2M,14.20111193,10.3151286,32.57375826,0.107943981,0.633223921,14.54198413,5/23/16,T2M,Archival,7,0,0,1
5/30/16,A2M,18.95923206,11.99280821,30.95619992,0.290267661,0.744392303,14.68396825,5/30/16,A2M,Archival,7,0,0,1
5/30/16,A7M,19.05292102,10.64628329,31.23723793,0.24019,0.744392303,14.67670635,5/30/16,A7M,Archival,7,0,0,1
5/30/16,T2M,18.59464891,10.47576836,32.03040014,0.22552446,0.744392303,14.67678571,5/30/16,T2M,Archival,7,0,0,1
6/6/16,A2M,18.73669543,12.74199608,31.09090914,0.249779139,0.140251992,14.7793254,6/6/16,A2M,Archival,7,0,0,1
6/6/16,A7M,19.12229565,11.4929687,31.29933548,0.217978571,0.140251992,14.77170635,6/6/16,A7M,Archival,7,0,0,1
6/6/16,T2M,18.89435659,11.51350934,31.66153445,0.205023535,0.140251992,14.77186508,6/6/16,T2M,Archival,7,0,0,1
6/13/16,A2M,19.3423154,12.88233267,31.47581755,0.269165947,0.360342155,14.83126984,6/13/16,A2M,Archival,7,0,0,1
6/13/16,A7M,19.18154444,11.98800441,31.81841769,0.205531429,0.360342155,14.82361111,6/13/16,A7M,Archival,7,0,0,1
6/13/16,T2M,18.93476595,11.98557186,32.04056822,0.193033169,0.360342155,14.82357143,6/13/16,T2M,Archival,7,0,0,1
6/20/16,A2M,20.88710867,12.81493637,31.13609205,0.336340513,0.583246543,14.83793651,6/20/16,A2M,Archival,7,0,0,1
6/20/16,A7M,20.86944199,11.77364349,31.6541105,0.259878571,0.583246543,14.83019841,6/20/16,A7M,Archival,7,0,0,1
6/20/16,T2M,20.65714291,11.63277245,32.10971887,0.250676957,0.583246543,14.83027778,6/20/16,T2M,Archival,7,0,0,1
6/27/16,A2M,21.91076224,14.04700852,30.93780627,0.327656406,0.837038137,14.7990873,6/27/16,A2M,Archival,7,0,0,1
6/27/16,A7M,22.26505606,12.93274307,31.10501453,0.266637143,0.837038137,14.79154762,6/27/16,A7M,Archival,7,0,0,1
6/27/16,T2M,22.1380607,12.3879197,31.58812904,0.27083725,0.837038137,14.79154762,6/27/16,T2M,Archival,7,0,0,1
7/4/16,A2M,23.90059689,15.76431997,31.34437234,0.339011539,0.232645917,14.71646825,7/4/16,A2M,Archival,7,0,0,1
7/4/16,A7M,24.16560146,14.71708243,31.30171122,0.269958571,0.232645917,14.70920635,7/4/16,A7M,Archival,7,0,0,1
7/4/16,T2M,24.12737873,14.16086524,31.40309497,0.276847597,0.232645917,14.70912698,7/4/16,T2M,Archival,7,0,0,1
7/11/16,A2M,24.45143738,15.01288672,31.25372457,0.393272945,0.305236188,14.59645833,7/11/16,A2M,Archival,7,0,0,1
7/11/16,A7M,25.0244112,12.85538801,31.38301945,0.347685,0.294675046,14.59685185,7/11/16,A7M,Archival,7,0,0,1
7/11/16,T2M,25.19884529,11.51090255,31.51545229,0.380220632,0.305236188,14.58951389,7/11/16,T2M,Archival,7,0,0,1
7/25/16,A2M,25.3673123,15.32997772,31.39859799,0.418222274,0.78950258,14.24428571,7/25/16,A2M,Archival,7,0,0,1
7/25/16,A7M,26.34984616,14.33290427,31.79975592,0.34334,0.78950258,14.23833333,7/25/16,A7M,Archival,7,0,0,1
7/25/16,T2M,27.4256698,13.08915779,32.44520351,0.398236445,0.78950258,14.23829365,7/25/16,T2M,Archival,7,0,0,1
8/1/16,A2M,25.35057831,15.40239103,31.76105826,0.414507804,0.326003668,14.02857143,8/1/16,A2M,Archival,7,0,0,1
8/1/16,A7M,26.3357969,13.01477596,31.97796086,0.3806,0.326003668,14.02329365,8/1/16,A7M,Archival,7,0,0,1
8/1/16,T2M,26.72390039,11.7503594,32.0338974,0.415931694,0.326003668,14.02325397,8/1/16,T2M,Archival,7,0,0,1
8/8/16,A2M,25.98264095,15.03896822,31.7212628,0.455986364,0.258897192,13.79230159,8/8/16,A2M,Archival,7,0,0,1
8/8/16,A7M,26.86736243,12.30960192,31.90672875,0.415935714,0.258897192,13.78757937,8/8/16,A7M,Archival,7,0,0,1
8/8/16,T2M,27.11877305,11.05718899,32.07381603,0.446155113,0.258897192,13.78761905,8/8/16,T2M,Archival,7,0,0,1
8/15/16,A2M,25.98243414,15.53229237,32.02109582,0.435422574,0.48446135,13.53968254,8/15/16,A2M,Archival,7,0,0,1
8/15/16,A7M,26.97533498,12.53483473,32.19978605,0.412585714,0.48446135,13.53575397,8/15/16,A7M,Archival,7,0,0,1
8/15/16,T2M,27.56595775,10.74295058,32.17035621,0.467305755,0.48446135,13.53583333,8/15/16,T2M,Archival,7,0,0,1
8/22/16,A2M,24.81506865,16.62922341,32.00597872,0.341076885,0.741452683,13.27484127,8/22/16,A2M,Archival,7,0,0,1
8/22/16,A7M,25.830513,13.99355139,32.24940273,0.338198571,0.741452683,13.27162698,8/22/16,A7M,Archival,7,0,0,1
8/22/16,T2M,26.39998409,12.3619145,32.09768186,0.389946377,0.741452683,13.27170635,8/22/16,T2M,Archival,7,0,0,1
8/29/16,A2M,24.38652257,16.8217441,31.91533116,0.315199103,0.560847192,13.00095238,8/29/16,A2M,Archival,7,0,0,1
8/29/16,A7M,25.20203155,13.59059674,32.27767835,0.331755714,0.560847192,12.99849206,8/29/16,A7M,Archival,7,0,0,1
8/29/16,T2M,25.87297767,11.56754031,32.34761647,0.39737326,0.560847192,12.9984127,8/29/16,T2M,Archival,7,0,0,1
9/5/16,A2M,23.57937677,22.88840376,32.02319064,0.028790542,0.207367605,12.72043651,9/5/16,A2M,Archival,7,0,0,1
9/5/16,A7M,23.6400122,20.03656278,32.06571661,0.102954286,0.207367605,12.71876984,9/5/16,A7M,Archival,7,0,0,1
9/5/16,T2M,23.404556,16.13041306,32.39199366,0.202059526,0.207367605,12.71873016,9/5/16,T2M,Archival,7,0,0,1
9/12/16,A2M,23.13731766,21.0814991,31.98599379,0.085659107,0.435153841,12.4356746,9/12/16,A2M,Archival,7,0,0,1
9/12/16,A7M,23.11541775,18.03569576,32.16494261,0.145135714,0.435153841,12.43484127,9/12/16,A7M,Archival,7,0,0,1
9/12/16,T2M,22.89522961,15.99106557,32.2520534,0.191782335,0.435153841,12.43484127,9/12/16,T2M,Archival,7,0,0,1
9/19/16,A2M,23.24943216,21.63628469,31.9161535,0.067214478,0.69253737,12.14865079,9/19/16,A2M,Archival,7,0,0,1
9/19/16,A7M,22.92713656,19.11097118,32.23405021,0.109032857,0.69253737,12.14849206,9/19/16,A7M,Archival,7,0,0,1
9/19/16,T2M,22.78160695,17.12202127,32.52329363,0.157210713,0.69253737,12.14857143,9/19/16,T2M,Archival,7,0,0,1
9/26/16,A2M,21.65307508,20.57027926,31.71476664,0.045116493,0.652885986,11.86087302,9/26/16,A2M,Archival,7,0,0,1
9/26/16,A7M,21.55451339,18.91843905,32.05213356,0.075315714,0.652885986,11.86154762,9/26/16,A7M,Archival,7,0,0,1
9/26/16,T2M,21.40521131,16.06303256,32.42314257,0.148393854,0.652885986,11.86150794,9/26/16,T2M,Archival,7,1,14.28571429,1
10/3/16,A2M,20.88912909,20.26323155,31.54977417,0.026079064,0.154898989,11.5743254,10/3/16,A2M,Archival,7,0,0,1
10/3/16,A7M,20.7740266,19.59478705,32.0193318,0.033692857,0.154898989,11.57563492,10/3/16,A7M,Archival,7,0,0,1
10/3/16,T2M,20.05985968,18.05362511,32.64362172,0.055728738,0.154898989,11.57571429,10/3/16,T2M,Archival,7,0,0,1
10/10/16,A2M,18.93191828,18.83108357,31.99299676,0.004201448,0.383332733,11.2909127,10/10/16,A2M,Archival,7,0,0,1
10/10/16,A7M,18.8799948,18.73963656,32.53000968,0.00401,0.383332733,11.29309524,10/10/16,A7M,Archival,7,0,0,1
10/10/16,T2M,18.59112712,18.33664567,33.10002027,0.007068929,0.383332733,11.29297619,10/10/16,T2M,Archival,7,0,0,1
10/17/16,A2M,19.28530557,19.09947641,31.6515571,0.007742882,0.642671292,11.01305556,10/17/16,A2M,Archival,7,0,0,1
10/17/16,A7M,19.25040735,18.86214147,32.06388474,0.011092857,0.642671292,11.01599206,10/17/16,A7M,Archival,7,1,14.28571429,1
10/17/16,T2M,19.15695,18.52499226,32.78202983,0.017554381,0.642671292,11.01603175,10/17/16,T2M,Archival,7,1,14.28571429,1
10/24/16,A2M,17.71120916,17.93625478,32.44901439,-0.0093769,0.88452803,10.74392857,10/24/16,A2M,Archival,7,0,0,1
10/24/16,A7M,17.61458669,17.10756438,32.59220014,0.014487143,0.88452803,10.74742063,10/24/16,A7M,Archival,7,0,0,1
10/24/16,T2M,17.70706967,15.76539843,32.89492961,0.053935312,0.88452803,10.74753968,10/24/16,T2M,Archival,7,0,0,1
10/31/16,A2M,17.31090028,17.37435314,32.44679151,-0.002643869,0.102139826,10.48710317,10/31/16,A2M,Archival,7,0,0,1
10/31/16,A7M,17.32193484,17.01237134,32.78278078,0.008844286,0.102139826,10.49150794,10/31/16,A7M,Archival,7,0,0,1
10/31/16,T2M,17.36386408,16.22971071,33.07594136,0.03150426,0.102139826,10.49142857,10/31/16,T2M,Archival,7,0,0,1
11/7/16,A2M,16.07968521,16.16672162,32.37254061,-0.003626517,0.331970628,10.24734127,11/7/16,A2M,Archival,7,0,0,1
11/7/16,A7M,16.25596905,16.28244972,32.86614009,-0.000754286,0.331970628,10.25234127,11/7/16,A7M,Archival,7,1,14.28571429,1
11/7/16,T2M,16.43553135,16.44911943,33.13688878,-0.000377447,0.331970628,10.25234127,11/7/16,T2M,Archival,7,1,14.28571429,1
11/14/16,A2M,14.82015078,14.95642934,32.4510607,-0.005678273,0.591044434,10.02992063,11/14/16,A2M,Archival,7,1,14.28571429,1
11/14/16,A7M,15.33317702,15.36520031,32.90474973,-0.000914286,0.591044434,10.03559524,11/14/16,A7M,Archival,7,0,0,1
11/14/16,T2M,15.62568692,15.72493444,33.21708897,-0.002756876,0.591044434,10.03559524,11/14/16,T2M,Archival,7,0,0,1
11/21/16,A2M,12.75736223,12.78308964,32.57676097,-0.001071981,0.830538068,9.841031746,11/21/16,A2M,Archival,7,1,14.28571429,1
11/21/16,A7M,13.82409559,13.93622126,33.06204006,-0.003202857,0.830538068,9.84734127,11/21/16,A7M,Archival,7,1,14.28571429,1
11/21/16,T2M,14.44607462,15.10293048,33.53831863,-0.018245996,0.830538068,9.84734127,11/21/16,T2M,Archival,7,0,0,1
11/28/16,A2M,12.06656933,12.44274314,32.55559095,-0.015673909,0.378992776,9.687361111,11/28/16,A2M,Archival,6,3,50,1
11/28/16,A7M,12.98991241,13.5735774,33.08685913,-0.0166755,0.345728166,9.693888889,11/28/16,A7M,Archival,7,1,14.28571429,1
11/28/16,T2M,13.71202483,14.28932385,33.5591013,-0.016036084,0.345728166,9.693777778,11/28/16,T2M,Archival,7,0,0,1
12/5/16,A2M,11.12024593,11.18749428,32.52802004,-0.002802014,0.279231244,9.573968254,12/5/16,A2M,Archival,7,1,14.28571429,1
12/5/16,A7M,12.1074652,12.24143274,33.07853426,-0.003828571,0.279231244,9.580952381,12/5/16,A7M,Archival,7,0,0,1
12/5/16,T2M,12.7670002,12.83767319,33.51649638,-0.001963139,0.279231244,9.581031746,12/5/16,T2M,Archival,7,0,0,1
12/12/16,A2M,9.846021108,9.909935952,32.49659402,-0.002663118,0.539370367,9.506785714,12/12/16,A2M,Archival,7,2,28.57142857,1
12/12/16,A7M,11.41545732,11.60812541,33.25269917,-0.005504286,0.539370367,9.514007937,12/12/16,A7M,Archival,7,2,28.57142857,1
12/12/16,T2M,12.2038987,12.30992045,33.67150933,-0.002945049,0.539370367,9.513968254,12/12/16,T2M,Archival,7,0,0,1
12/19/16,A2M,8.719627108,9.103893416,32.55973979,-0.016011096,0.775443484,9.488730159,12/19/16,A2M,Archival,7,3,42.85714286,1
12/19/16,A7M,10.13758428,10.58355413,33.3359593,-0.012742857,0.775443484,9.495952381,12/19/16,A7M,Archival,7,2,28.57142857,1
12/19/16,T2M,11.62666948,11.82598891,34.03548813,-0.005536651,0.775443484,9.495952381,12/19/16,T2M,Archival,7,0,0,1
12/26/16,A2M,8.447739657,9.52534339,32.6582112,-0.044900155,0.624980975,9.518055556,12/26/16,A2M,Archival,7,3,42.85714286,1
12/26/16,A7M,9.731303776,11.17183338,33.34435362,-0.041157059,0.624980975,9.525261438,12/26/16,A7M,Archival,7,6,85.71428571,1
12/26/16,T2M,11.25377273,11.61582438,34.11387253,-0.01005699,0.926498361,9.51212963,12/26/16,T2M,Archival,3,0,0,1
1/2/17,A2M,8.140545178,8.504701392,32.93592606,-0.01517318,0.233356294,9.604925926,1/2/17,A2M,Archival,7,6,85.71428571,1
1/2/17,A7M,9.136321004,9.88672835,33.46956965,-0.021439333,0.233356294,9.611814815,1/2/17,A7M,Archival,7,5,71.42857143,1
1/2/17,T2M,9.82127285,9.883094788,33.95727921,-0.001717276,0.33626985,9.655555556,1/2/17,T2M,Archival,1,0,0,1
1/9/17,A2M,6.865679945,7.728718894,32.59068571,-0.035959956,0.483919311,9.727936508,1/9/17,A2M,Archival,7,2,28.57142857,1
1/9/17,A7M,8.306604045,8.895112719,33.25900214,-0.016814286,0.483919311,9.734404762,1/9/17,A7M,Archival,7,3,42.85714286,1
1/9/17,T2M,9.821552549,9.8148692,33.86365128,0.000185648,0.483919311,9.734285714,1/9/17,T2M,Archival,7,5,71.42857143,1
1/16/17,A2M,7.168196883,7.918917247,32.40349415,-0.031280015,0.720006031,9.893809524,1/16/17,A2M,Archival,7,2,28.57142857,1
1/16/17,A7M,8.356755257,9.177985736,33.03174863,-0.023462857,0.720006031,9.89984127,1/16/17,A7M,Archival,7,1,14.28571429,1
1/16/17,T2M,9.883044243,9.978679521,33.72405625,-0.002656535,0.720006031,9.899801587,1/16/17,T2M,Archival,7,3,42.85714286,1
1/23/17,A2M,6.72197846,6.959812641,32.36534745,-0.009909757,0.790464894,10.09349206,1/23/17,A2M,Archival,7,1,14.28571429,1
1/23/17,A7M,7.480991364,7.788200583,32.96369989,-0.008777143,0.790464894,10.09904762,1/23/17,A7M,Archival,7,2,28.57142857,1
1/23/17,T2M,8.387219021,8.53143692,33.44947161,-0.004006053,0.790464894,10.09892857,1/23/17,T2M,Archival,7,1,14.28571429,1
1/30/17,A2M,6.107201168,6.954063075,32.55046027,-0.035285913,0.172941621,10.32059524,1/30/17,A2M,Archival,7,0,0,1
1/30/17,A7M,7.452913897,8.575959069,32.94386946,-0.032087143,0.172941621,10.3252381,1/30/17,A7M,Archival,7,1,14.28571429,1
1/30/17,T2M,8.350524358,9.500298636,33.19435447,-0.031938174,0.172941621,10.32531746,1/30/17,T2M,Archival,7,1,14.28571429,1
2/6/17,A2M,5.588695935,6.647502763,32.43244171,-0.044116951,0.431451852,10.56896825,2/6/17,A2M,Archival,7,0,0,1
2/6/17,A7M,6.676828861,8.511341504,33.01070077,-0.052415714,0.431451852,10.57321429,2/6/17,A7M,Archival,7,0,0,1
2/6/17,T2M,7.736164979,9.188877651,33.4583871,-0.04035313,0.431451852,10.57313492,2/6/17,T2M,Archival,7,1,14.28571429,1
2/13/17,A2M,5.356294904,5.61312655,32.83057295,-0.010701318,0.664912134,10.83349206,2/13/17,A2M,Archival,7,0,0,1
2/13/17,A7M,6.096205166,6.373019764,33.33110319,-0.00791,0.664912134,10.83690476,2/13/17,A7M,Archival,7,0,0,1
2/13/17,T2M,6.415959971,7.058699199,33.53032357,-0.017853867,0.664912134,10.83694444,2/13/17,T2M,Archival,7,0,0,1
2/20/17,A2M,6.609556879,5.642187868,32.7011479,0.040307042,0.879075907,11.10964286,2/20/17,A2M,Archival,7,0,0,1
2/20/17,A7M,7.113864558,5.991686208,33.25125177,0.032062857,0.879075907,11.1122619,2/20/17,A7M,Archival,7,0,0,1
2/20/17,T2M,7.357116291,6.485626357,33.58553805,0.024208054,0.879075907,11.1122619,2/20/17,T2M,Archival,7,0,0,1
2/27/17,A2M,6.536351749,6.418276378,32.89350837,0.004919807,0.12078529,11.39369048,2/27/17,A2M,Archival,7,0,0,1
2/27/17,A7M,6.983973639,6.810607502,33.23065676,0.004952857,0.12078529,11.39555556,2/27/17,A7M,Archival,7,1,14.28571429,1
2/27/17,T2M,7.406967163,7.310721874,33.52456229,0.00267348,0.12078529,11.39551587,2/27/17,T2M,Archival,7,2,28.57142857,1
3/6/17,A2M,6.961733546,7.007449559,33.02277156,-0.001904834,0.379036406,11.68265873,3/6/17,A2M,Archival,7,1,14.28571429,1
3/6/17,A7M,7.210223811,7.664892129,33.30881555,-0.012991429,0.379036406,11.68376984,3/6/17,A7M,Archival,7,1,14.28571429,1
3/6/17,T2M,7.69724553,8.403229032,33.64225115,-0.019610653,0.379036406,11.68365079,3/6/17,T2M,Archival,7,1,14.28571429,1
3/13/17,A2M,6.102230549,6.138456072,32.94788633,-0.001509397,0.610856713,11.97416667,3/13/17,A2M,Archival,7,1,14.28571429,1
3/13/17,A7M,6.615966388,6.64853096,33.54430117,-0.000928571,0.610856713,11.97440476,3/13/17,A7M,Archival,7,1,14.28571429,1
3/13/17,T2M,7.272666659,7.289403779,33.8904408,-0.000464927,0.610856713,11.97448413,3/13/17,T2M,Archival,7,0,0,1
3/20/17,A2M,5.678166526,5.394673416,32.45514243,0.011812213,0.825354868,12.26615079,3/20/17,A2M,Archival,7,1,14.28571429,1
3/20/17,A7M,5.830283097,5.691173486,33.23905127,0.003975714,0.825354868,12.26575397,3/20/17,A7M,Archival,7,3,42.85714286,1
3/20/17,T2M,6.515175819,6.278751237,33.93538938,0.00656735,0.825354868,12.2656746,3/20/17,T2M,Archival,7,2,28.57142857,1
3/27/17,A2M,6.256843771,5.135595185,31.73202515,0.046718691,0.354651112,12.55686508,3/27/17,A2M,Archival,7,1,14.28571429,1
3/27/17,A7M,6.355171953,5.667777334,32.48839297,0.01964,0.354651112,12.55555556,3/27/17,A7M,Archival,7,0,0,1
3/27/17,T2M,6.898928301,6.448014055,33.57604272,0.012525396,0.354651112,12.55555556,3/27/17,T2M,Archival,7,0,0,1
4/3/17,A2M,7.234888349,5.919165543,32.19085448,0.054821784,0.327674146,12.84404762,4/3/17,A2M,Archival,7,0,0,1
4/3/17,A7M,7.06619324,5.932529995,32.70855549,0.03239,0.327674146,12.84202381,4/3/17,A7M,Archival,7,1,14.28571429,1
4/3/17,T2M,6.813033513,6.319054944,33.2430202,0.013721627,0.327674146,12.84206349,4/3/17,T2M,Archival,7,0,0,1
4/10/17,A2M,9.134307043,7.452461515,32.76547187,0.070076897,0.559821014,13.1259127,4/10/17,A2M,Archival,7,0,0,1
4/10/17,A7M,9.149852888,7.60441494,32.76972253,0.044155714,0.559821014,13.12305556,4/10/17,A7M,Archival,7,0,0,1
4/10/17,T2M,8.866075243,8.028058052,32.89101028,0.023278255,0.559821014,13.12305556,4/10/17,T2M,Archival,7,0,0,1
4/17/17,A2M,11.22581468,7.829422133,32.51794379,0.141516356,0.772936543,13.39972222,4/17/17,A2M,Archival,7,0,0,1
4/17/17,A7M,11.19430242,7.985115596,32.91918673,0.091691429,0.772936543,13.39607143,4/17/17,A7M,Archival,7,0,0,1
4/17/17,T2M,11.2252591,8.225674084,32.94191742,0.083321806,0.772936543,13.39615079,4/17/17,T2M,Archival,7,0,0,1
4/24/17,A2M,12.13193662,8.504905224,31.42175756,0.151126308,0.447903518,13.66246032,4/24/17,A2M,Archival,7,0,0,1
4/24/17,A7M,11.72389657,7.255357742,32.03891318,0.127672857,0.447903518,13.65805556,4/24/17,A7M,Archival,7,0,0,1
4/24/17,T2M,12.09027549,7.285684858,32.86685671,0.133460851,0.447903518,13.65805556,4/24/17,T2M,Archival,7,0,0,1
5/1/17,A2M,12.89851652,8.883736747,31.85458429,0.16728249,0.277274551,13.91039683,5/1/17,A2M,Archival,7,0,0,1
5/1/17,A7M,13.05605452,8.287226609,31.89136342,0.136251429,0.277274551,13.90535714,5/1/17,A7M,Archival,7,0,0,1
5/1/17,T2M,13.20727199,8.164650508,31.94536591,0.140072819,0.277274551,13.90539683,5/1/17,T2M,Archival,7,0,0,1
5/8/17,A2M,13.65152618,9.9070564,32.20429393,0.156019574,0.506210814,14.1393254,5/8/17,A2M,Archival,7,0,0,1
5/8/17,A7M,13.48363427,8.383719172,32.38469478,0.145711429,0.506210814,14.13380952,5/8/17,A7M,Archival,7,0,0,1
5/8/17,T2M,13.42636694,7.556348051,32.62015098,0.16305608,0.506210814,14.13369048,5/8/17,T2M,Archival,7,0,0,1
5/15/17,A2M,14.70266805,10.56038856,31.06742641,0.172594979,0.721819831,14.34456349,5/15/17,A2M,Archival,7,0,0,1
5/15/17,A7M,14.22927257,8.401231221,31.85488456,0.166515714,0.721819831,14.33825397,5/15/17,A7M,Archival,7,0,0,1
5/15/17,T2M,13.89649337,7.686041423,32.56495939,0.172512554,0.721819831,14.33833333,5/15/17,T2M,Archival,7,0,0,1
5/22/17,A2M,14.98177569,11.57505104,31.40418816,0.141946861,0.54227677,14.5206746,5/22/17,A2M,Archival,7,0,0,1
5/22/17,A7M,14.38491494,8.736984593,32.0689076,0.16137,0.54227677,14.51388889,5/22/17,A7M,Archival,7,0,0,1
5/22/17,T2M,14.08639881,7.86688539,32.84134347,0.172764262,0.54227677,14.51396825,5/22/17,T2M,Archival,7,0,0,1
5/29/17,A2M,16.56077426,12.28697436,31.57146645,0.178074996,0.227685269,14.6625,5/29/17,A2M,Archival,7,0,0,1
5/29/17,A7M,16.23065908,9.522859028,31.89303807,0.191651429,0.227685269,14.65527778,5/29/17,A7M,Archival,7,0,0,1
5/29/17,T2M,16.23550892,8.511333874,32.44479098,0.214560418,0.227685269,14.65531746,5/29/17,T2M,Archival,7,0,0,1
6/5/17,A2M,17.69450814,12.15437385,30.75697354,0.230838929,0.453099328,14.7652381,6/5/17,A2M,Archival,7,0,0,1
6/5/17,A7M,16.9868096,10.20856435,31.22639411,0.193662857,0.453099328,14.75777778,6/5/17,A7M,Archival,7,1,14.28571429,1
6/5/17,T2M,16.74214636,9.441189221,31.96639143,0.202804365,0.453099328,14.75785714,6/5/17,T2M,Archival,7,1,14.28571429,1
6/12/17,A2M,20.31047685,12.25929628,30.31928607,0.335465857,0.671736648,14.82531746,6/12/17,A2M,Archival,10,1,10,1
6/12/17,A7M,20.16580909,10.84538896,30.54292897,0.266298571,0.671736648,14.81757937,6/12/17,A7M,Archival,10,1,10,1
6/12/17,T2M,20.12429156,10.18819182,31.04125404,0.27600277,0.671736648,14.81753968,6/12/17,T2M,Archival,9,0,0,1
6/19/17,A2M,19.21243722,12.84072576,31.57480022,0.265487977,0.7771708,14.84003968,6/19/17,A2M,Archival,7,0,0,1
6/19/17,A7M,20.68704741,11.70980154,31.58038848,0.256494286,0.7771708,14.83234127,6/19/17,A7M,Archival,7,1,14.28571429,1
6/19/17,T2M,21.328225,10.90414225,31.57435226,0.289557854,0.7771708,14.83242063,6/19/17,T2M,Archival,7,1,14.28571429,1
6/26/17,A2M,20.48943901,13.95928642,31.70494434,0.272089691,0.178535693,14.80936508,6/26/17,A2M,Archival,7,0,0,1
6/26/17,A7M,21.37133517,12.24271761,32.21276801,0.260817143,0.178535693,14.8018254,6/26/17,A7M,Archival,7,0,0,1
6/26/17,T2M,22.30185808,10.65176514,32.2469744,0.323613693,0.178535693,14.8018254,6/26/17,T2M,Archival,7,0,0,1
7/3/17,A2M,22.03352737,13.86073753,32.09254564,0.34053291,0.40138401,14.73440476,7/3/17,A2M,Archival,7,0,0,1
7/3/17,A7M,23.2982957,11.58574063,32.59880665,0.334645714,0.40138401,14.72710317,7/3/17,A7M,Archival,7,0,0,1
7/3/17,T2M,23.90480941,9.757641111,32.69319916,0.392976897,0.40138401,14.72706349,7/3/17,T2M,Archival,7,0,0,1
7/10/17,A2M,23.72166906,13.49448585,31.25394494,0.426132634,0.622283433,14.61833333,7/10/17,A2M,Archival,7,0,0,1
7/10/17,A7M,24.84283311,11.4159753,31.83070074,0.383624286,0.622283433,14.61126984,7/10/17,A7M,Archival,7,0,0,1
7/10/17,T2M,25.61754581,10.15808024,32.29820279,0.429429599,0.622283433,14.61134921,7/10/17,T2M,Archival,7,0,0,1
7/17/17,A2M,24.59306935,14.24939346,31.07033403,0.430986495,0.873289235,14.46535714,7/17/17,A2M,Archival,7,0,0,1
7/17/17,A7M,25.9081756,11.76231507,31.727611,0.404168571,0.873289235,14.45869048,7/17/17,A7M,Archival,7,0,0,1
7/17/17,T2M,26.80104501,10.37883554,32.06851823,0.456172485,0.873289235,14.45876984,7/17/17,T2M,Archival,7,0,0,1
7/24/17,A2M,23.36581993,15.77655424,31.56250763,0.316219404,0.129360675,14.28047619,7/24/17,A2M,Archival,7,0,0,1
7/24/17,A7M,24.11162567,12.63073526,31.70069586,0.328024286,0.129360675,14.27448413,7/24/17,A7M,Archival,7,0,0,1
7/24/17,T2M,24.97437341,10.49267796,31.77133479,0.402269318,0.129360675,14.27436508,7/24/17,T2M,Archival,7,0,0,1
7/31/17,A2M,23.48557554,18.5949688,31.94515692,0.203775281,0.351468929,14.06904762,7/31/17,A2M,Archival,7,0,0,1
7/31/17,A7M,23.33758409,13.38322585,32.22352982,0.284411429,0.351468929,14.06369048,7/31/17,A7M,Archival,7,0,0,1
7/31/17,T2M,23.36304256,11.17085089,32.08614976,0.338671991,0.351468929,14.06361111,7/31/17,T2M,Archival,7,0,0,1
8/7/17,A2M,23.94359153,17.31826496,31.76482609,0.276055274,0.572751872,13.83611111,8/7/17,A2M,Archival,7,0,0,1
8/7/17,A7M,24.373903,13.09105587,32.24444035,0.322365714,0.572751872,13.83126984,8/7/17,A7M,Archival,7,0,0,1
8/7/17,T2M,24.14055416,11.29265118,32.09713527,0.356886194,0.572751872,13.83130952,8/7/17,T2M,Archival,7,0,0,1
8/14/17,A2M,25.19170734,16.76658317,31.70445415,0.35104684,0.82577895,13.58603175,8/14/17,A2M,Archival,7,0,0,1
8/14/17,A7M,25.56823077,13.01663549,32.10051918,0.358615714,0.82577895,13.58210317,8/14/17,A7M,Archival,7,0,0,1
8/14/17,T2M,25.45071275,10.83650671,31.99283791,0.405950168,0.82577895,13.58210317,8/14/17,T2M,Archival,7,0,0,1
8/21/17,A2M,25.42244366,17.63620513,32.13688442,0.324426605,0.222427736,13.32333333,8/21/17,A2M,Archival,7,0,0,1
8/21/17,A7M,25.7693615,14.0591338,32.0958083,0.334578571,0.222427736,13.31988095,8/21/17,A7M,Archival,7,0,0,1
8/21/17,T2M,25.72235816,12.01018361,31.96780722,0.380893737,0.222427736,13.32,8/21/17,T2M,Archival,7,0,0,1
8/28/17,A2M,23.37520354,21.66708265,31.70980399,0.071171704,0.300232566,13.05063492,8/28/17,A2M,Archival,7,0,0,1
8/28/17,A7M,23.40964181,17.23957607,31.61117826,0.176285714,0.300232566,13.04809524,8/28/17,A7M,Archival,7,0,0,1
8/28/17,T2M,22.85754803,14.35268034,31.78054919,0.236246325,0.300232566,13.04821429,8/28/17,T2M,Archival,7,0,0,1
9/4/17,A2M,22.4888807,18.07953698,31.2619915,0.183722655,0.523013755,12.77126984,9/4/17,A2M,Archival,7,0,0,1
9/4/17,A7M,22.46382059,14.11792455,31.57566833,0.238452857,0.523013755,12.76944444,9/4/17,A7M,Archival,7,0,0,1
9/4/17,T2M,22.25437164,13.23325811,31.72961807,0.250586487,0.523013755,12.76948413,9/4/17,T2M,Archival,7,0,0,1
9/11/17,A2M,22.24255671,19.34747178,31.0687809,0.120628539,0.77714714,12.48718254,9/11/17,A2M,Archival,7,0,0,1
9/11/17,A7M,22.06162671,16.24076448,31.42678016,0.166311429,0.77714714,12.48611111,9/11/17,A7M,Archival,7,0,0,1
9/11/17,T2M,22.03316089,14.52814579,31.61396245,0.208472642,0.77714714,12.48619048,9/11/17,T2M,Archival,7,0,0,1
9/18/17,A2M,22.27885955,20.78592191,31.14926447,0.062205735,0.457019986,12.20031746,9/18/17,A2M,Archival,7,0,0,1
9/18/17,A7M,21.68217468,18.82685607,31.17852184,0.081581429,0.457019986,12.20015873,9/18/17,A7M,Archival,7,0,0,1
9/18/17,T2M,21.25256702,16.15342685,31.4411365,0.141642782,0.457019986,12.20011905,9/18/17,T2M,Archival,7,0,0,1
9/25/17,A2M,21.87588092,21.33009529,31.23900059,0.022741068,0.247906401,11.91257937,9/25/17,A2M,Archival,7,0,0,1
9/25/17,A7M,21.07180187,19.17934363,31.40636008,0.05407,0.247906401,11.91301587,9/25/17,A7M,Archival,7,0,0,1
9/25/17,T2M,20.54920823,17.03515952,31.86368833,0.097612464,0.247906401,11.91313492,9/25/17,T2M,Archival,7,0,0,1
10/2/17,A2M,21.24547604,19.93567358,31.20930563,0.054575103,0.473085877,11.62571429,10/2/17,A2M,Archival,7,0,0,1
10/2/17,A7M,20.75943075,17.94657271,31.51965441,0.080368571,0.473085877,11.62690476,10/2/17,A7M,Archival,7,0,0,1
10/2/17,T2M,20.23438099,16.52154514,32.13827814,0.103134329,0.473085877,11.62702381,10/2/17,T2M,Archival,7,0,0,1
10/9/17,A2M,21.45276642,19.58667701,31.15513502,0.077753725,0.727357246,11.34150794,10/9/17,A2M,Archival,7,0,0,1
10/9/17,A7M,21.15157209,17.92928219,31.4694064,0.092067143,0.727357246,11.34357143,10/9/17,A7M,Archival,7,0,0,1
10/9/17,T2M,20.80430903,16.84597138,31.74446978,0.109953824,0.727357246,11.34353175,10/9/17,T2M,Archival,7,0,0,1
10/16/17,A2M,19.82621656,19.59856333,30.9673105,0.009485551,0.548546875,11.0625,10/16/17,A2M,Archival,7,0,0,1
10/16/17,A7M,19.61614173,18.66018459,31.64683124,0.027312857,0.548546875,11.06519841,10/16/17,A7M,Archival,7,0,0,1
10/16/17,T2M,19.34499659,17.93539401,32.05725261,0.039155627,0.548546875,11.06535714,10/16/17,T2M,Archival,7,0,0,1
10/23/17,A2M,19.29672895,18.81120818,31.16851943,0.020230032,0.194340122,10.79150794,10/23/17,A2M,Archival,7,0,0,1
10/23/17,A7M,19.19882011,17.95036098,31.77818162,0.03567,0.194340122,10.79515873,10/23/17,A7M,Archival,7,0,0,1
10/23/17,T2M,18.99931281,17.53050722,32.18276106,0.040800155,0.194340122,10.79496032,10/23/17,T2M,Archival,7,0,0,1
10/30/17,A2M,18.41136197,18.70687457,31.72172901,-0.012313025,0.41890385,10.53222222,10/30/17,A2M,Archival,7,0,0,1
10/30/17,A7M,18.48669897,18.53845433,31.919284,-0.001478571,0.41890385,10.53646825,10/30/17,A7M,Archival,7,0,0,1
10/30/17,T2M,18.45927375,18.47742244,32.19611549,-0.00050413,0.41890385,10.53642857,10/30/17,T2M,Archival,7,0,0,1
11/6/17,A2M,17.30964742,17.36924008,31.570364,-0.002483027,0.67636453,10.28888889,11/6/17,A2M,Archival,7,0,0,1
11/6/17,A7M,17.38442721,17.67040716,31.82633046,-0.00817,0.67636453,10.29384921,11/6/17,A7M,Archival,7,0,0,1
11/6/17,T2M,17.46398217,17.87846483,32.22379548,-0.011513407,0.67636453,10.29392857,11/6/17,T2M,Archival,7,0,0,1
11/13/17,A2M,14.86986923,14.8811621,31.54742704,-0.000470536,0.779019855,10.06706349,11/13/17,A2M,Archival,7,0,0,1
11/13/17,A7M,15.30977167,15.25167329,31.99071993,0.00166,0.779019855,10.0727381,11/13/17,A7M,Archival,7,0,0,1
11/13/17,T2M,15.6970238,15.74619729,32.4669511,-0.00136593,0.779019855,10.07269841,11/13/17,T2M,Archival,7,0,0,1
11/20/17,A2M,14.05531168,14.4577899,31.6759572,-0.016769926,0.094418385,9.910833333,11/20/17,A2M,Archival,4,0,0,1
11/20/17,A7M,14.86282334,15.28315199,32.40833547,-0.012007692,0.100154829,9.911923077,11/20/17,A7M,Archival,5,1,20,1
11/20/17,T2M,15.2456882,14.94247866,32.78768539,0.008422488,0.094418385,9.916805556,11/20/17,T2M,Archival,4,0,0,1
5/24/21,RTWB,17.27451444,13.16210532,32.15063286,0.108221293,0.577800006,14.589375,5/24/21,RTWB,RealTime,4,0,0,2
5/31/21,RTWB,16.39920494,12.92138604,32.35311454,0.09152155,0.768732581,14.68809524,5/31/21,RTWB,RealTime,6,0,0,2
6/7/21,RTWB,19.57360131,12.40901061,31.91826058,0.188541861,0.558023615,14.77904762,6/7/21,RTWB,RealTime,7,0,0,2
6/14/21,RTWB,21.29359218,13.16975076,31.85036496,0.2137853,0.215495585,14.82626984,6/14/21,RTWB,RealTime,7,1,14.28571429,2
6/21/21,RTWB,21.98750659,14.46248559,32.04516874,0.198026869,0.473816093,14.82837302,6/21/21,RTWB,RealTime,7,0,0,2
6/28/21,RTWB,23.76690265,13.93093422,32.20313917,0.258841274,0.718912104,14.78515873,6/28/21,RTWB,RealTime,6,0,0,2
7/5/21,RTWB,23.36409378,14.43823487,32.29937717,0.234891024,0.791806249,14.69861111,7/5/21,RTWB,RealTime,7,0,0,2
7/12/21,RTWB,24.07437652,15.58626488,32.65623147,0.223371359,0.16707838,14.57210317,7/12/21,RTWB,RealTime,7,0,0,2
7/19/21,RTWB,24.31327057,14.98436833,32.6453961,0.245497427,0.427281141,14.41007937,7/19/21,RTWB,RealTime,7,0,0,2
7/26/21,RTWB,24.28492519,12.90666171,32.1852556,0.299427986,0.669098359,14.21777778,7/26/21,RTWB,RealTime,7,0,0,2
8/2/21,RTWB,23.51495443,12.3337292,32.46497563,0.294242769,0.88373004,14.00047619,8/2/21,RTWB,RealTime,7,0,0,2
8/9/21,RTWB,24.77655547,13.63697025,31.52164487,0.29314698,0.119329712,13.76297619,8/9/21,RTWB,RealTime,7,0,0,2
8/16/21,RTWB,26.05586297,14.22694438,31.67134503,0.311287331,0.376304549,13.5097619,8/16/21,RTWB,RealTime,7,0,0,2
8/23/21,RTWB,26.77743667,13.62243543,31.46119227,0.346184243,0.61912543,13.24460317,8/23/21,RTWB,RealTime,7,0,0,2
8/30/21,RTWB,25.28007671,14.57226167,31.32221113,0.281784606,0.832758445,12.97063492,8/30/21,RTWB,RealTime,7,0,0,2
9/6/21,RTWB,23.56917,12.88695649,31.5707937,0.281110882,0.21417503,12.69047619,9/6/21,RTWB,RealTime,7,0,0,2
9/13/21,RTWB,23.86334964,12.90143081,31.69281714,0.288471548,0.327885732,12.40615079,9/13/21,RTWB,RealTime,7,0,0,2
9/20/21,RTWB,23.33575004,17.73865018,31.35170828,0.147292101,0.567817542,12.11968254,9/20/21,RTWB,RealTime,7,0,0,2
9/27/21,RTWB,22.34091404,16.12413624,31.54597718,0.163599416,0.780668282,11.8327381,9/27/21,RTWB,RealTime,7,1,14.28571429,2
10/4/21,RTWB,22.01938575,16.07763849,31.02856309,0.15636177,0.446278361,11.54718254,10/4/21,RTWB,RealTime,7,0,0,2
10/11/21,RTWB,21.3559761,20.38880348,32.10212462,0.025451911,0.277695812,11.26496032,10/11/21,RTWB,RealTime,7,0,0,2
10/18/21,RTWB,20.30707795,17.25618213,31.99334744,0.080286732,0.513051107,10.98865079,10/18/21,RTWB,RealTime,7,0,0,2
10/25/21,RTWB,19.37366431,17.90278762,32.38143376,0.038707281,0.727534626,10.72126984,10/25/21,RTWB,RealTime,7,0,0,2
11/1/21,RTWB,18.40644755,18.59574809,32.81309291,-0.004981593,0.538080943,10.46662698,11/1/21,RTWB,RealTime,7,0,0,2
11/8/21,RTWB,17.08296449,17.01090731,33.00380816,0.001896242,0.226130055,10.22956349,11/8/21,RTWB,RealTime,7,1,14.28571429,2
11/15/21,RTWB,15.96209022,15.95918383,32.937803,7.65E-05,0.459033074,10.01535714,11/15/21,RTWB,RealTime,7,0,0,2
11/22/21,RTWB,14.79475934,15.27876827,33.19011797,-0.012737077,0.673490446,9.830277778,11/22/21,RTWB,RealTime,7,0,0,2
11/29/21,RTWB,13.34106854,14.82575716,32.89308439,-0.039070753,0.771365826,9.680634921,11/29/21,RTWB,RealTime,7,1,14.28571429,2
12/6/21,RTWB,12.95926339,14.53800583,32.75823866,-0.041545854,0.173461209,9.57218254,12/6/21,RTWB,RealTime,7,3,42.85714286,2
12/13/21,RTWB,13.00745324,14.01269708,33.22958756,-0.026453786,0.403641125,9.509920635,12/13/21,RTWB,RealTime,7,1,14.28571429,2
12/20/21,RTWB,12.03819139,13.104246,33.24994877,-0.028054069,0.619103833,9.496904762,12/20/21,RTWB,RealTime,7,7,100,2
12/27/21,RTWB,11.5109866,12.17871407,33.32610703,-0.017571775,0.861113372,9.533968254,12/27/21,RTWB,RealTime,7,3,42.85714286,2
1/3/22,RTWB,10.35123594,10.69494234,33.32797895,-0.009044905,0.120630653,9.619325397,1/3/22,RTWB,RealTime,7,6,85.71428571,2
1/10/22,RTWB,9.471593584,9.746530533,33.4284341,-0.007235183,0.348302751,9.749285714,1/10/22,RTWB,RealTime,7,2,28.57142857,2
1/17/22,RTWB,8.7717356,9.038124629,33.5055433,-0.007010238,0.565955078,9.918452381,1/17/22,RTWB,RealTime,7,0,0,2
1/24/22,RTWB,8.412199418,8.333638748,33.76158524,0.002067386,0.789532659,10.10476852,1/24/22,RTWB,RealTime,7,0,0,2
1/31/22,RTWB,6.83851971,7.015867778,33.54073661,-0.00466705,0.350740573,10.3493254,1/31/22,RTWB,RealTime,6,0,0,2
2/7/22,RTWB,6.55825867,6.876682418,33.17143522,-0.008379572,0.292725194,10.59900794,2/7/22,RTWB,RealTime,7,1,14.28571429,2
2/14/22,RTWB,6.725365434,7.037513869,33.25465175,-0.008214433,0.509722319,10.86396825,2/14/22,RTWB,RealTime,7,1,14.28571429,2
2/21/22,RTWB,6.864368916,7.03436109,33.21986662,-0.004473478,0.755862417,11.14039683,2/21/22,RTWB,RealTime,7,1,14.28571429,2
2/28/22,RTWB,7.450420584,7.384653909,33.31358555,0.001730702,0.441222855,11.42420635,2/28/22,RTWB,RealTime,7,1,14.28571429,2
3/7/22,RTWB,8.063755104,8.351058142,32.62426376,-0.007560606,0.237808446,11.71281746,3/7/22,RTWB,RealTime,7,0,0,2
3/14/22,RTWB,8.267198631,8.838856969,33.03618404,-0.015043641,0.454574745,12.00365079,3/14/22,RTWB,RealTime,7,3,42.85714286,2
3/21/22,RTWB,8.947697004,8.573955059,32.60143535,0.009835314,0.710898475,12.30171296,3/21/22,RTWB,RealTime,6,1,16.66666667,2
3/28/22,RTWB,8.325659684,8.833943503,32.73213523,-0.01337589,0.533357911,12.58448413,3/28/22,RTWB,RealTime,7,0,0,2
4/4/22,RTWB,8.917280878,8.881223543,32.45636804,0.000948877,0.18396128,12.87047619,4/4/22,RTWB,RealTime,7,0,0,2
4/11/22,RTWB,9.508974756,8.568790163,32.18270084,0.0247417,0.403094508,13.15083333,4/11/22,RTWB,RealTime,7,0,0,2
4/18/22,RTWB,10.0601887,8.770688738,32.13575499,0.03393421,0.654592044,13.42285714,4/18/22,RTWB,RealTime,7,0,0,2
4/25/22,RTWB,10.69567517,9.003792763,32.5428821,0.044523221,0.765449726,13.68365079,4/25/22,RTWB,RealTime,7,0,0,2
5/2/22,RTWB,11.32917186,9.433265687,32.70112174,0.049892268,0.131325524,13.92928571,5/2/22,RTWB,RealTime,7,0,0,2
5/9/22,RTWB,10.7833613,10.34337752,32.97480175,0.011578525,0.3523853,14.15543651,5/9/22,RTWB,RealTime,7,0,0,2
5/16/22,RTWB,13.67739555,10.23329708,31.64437294,0.09063417,0.605894059,14.35734127,5/16/22,RTWB,RealTime,7,0,0,2
5/23/22,RTWB,15.54182856,10.50435134,31.56078856,0.13256519,0.85816654,14.52968254,5/23/22,RTWB,RealTime,7,0,0,2
5/30/22,RTWB,18.99455642,10.09789848,30.72471346,0.234122577,0.222731841,14.66742063,5/30/22,RTWB,RealTime,7,0,0,2
6/6/22,RTWB,19.80697359,11.16462176,31.10526466,0.227430311,0.302798347,14.76575397,6/6/22,RTWB,RealTime,7,0,0,2
6/13/22,RTWB,21.58273969,12.71762698,31.23506819,0.23329244,0.558118287,14.82107143,6/13/22,RTWB,RealTime,7,0,0,2
6/20/22,RTWB,20.2521722,13.36637184,31.82015528,0.181205273,0.808497796,14.83130952,6/20/22,RTWB,RealTime,7,0,0,2
6/27/22,RTWB,22.20454488,11.94764818,31.97360475,0.269918334,0.456281107,14.79623016,6/27/22,RTWB,RealTime,7,0,0,2
7/4/22,RTWB,23.91465923,13.44569084,32.08622905,0.275499168,0.253752023,14.71730159,7/4/22,RTWB,RealTime,7,0,0,2
7/11/22,RTWB,24.47734043,14.59054988,32.34275327,0.260178699,0.510917665,14.59753968,7/11/22,RTWB,RealTime,7,0,0,2
7/18/22,RTWB,25.70607076,16.1163593,32.37552534,0.252360828,0.758865285,14.44166667,7/18/22,RTWB,RealTime,11,0,0,2
7/25/22,RTWB,24.77993148,16.78992953,32.95671572,0.210263209,0.549616272,14.25448413,7/25/22,RTWB,RealTime,7,0,0,2
8/1/22,RTWB,25.91853442,16.58556162,32.67592076,0.245604547,0.204766716,14.04115079,8/1/22,RTWB,RealTime,7,2,28.57142857,2
8/8/22,RTWB,25.27126748,17.66317095,33.11631066,0.200213067,0.464019064,13.80706349,8/8/22,RTWB,RealTime,7,0,0,2
8/15/22,RTWB,24.34466498,15.8326461,32.91259221,0.224000497,0.708785236,13.55638889,8/15/22,RTWB,RealTime,7,0,0,2
8/22/22,RTWB,25.10396085,14.05251762,32.76040377,0.290827454,0.781963992,13.29305556,8/22/22,RTWB,RealTime,7,0,0,2
8/29/22,RTWB,25.68111501,14.9911044,32.79134696,0.281316069,0.155369832,13.02055556,8/29/22,RTWB,RealTime,7,0,0,2
9/5/22,RTWB,24.58810615,17.85714803,32.79994801,0.177130477,0.412418677,12.74119048,9/5/22,RTWB,RealTime,7,0,0,2
9/12/22,RTWB,23.70981298,18.70459993,32.7843944,0.131716133,0.657820541,12.45757937,9/12/22,RTWB,RealTime,7,0,0,2
9/19/22,RTWB,23.40678869,17.5863826,32.78993007,0.153168582,0.87281088,12.17138889,9/19/22,RTWB,RealTime,7,0,0,2
9/26/22,RTWB,21.26514217,16.8535144,32.59704699,0.116095467,0.106243798,11.8843254,9/26/22,RTWB,RealTime,7,0,0,2
10/3/22,RTWB,18.88748714,18.72799464,32.89925602,0.004197171,0.363025752,11.59837302,10/3/22,RTWB,RealTime,7,0,0,2
10/10/22,RTWB,18.0949895,17.38446808,33.04565539,0.018697932,0.605938967,11.31543651,10/10/22,RTWB,RealTime,7,0,0,2
10/17/22,RTWB,17.47449412,17.12478665,33.09099034,0.009202828,0.820016737,11.03777778,10/17/22,RTWB,RealTime,7,0,0,2
10/24/22,RTWB,17.09357888,16.93487031,33.18602153,0.004176541,0.339188796,10.76849206,10/24/22,RTWB,RealTime,7,0,0,2
10/31/22,RTWB,17.29429381,17.26196371,33.31017249,0.000850792,0.312465365,10.51130952,10/31/22,RTWB,RealTime,7,0,0,2
11/7/22,RTWB,17.31382724,17.25064986,33.28996495,0.001662563,0.552013055,10.2706746,11/7/22,RTWB,RealTime,7,0,0,2
11/14/22,RTWB,16.33701815,16.34006337,33.47898483,-8.01E-05,0.76592906,10.05194444,11/14/22,RTWB,RealTime,7,1,14.28571429,2
11/21/22,RTWB,14.94013391,14.98935618,33.73780605,-0.001295323,0.571986191,9.861150794,11/21/22,RTWB,RealTime,7,0,0,2
11/28/22,RTWB,14.15230901,14.33248819,33.73838534,-0.004741559,0.260424194,9.704603175,11/28/22,RTWB,RealTime,7,1,14.28571429,2
12/5/22,RTWB,13.33390781,13.38712747,33.68295615,-0.001400517,0.496891949,9.588373016,12/5/22,RTWB,RealTime,7,2,28.57142857,2
12/12/22,RTWB,12.10962759,12.14600726,33.52036285,-0.00095736,0.711005446,9.517539683,12/12/22,RTWB,RealTime,7,1,14.28571429,2
12/19/22,RTWB,11.16245256,11.20083373,33.58187921,-0.001010022,0.662324792,9.495634921,12/19/22,RTWB,RealTime,7,1,14.28571429,2
12/26/22,RTWB,9.861029353,11.11206899,33.45969391,-0.032922096,0.207482167,9.523650794,12/26/22,RTWB,RealTime,7,5,71.42857143,2
1/2/23,RTWB,8.979595729,11.3545321,32.68791689,-0.062498326,0.443223063,9.600515873,1/2/23,RTWB,RealTime,7,0,0,2
1/9/23,RTWB,9.20345429,11.23216425,32.44678715,-0.053387104,0.65584974,9.72281746,1/9/23,RTWB,RealTime,7,3,42.85714286,2
1/16/23,RTWB,8.743791035,9.392039572,32.9199186,-0.017059172,0.752445631,9.88531746,1/16/23,RTWB,RealTime,7,6,85.71428571,2
1/23/23,RTWB,8.313542911,9.011472157,32.77443096,-0.018366559,0.154341542,10.08202381,1/23/23,RTWB,RealTime,7,4,57.14285714,2
1/30/23,RTWB,8.116950921,8.676498413,33.08804376,-0.014724934,0.385333427,10.30638889,1/30/23,RTWB,RealTime,7,4,57.14285714,2
2/6/23,RTWB,7.330457074,7.702217102,32.55344609,-0.009783159,0.602026937,10.55269841,2/6/23,RTWB,RealTime,7,4,57.14285714,2
2/13/23,RTWB,7.837657179,7.919723579,32.48209599,-0.002159642,0.841156736,10.81535714,2/13/23,RTWB,RealTime,7,7,100,2
2/20/23,RTWB,7.775885854,8.155538627,32.37323761,-0.009990863,0.242939838,11.09,2/20/23,RTWB,RealTime,7,3,42.85714286,2
2/27/23,RTWB,7.716533865,7.850010599,32.46170425,-0.003512546,0.33099806,11.37277778,2/27/23,RTWB,RealTime,7,7,100,2
3/6/23,RTWB,7.587151459,7.564536231,32.35224588,0.000595138,0.545948621,11.66063492,3/6/23,RTWB,RealTime,7,6,85.71428571,2
3/13/23,RTWB,7.336151123,7.496209553,32.22246061,-0.004212057,0.789632673,11.95134921,3/13/23,RTWB,RealTime,7,1,14.28571429,2
3/20/23,RTWB,7.843027115,7.782120636,32.108872,0.001602802,0.33391471,12.24257937,3/20/23,RTWB,RealTime,7,0,0,2
3/27/23,RTWB,8.336832183,7.456049579,32.02039446,0.02317849,0.277203225,12.53257937,3/27/23,RTWB,RealTime,7,0,0,2
4/3/23,RTWB,9.240045411,8.502651078,31.71683257,0.019405114,0.492923789,12.81944444,4/3/23,RTWB,RealTime,7,1,14.28571429,2
4/10/23,RTWB,10.80237402,8.840879032,31.68766349,0.051618289,0.739275241,13.10095238,4/10/23,RTWB,RealTime,7,0,0,2
4/17/23,A2M,13.07871533,9.688031195,30.70363951,0.141278506,0.299640008,13.43604167,4/17/23,A2M,Archival,4,0,0,2
4/17/23,A7M,13.00887728,9.411183357,31.1309948,0.10279,0.299640008,13.43236111,4/17/23,A7M,Archival,4,0,0,2
4/17/23,RTWB,12.94615028,9.40802785,31.15327624,0.093108485,0.398534694,13.41099415,4/17/23,RTWB,RealTime,7,0,0,2
4/17/23,T2M,12.97393799,9.240513086,31.5046792,0.103706247,0.299640008,13.4325,4/17/23,T2M,Archival,4,0,0,2
4/24/23,A2M,12.73818248,10.41292558,31.35223062,0.096885704,0.224483965,13.64190476,4/24/23,A2M,Archival,7,0,0,2
4/24/23,A7M,12.65084103,9.740481513,31.71585219,0.083151429,0.224483965,13.6377381,4/24/23,A7M,Archival,7,0,0,2
4/24/23,RTWB,12.65084103,9.740481513,31.71585219,0.076588408,0.224483965,13.6377381,4/24/23,RTWB,RealTime,7,0,0,2
4/24/23,T2M,12.52839961,9.458343915,32.16206087,0.085279325,0.224483965,13.63765873,4/24/23,T2M,Archival,7,0,0,2
5/1/23,A2M,13.21436446,11.52193505,31.10197721,0.070517892,0.441979756,13.89123016,5/1/23,A2M,Archival,7,0,0,2
5/1/23,A7M,12.73515006,10.61725971,31.76070731,0.060511429,0.441979756,13.88638889,5/1/23,A7M,Archival,7,0,0,2
5/1/23,RTWB,12.73515006,10.61725971,31.76070731,0.055733957,0.441979756,13.88638889,5/1/23,RTWB,RealTime,7,0,0,2
5/1/23,T2M,12.63257177,10.40843446,32.19523185,0.061781592,0.441979756,13.88626984,5/1/23,T2M,Archival,7,0,0,2
5/8/23,A2M,15.08842155,11.44812257,30.54591424,0.151679124,0.690222529,14.12202381,5/8/23,A2M,Archival,7,0,0,2
5/8/23,A7M,14.76677037,10.5440855,31.26522882,0.120648571,0.690222529,14.11642857,5/8/23,A7M,Archival,7,0,0,2
5/8/23,RTWB,14.76677037,10.5440855,31.26522882,0.111123286,0.690222529,14.11642857,5/8/23,RTWB,RealTime,7,0,0,2
5/8/23,T2M,14.55284977,10.27745356,32.02749743,0.118761006,0.690222529,14.11626984,5/8/23,T2M,Archival,7,0,0,2
5/15/23,A2M,15.53964942,11.76672813,29.93852316,0.157205054,0.661246522,14.32928571,5/15/23,A2M,Archival,7,0,0,2
5/15/23,A7M,15.30942331,11.08704036,30.70638193,0.120638571,0.661246522,14.32305556,5/15/23,A7M,Archival,7,0,0,2
5/15/23,RTWB,15.30942331,11.08704036,30.70638193,0.111115341,0.661246522,14.32301587,5/15/23,RTWB,RealTime,7,0,0,2
5/15/23,T2M,15.17532948,10.5307545,31.54425594,0.129015972,0.661246522,14.32305556,5/15/23,T2M,Archival,7,0,0,2
5/22/23,A2M,15.7869933,13.20221111,30.89876638,0.107699258,0.172818737,14.50785714,5/22/23,A2M,Archival,7,0,0,2
5/22/23,A7M,15.49633516,11.41766739,31.65565082,0.116534286,0.172818737,14.50115079,5/22/23,A7M,Archival,7,0,0,2
5/22/23,RTWB,15.49633516,11.41766739,31.65565082,0.107333362,0.172818737,14.50123016,5/22/23,RTWB,RealTime,7,0,0,2
5/22/23,T2M,15.3212159,10.47007656,32.2443725,0.134753871,0.172818737,14.50107143,5/22/23,T2M,Archival,7,0,0,2
5/29/23,A2M,16.33161191,15.99703448,31.46275193,0.013940726,0.390528081,14.65265873,5/29/23,A2M,Archival,7,0,0,2
5/29/23,A7M,15.82544095,13.28694602,31.96257046,0.072527143,0.390528081,14.64539683,5/29/23,A7M,Archival,7,0,0,2
5/29/23,RTWB,15.82544095,13.28694602,31.96257046,0.066802498,0.390528081,14.64543651,5/29/23,RTWB,RealTime,7,0,0,2
5/29/23,T2M,15.7995412,11.07668114,32.60604423,0.131190557,0.390528081,14.64539683,5/29/23,T2M,Archival,7,0,0,2
6/5/23,A2M,17.7498455,16.09240041,31.08592333,0.069060212,0.642421458,14.75861111,6/5/23,A2M,Archival,7,0,0,2
6/5/23,A7M,16.79619176,13.81268133,31.58607892,0.085242857,0.642421458,14.75111111,6/5/23,A7M,Archival,7,0,0,2
6/5/23,RTWB,16.79619176,13.81268133,31.58607892,0.078513432,0.642421458,14.75115079,6/5/23,RTWB,RealTime,7,0,0,2
6/5/23,T2M,16.1013749,10.90533011,32.2752661,0.144334577,0.642421458,14.75119048,6/5/23,T2M,Archival,7,0,0,2
6/12/23,A2M,19.24413163,15.45933138,31.05888258,0.157700011,0.895689195,14.82214286,6/12/23,A2M,Archival,7,0,0,2
6/12/23,A7M,19.0297293,12.9673011,31.21199036,0.17321,0.895689195,14.81448413,6/12/23,A7M,Archival,7,0,0,2
6/12/23,RTWB,19.0297293,12.9673011,31.21199036,0.159537584,0.895689195,14.81440476,6/12/23,RTWB,RealTime,7,0,0,2
6/12/23,T2M,18.51310703,10.91230542,31.51910291,0.211133378,0.895689195,14.81444444,6/12/23,T2M,Archival,7,0,0,2
6/19/23,A2M,19.81116785,17.47597585,31.01125308,0.097299667,0.122116221,14.84055556,6/19/23,A2M,Archival,7,0,0,2
6/19/23,A7M,19.66815485,14.95259258,31.50579425,0.134731429,0.122116221,14.83297619,6/19/23,A7M,Archival,7,0,0,2
6/19/23,RTWB,19.66815485,14.95259258,31.50579425,0.124093744,0.122116221,14.83289683,6/19/23,RTWB,RealTime,7,0,0,2
6/19/23,T2M,19.55173901,12.47048051,31.99685887,0.196701625,0.122116221,14.83285714,6/19/23,T2M,Archival,7,0,0,2
6/26/23,A2M,21.73757226,16.73522568,30.54144914,0.208431108,0.341535981,14.81345238,6/26/23,A2M,Archival,7,0,0,2
6/26/23,A7M,21.55292184,14.50279876,30.86279842,0.20143,0.341535981,14.80583333,6/26/23,A7M,Archival,7,0,0,2
6/26/23,RTWB,21.55292184,14.50279876,30.86279842,0.185529555,0.341535981,14.80583333,6/26/23,RTWB,RealTime,7,0,0,2
6/26/23,T2M,21.3782087,12.72666059,31.48145975,0.240320781,0.341535981,14.80587302,6/26/23,T2M,Archival,7,0,0,2
7/3/23,A2M,24.31402643,16.53379059,30.78263937,0.324176493,0.594473993,14.74198413,7/3/23,A2M,Archival,7,0,0,2
7/3/23,A7M,24.64739527,13.87553297,30.91696848,0.307767143,0.594473993,14.73448413,7/3/23,A7M,Archival,7,0,0,2
7/3/23,RTWB,24.64739527,13.87553297,30.91696848,0.283470061,0.594473993,14.73452381,7/3/23,RTWB,RealTime,7,0,0,2
7/3/23,T2M,24.68073136,12.26325076,31.06766128,0.344930017,0.594473993,14.73460317,7/3/23,T2M,Archival,7,0,0,2
7/10/23,A2M,24.96829632,16.46875068,30.80589649,0.354147735,0.84755973,14.62900794,7/10/23,A2M,Archival,7,0,0,2
7/10/23,A7M,25.57573972,13.96515669,31.05573055,0.331731429,0.84755973,14.62190476,7/10/23,A7M,Archival,7,0,0,2
7/10/23,RTWB,25.57573972,13.96515669,31.05573055,0.305541659,0.84755973,14.62194444,7/10/23,RTWB,RealTime,7,0,0,2
7/10/23,T2M,25.82251794,12.14115334,31.10301372,0.380037906,0.84755973,14.62194444,7/10/23,T2M,Archival,7,0,0,2
7/17/23,A2M,24.96445574,16.62253475,30.59166799,0.347580041,0.214165358,14.47869048,7/17/23,A2M,Archival,7,0,0,2
7/17/23,A7M,25.51053183,14.03657205,31.03955786,0.327827143,0.214165358,14.47214286,7/17/23,A7M,Archival,7,0,0,2
7/17/23,RTWB,25.51053183,14.03657205,31.03955786,0.30194631,0.214165358,14.47214286,7/17/23,RTWB,RealTime,7,0,0,2
7/17/23,T2M,26.05513627,12.14249924,31.15013749,0.38646214,0.214165358,14.47218254,7/17/23,T2M,Archival,7,0,0,2
7/24/23,A2M,25.13324465,15.12671688,30.44600023,0.416938657,0.29227453,14.29626984,7/24/23,A2M,Archival,7,0,0,2
7/24/23,A7M,25.73656409,11.97083964,30.68687003,0.393307143,0.29227453,14.29015873,7/24/23,A7M,Archival,7,0,0,2
7/24/23,RTWB,25.73656409,11.97083964,30.68687003,0.362255907,0.29227453,14.29015873,7/24/23,RTWB,RealTime,7,0,0,2
7/24/23,T2M,26.05352838,10.17758601,30.85452707,0.440998399,0.29227453,14.2902381,7/24/23,T2M,Archival,7,0,0,2
7/31/23,A2M,22.81208393,13.76877499,30.54844393,0.376804539,0.547015415,14.08666667,7/31/23,A2M,Archival,7,0,0,2
7/31/23,A7M,23.2963622,12.27022348,30.97461183,0.315032857,0.547015415,14.08123016,7/31/23,A7M,Archival,7,0,0,2
7/31/23,RTWB,23.2963622,12.27022348,30.97461183,0.290161545,0.547015415,14.08126984,7/31/23,RTWB,RealTime,7,0,0,2
7/31/23,T2M,24.21543203,11.60898549,31.02349499,0.350179071,0.547015415,14.08130952,7/31/23,T2M,Archival,7,0,0,2
8/7/23,A2M,23.04494231,15.91007777,31.16110338,0.297286022,0.798074581,13.85527778,8/7/23,A2M,Archival,7,0,0,2
8/7/23,A7M,23.85256549,14.30998761,31.14068958,0.272644286,0.798074581,13.85055556,8/7/23,A7M,Archival,7,0,0,2
8/7/23,RTWB,23.85256549,14.30998761,31.14068958,0.251120471,0.798074581,13.85051587,8/7/23,RTWB,RealTime,7,0,0,2
8/7/23,T2M,24.49488231,13.57992867,31.2188639,0.303193157,0.798074581,13.85051587,8/7/23,T2M,Archival,7,0,0,2
8/14/23,A2M,24.27196775,17.98019518,31.26137897,0.262157191,0.446713221,13.60662698,8/14/23,A2M,Archival,7,0,0,2
8/14/23,A7M,24.99570274,16.63048158,31.93314498,0.239007143,0.446713221,13.6025,8/14/23,A7M,Archival,7,0,0,2
8/14/23,RTWB,24.99570274,16.63048158,31.93314498,0.220137399,0.446713221,13.60257937,8/14/23,RTWB,RealTime,7,0,0,2
8/14/23,T2M,25.67655046,15.9289153,31.71961076,0.270767643,0.446713221,13.6025,8/14/23,T2M,Archival,7,0,0,2
8/21/23,A2M,23.96193259,19.15624864,31.44556427,0.200236831,0.242724816,13.34456349,8/21/23,A2M,Archival,7,0,0,2
8/21/23,A7M,24.7682427,17.74559729,31.98195866,0.200644286,0.242724816,13.34126984,8/21/23,A7M,Archival,7,0,0,2
8/21/23,RTWB,24.7682427,17.74559729,31.98195866,0.184806458,0.242724816,13.34126984,8/21/23,RTWB,RealTime,7,0,0,2
8/21/23,T2M,25.19766671,16.87738963,31.97896413,0.231118808,0.242724816,13.34126984,8/21/23,T2M,Archival,7,0,0,2
8/28/23,A2M,23.18462781,20.30405017,31.64808355,0.120024068,0.499465912,13.0727381,8/28/23,A2M,Archival,7,0,0,2
8/28/23,A7M,23.8180373,18.26439231,32.01438549,0.158675714,0.499465912,13.07003968,8/28/23,A7M,Archival,7,0,0,2
8/28/23,RTWB,23.8180373,18.26439231,32.01438549,0.146148553,0.499465912,13.07003968,8/28/23,RTWB,RealTime,7,0,0,2
8/28/23,T2M,24.23036766,16.61351626,31.99156271,0.211579205,0.499465912,13.07015873,8/28/23,T2M,Archival,7,0,0,2
9/4/23,A2M,24.4966071,20.69073405,31.22782026,0.158578044,0.747787843,12.79373016,9/4/23,A2M,Archival,7,0,0,2
9/4/23,A7M,24.69715228,17.64542907,31.78084319,0.201477143,0.747787843,12.79186508,9/4/23,A7M,Archival,7,0,0,2
9/4/23,RTWB,24.69715228,17.64542907,31.78084319,0.185571663,0.747787843,12.79190476,9/4/23,RTWB,RealTime,7,0,0,2
9/4/23,T2M,24.83280291,15.54745047,31.9945755,0.257926457,0.747787843,12.7918254,9/4/23,T2M,Archival,7,0,0,2
9/11/23,A2M,24.68157305,21.55939184,31.45474924,0.130090884,0.539380143,12.50996032,9/11/23,A2M,Archival,7,0,0,2
9/11/23,A7M,24.79885456,18.38217381,31.60833141,0.183334286,0.539380143,12.50884921,9/11/23,A7M,Archival,7,0,0,2
9/11/23,RTWB,24.79885456,18.38217381,31.60833141,0.16886002,0.539380143,12.50884921,9/11/23,RTWB,RealTime,7,0,0,2
9/11/23,T2M,24.92083631,15.70879623,31.86752374,0.255890003,0.539380143,12.50888889,9/11/23,T2M,Archival,7,0,0,2
9/18/23,A2M,23.0389497,22.74024909,31.02153397,0.012445858,0.192478045,12.22329365,9/18/23,A2M,Archival,7,0,0,2
9/18/23,A7M,22.43406323,19.32874625,31.04063252,0.088722857,0.192478045,12.22297619,9/18/23,A7M,Archival,7,0,0,2
9/18/23,RTWB,22.43406323,19.32874625,31.04063252,0.081718868,0.192478045,12.22293651,9/18/23,RTWB,RealTime,7,0,0,2
9/18/23,T2M,22.27165413,16.67315728,31.15169035,0.155513801,0.192478045,12.22297619,9/18/23,T2M,Archival,7,0,0,2
9/25/23,A2M,20.25649534,20.04531833,31.01873098,0.008799046,0.448187448,11.93555556,9/25/23,A2M,Archival,7,0,0,2
9/25/23,A7M,19.75663321,19.36136818,31.44383757,0.01129,0.448187448,11.93603175,9/25/23,A7M,Archival,7,0,0,2
9/25/23,RTWB,19.75663321,19.36136818,31.44383757,0.010401706,0.448187448,11.93603175,9/25/23,RTWB,RealTime,7,0,0,2
9/25/23,T2M,19.63227436,18.6396092,32.10861996,0.027574027,0.448187448,11.93599206,9/25/23,T2M,Archival,7,0,0,2
10/2/23,A2M,19.94915199,19.25822994,31.25993238,0.028788419,0.696386327,11.64853175,10/2/23,A2M,Archival,7,0,0,2
10/2/23,A7M,19.62270246,18.71423312,32.10076823,0.025957143,0.696386327,11.6497619,10/2/23,A7M,Archival,7,0,0,2
10/2/23,RTWB,19.62270246,18.71423312,32.10076823,0.023907085,0.696386327,11.64968254,10/2/23,RTWB,RealTime,7,0,0,2
10/2/23,T2M,19.89156015,18.55985451,32.59079851,0.036991823,0.696386327,11.64964286,10/2/23,T2M,Archival,7,0,0,2
10/9/23,A2M,19.04557582,19.16998945,31.06368746,-0.005183901,0.770518336,11.36404762,10/9/23,A2M,Archival,7,0,0,2
10/9/23,A7M,19.09202112,19.0163626,32.09423801,0.002161429,0.770518336,11.36595238,10/9/23,A7M,Archival,7,0,0,2
10/9/23,RTWB,19.09202112,19.0163626,32.09423801,0.001991014,0.770518336,11.3659127,10/9/23,RTWB,RealTime,7,0,0,2
10/9/23,T2M,20.08232852,18.60614886,32.73807962,0.041004991,0.770518336,11.36607143,10/9/23,T2M,Archival,7,0,0,2
10/16/23,A2M,18.15935734,18.34987368,30.98978097,-0.007938181,0.141313962,11.08444444,10/16/23,A2M,Archival,7,0,0,2
10/16/23,A7M,18.30015945,17.9889431,31.95737457,0.008892857,0.141313962,11.08718254,10/16/23,A7M,Archival,7,0,0,2
10/16/23,RTWB,18.30015945,17.9889431,31.95737457,0.008189904,0.141313962,11.08722222,10/16/23,RTWB,RealTime,7,0,0,2
10/16/23,T2M,18.51849038,17.92252568,32.38637216,0.016554575,0.141313962,11.08722222,10/16/23,T2M,Archival,7,0,0,2
10/23/23,A2M,17.9984605,17.80167662,31.02223423,0.008199328,0.398143389,10.8127381,10/23/23,A2M,Archival,7,0,0,2
10/23/23,A7M,18.03169332,17.67505319,31.79143006,0.01019,0.398143389,10.81619048,10/23/23,A7M,Archival,7,0,0,2
10/23/23,RTWB,18.03169332,17.67505319,31.79143006,0.009385267,0.398143389,10.81623016,10/23/23,RTWB,RealTime,7,0,0,2
10/23/23,T2M,18.08666801,18.12554686,32.49288777,-0.001079968,0.398143389,10.81615079,10/23/23,T2M,Archival,7,0,0,2
10/30/23,A2M,17.32065228,17.22475433,31.46705355,0.003995748,0.6437741,10.55230159,10/30/23,A2M,Archival,7,0,0,2
10/30/23,A7M,17.37758555,17.32190868,31.85112381,0.001591429,0.6437741,10.55650794,10/30/23,A7M,Archival,7,0,0,2
10/30/23,RTWB,17.37758555,17.32190868,31.85112381,0.001465181,0.6437741,10.55650794,10/30/23,RTWB,RealTime,7,0,0,2
10/30/23,T2M,17.43313108,17.20066997,32.34555054,0.006457253,0.6437741,10.55650794,10/30/23,T2M,Archival,7,0,0,2
11/6/23,A2M,16.3029277,16.42251069,31.5972587,-0.004982625,0.859269008,10.30761905,11/6/23,A2M,Archival,7,0,0,2
11/6/23,A7M,16.49957766,16.48441069,32.12422998,0.000432857,0.859269008,10.3125,11/6/23,A7M,Archival,7,0,0,2
11/6/23,RTWB,16.49957766,16.48441069,32.12422998,0.000399131,0.859269008,10.3125,11/6/23,RTWB,RealTime,7,0,0,2
11/6/23,T2M,16.64302812,16.23629761,32.50700923,0.01129807,0.859269008,10.3125,11/6/23,T2M,Archival,7,0,0,2
11/13/23,A2M,15.28507696,15.53043038,31.30462374,-0.010223059,0.232076803,10.08388889,11/13/23,A2M,Archival,7,2,28.57142857,2
11/13/23,A7M,15.68750613,15.44013664,32.05451093,0.007067143,0.232076803,10.08936508,11/13/23,A7M,Archival,7,1,14.28571429,2
11/13/23,RTWB,15.68750613,15.44013664,32.05451093,0.006509723,0.232076803,10.08944444,11/13/23,RTWB,RealTime,7,0,0,2
11/13/23,T2M,15.75407274,14.99060835,32.37234497,0.021207344,0.232076803,10.08944444,11/13/23,T2M,Archival,7,0,0,2
11/20/23,A2M,14.5526371,14.64136069,31.52535221,-0.003696816,0.346491282,9.88702381,11/20/23,A2M,Archival,7,1,14.28571429,2
11/20/23,A7M,14.92164789,14.95085526,32.00048474,-0.000835714,0.346491282,9.893134921,11/20/23,A7M,Archival,7,1,14.28571429,2
11/20/23,RTWB,14.92164789,14.95085526,32.00048474,-0.000768611,0.346491282,9.893134921,11/20/23,RTWB,RealTime,7,1,14.28571429,2
11/20/23,T2M,14.77870464,14.78772,32.27649035,-0.000250424,0.346491282,9.893095238,11/20/23,T2M,Archival,7,1,14.28571429,2
11/27/23,A2M,12.68246092,12.8687646,31.56554304,-0.007762653,0.589754125,9.723333333,11/27/23,A2M,Archival,7,3,42.85714286,2
11/27/23,A7M,13.47944968,13.55564472,32.15800776,-0.002175714,0.589754125,9.729960317,11/27/23,A7M,Archival,7,2,28.57142857,2
11/27/23,RTWB,13.47944968,13.55564472,32.15800776,-0.002005132,0.589754125,9.729920635,11/27/23,RTWB,RealTime,7,1,14.28571429,2
11/27/23,T2M,13.49203968,13.4522513,32.36349051,0.001105233,0.589754125,9.729960317,11/27/23,T2M,Archival,7,1,14.28571429,2
12/4/23,A2M,11.83411571,12.39578669,31.49669838,-0.023402958,0.804120016,9.599087302,12/4/23,A2M,Archival,7,2,28.57142857,2
12/4/23,A7M,12.71621581,12.85421263,32.10398511,-0.003942857,0.804120016,9.605992063,12/4/23,A7M,Archival,7,2,28.57142857,2
12/4/23,RTWB,12.71621581,12.85421263,32.10398511,-0.003631495,0.804120016,9.606031746,12/4/23,RTWB,RealTime,7,2,28.57142857,2
12/4/23,T2M,12.92034285,12.92416218,32.29223306,-0.000106093,0.804120016,9.606150794,12/4/23,T2M,Archival,7,2,28.57142857,2
12/11/23,A2M,10.89928164,11.37358774,31.249497,-0.019762755,0.462724191,9.51952381,12/11/23,A2M,Archival,7,2,28.57142857,2
12/11/23,A7M,11.87712547,12.21173927,31.93858283,-0.009562857,0.462724191,9.526825397,12/11/23,A7M,Archival,7,2,28.57142857,2
12/11/23,RTWB,11.87712547,12.21173927,31.93858283,-0.008805626,0.462724191,9.526785714,12/11/23,RTWB,RealTime,7,0,0,2
12/11/23,T2M,12.29179764,12.35038866,32.33549554,-0.001627529,0.462724191,9.526706349,12/11/23,T2M,Archival,7,0,0,2
12/18/23,A2M,10.54468741,10.59010301,31.3851757,-0.001892317,0.293879393,9.488611111,12/18/23,A2M,Archival,7,1,14.28571429,2
12/18/23,A7M,11.25992516,11.29044628,31.99202401,-0.000872857,0.293879393,9.495873016,12/18/23,A7M,Archival,7,2,28.57142857,2
12/18/23,RTWB,11.25992516,11.29044628,31.99202401,-0.000803187,0.293879393,9.495833333,12/18/23,RTWB,RealTime,7,2,28.57142857,2
12/18/23,T2M,11.5493318,11.55762127,32.32262312,-0.000230256,0.293879393,9.495833333,12/18/23,T2M,Archival,7,2,28.57142857,2
12/25/23,A2M,9.528057234,10.22490338,29.64265796,-0.029035256,0.536198684,9.507738095,12/25/23,A2M,Archival,7,7,100,2
12/25/23,A7M,10.66273839,10.63047654,31.87932096,0.000922857,0.536198684,9.514880952,12/25/23,A7M,Archival,7,6,85.71428571,2
12/25/23,RTWB,10.66273839,10.63047654,31.87932096,0.000848991,0.536198684,9.514960317,12/25/23,RTWB,RealTime,7,6,85.71428571,2
12/25/23,T2M,11.03710638,10.8608408,32.32788958,0.004896266,0.536198684,9.514960317,12/25/23,T2M,Archival,7,5,71.42857143,2
1/1/24,A2M,8.749587536,9.853102139,30.11833545,-0.045979775,0.748450662,9.576349206,1/1/24,A2M,Archival,7,6,85.71428571,2
1/1/24,A7M,9.884789739,10.19099821,31.69326292,-0.008748571,0.748450662,9.583293651,1/1/24,A7M,Archival,7,7,100,2
1/1/24,RTWB,9.884789739,10.19099821,31.69326292,-0.008058118,0.748450662,9.583333333,1/1/24,RTWB,RealTime,7,4,57.14285714,2
1/1/24,T2M,10.36125115,10.30818817,32.20721708,0.001473972,0.748450662,9.583214286,1/1/24,T2M,Archival,7,6,85.71428571,2
1/8/24,A2M,8.253262179,9.149059432,30.02032961,-0.037324885,0.553096674,9.691071429,1/8/24,A2M,Archival,7,1,14.28571429,2
1/8/24,A7M,9.096091407,9.26526601,31.44618961,-0.004832857,0.553096674,9.697738095,1/8/24,A7M,Archival,7,7,100,2
1/8/24,RTWB,9.096091407,9.26526601,31.44618961,-0.004451963,0.553096674,9.697698413,1/8/24,RTWB,RealTime,7,5,71.42857143,2
1/8/24,T2M,9.644043922,9.750685964,31.9353357,-0.002962279,0.553096674,9.69765873,1/8/24,T2M,Archival,7,5,71.42857143,2
1/15/24,A2M,7.481756755,8.342789514,30.5138558,-0.035876365,0.24080007,9.84718254,1/15/24,A2M,Archival,7,2,28.57142857,2
1/15/24,A7M,8.128930296,9.461729322,31.21963011,-0.03808,0.24080007,9.853452381,1/15/24,A7M,Archival,7,5,71.42857143,2
1/15/24,RTWB,8.128930296,9.461729322,31.21963011,-0.035073659,0.24080007,9.853373016,1/15/24,RTWB,RealTime,7,3,42.85714286,2
1/15/24,T2M,8.973707063,9.918442998,31.94808933,-0.026242665,0.24080007,9.853373016,1/15/24,T2M,Archival,7,5,71.42857143,2
1/22/24,A2M,6.199671814,7.002640792,29.35602978,-0.033457041,0.479408495,10.03876984,1/22/24,A2M,Archival,7,5,71.42857143,2
1/22/24,A7M,6.976219859,8.348489353,30.24544307,-0.039208571,0.479408495,10.04444444,1/22/24,A7M,Archival,7,7,100,2
1/22/24,RTWB,6.976219859,8.348489353,30.24544307,-0.036112355,0.479408495,10.04440476,1/22/24,RTWB,RealTime,7,7,100,2
1/22/24,T2M,8.096631799,9.278996604,31.45393862,-0.032843467,0.479408495,10.04436508,1/22/24,T2M,Archival,7,5,71.42857143,2
1/29/24,A2M,6.652512346,6.575325353,30.47742762,0.003216125,0.692911236,10.25928571,1/29/24,A2M,Archival,7,5,71.42857143,2
1/29/24,A7M,7.119189194,7.302295957,31.1437318,-0.005232857,0.692911236,10.26424603,1/29/24,A7M,Archival,7,4,57.14285714,2
1/29/24,RTWB,7.119189194,7.302295957,31.1437318,-0.004818599,0.692911236,10.26420635,1/29/24,RTWB,RealTime,7,2,28.57142857,2
1/29/24,T2M,7.847871372,8.0609575,31.84855298,-0.005919059,0.692911236,10.26436508,1/29/24,T2M,Archival,7,3,42.85714286,2
2/5/24,A2M,6.312792301,6.342621326,29.64570781,-0.001242876,0.643587811,10.5027381,2/5/24,A2M,Archival,7,2,28.57142857,2
2/5/24,A7M,6.615019662,6.897447313,30.66342953,-0.00807,0.643587811,10.50698413,2/5/24,A7M,Archival,7,2,28.57142857,2
2/5/24,RTWB,6.615019662,6.897447313,30.66342953,-0.007432309,0.643587811,10.50710317,2/5/24,RTWB,RealTime,7,3,42.85714286,2
2/5/24,T2M,7.565033095,7.683865684,31.95494488,-0.003300905,0.643587811,10.50706349,2/5/24,T2M,Archival,7,2,28.57142857,2
2/12/24,A2M,6.074032238,6.273325035,29.78446606,-0.008303867,0.187891628,10.76361111,2/12/24,A2M,Archival,7,6,85.71428571,2
2/12/24,A7M,6.753423555,7.195440224,31.03023066,-0.012628571,0.187891628,10.76710317,2/12/24,A7M,Archival,7,2,28.57142857,2
2/12/24,RTWB,6.753423555,7.195440224,31.03023066,-0.011632018,0.187891628,10.76714286,2/12/24,RTWB,RealTime,7,3,42.85714286,2
2/12/24,T2M,7.363141401,7.591579642,31.90975598,-0.006345507,0.187891628,10.76722222,2/12/24,T2M,Archival,7,3,42.85714286,2
2/19/24,A2M,5.816065584,6.042666912,30.10158049,-0.009441722,0.423473761,11.03710317,2/19/24,A2M,Archival,7,1,14.28571429,2
2/19/24,A7M,6.246118477,6.579687527,31.13207408,-0.00953,0.423473761,11.03988095,2/19/24,A7M,Archival,7,2,28.57142857,2
2/19/24,RTWB,6.246118477,6.579687527,31.13207408,-0.008778133,0.423473761,11.03996032,2/19/24,RTWB,RealTime,7,1,14.28571429,2
2/19/24,T2M,6.96327407,6.889315196,32.09002032,0.002054413,0.423473761,11.03984127,2/19/24,T2M,Archival,7,1,14.28571429,2
2/26/24,A2M,6.330401148,6.371314253,30.52327074,-0.001704713,0.638146528,11.3193254,2/26/24,A2M,Archival,7,0,0,2
2/26/24,A7M,6.591574941,6.555440017,30.89119366,0.001032857,0.638146528,11.32138889,2/26/24,A7M,Archival,7,1,14.28571429,2
2/26/24,RTWB,6.591574941,6.555440017,30.89119366,0.000950919,0.638146528,11.32142857,2/26/24,RTWB,RealTime,7,1,14.28571429,2
2/26/24,T2M,6.916491304,6.803837435,31.41807066,0.003129274,0.638146528,11.32134921,2/26/24,T2M,Archival,7,0,0,2
3/4/24,A2M,7.259079184,6.892507485,30.74317142,0.015273821,0.875160174,11.6072619,3/4/24,A2M,Archival,7,0,0,2
3/4/24,A7M,7.395213059,6.95651504,30.92472431,0.012534286,0.875160174,11.60861111,3/4/24,A7M,Archival,7,4,57.14285714,2
3/4/24,RTWB,7.395213059,6.95651504,30.92472431,0.011544685,0.875160174,11.60849206,3/4/24,RTWB,RealTime,7,3,42.85714286,2
3/4/24,T2M,7.63178512,7.217626027,31.41416223,0.011504419,0.875160174,11.60857143,3/4/24,T2M,Archival,7,3,42.85714286,2
3/11/24,A2M,8.18697003,7.324444362,30.37284006,0.035938569,0.135726453,11.89845238,3/11/24,A2M,Archival,7,2,28.57142857,2
3/11/24,A7M,8.054970264,7.401809011,30.86405645,0.018661429,0.135726453,11.89884921,3/11/24,A7M,Archival,7,5,71.42857143,2
3/11/24,RTWB,8.054970264,7.401809011,30.86405645,0.017188454,0.135726453,11.89896825,3/11/24,RTWB,RealTime,7,3,42.85714286,2
3/11/24,T2M,8.229188647,7.6578628,31.53320694,0.015870163,0.135726453,11.89880952,3/11/24,T2M,Archival,7,5,71.42857143,2
3/18/24,A2M,8.356895719,8.218034608,29.61377253,0.00578588,0.369872236,12.19043651,3/18/24,A2M,Archival,7,2,28.57142857,2
3/18/24,A7M,8.26296384,8.424640383,30.92132051,-0.004618571,0.369872236,12.19015873,3/18/24,A7M,Archival,7,4,57.14285714,2
3/18/24,RTWB,8.26296384,8.424640383,30.92132051,-0.004254646,0.369872236,12.19011905,3/18/24,RTWB,RealTime,7,4,57.14285714,2
3/18/24,T2M,8.234771865,8.595394407,31.61349242,-0.010017293,0.369872236,12.19015873,3/18/24,T2M,Archival,7,4,57.14285714,2
3/25/24,A2M,8.084992341,7.939457212,30.48968615,0.006063964,0.584493895,12.48166667,3/25/24,A2M,Archival,7,0,0,2
3/25/24,A7M,7.900120803,7.84934473,31.42481831,0.001451429,0.584493895,12.48059524,3/25/24,A7M,Archival,7,1,14.28571429,2
3/25/24,RTWB,7.900120803,7.84934473,31.42481831,0.001336212,0.584493895,12.48055556,3/25/24,RTWB,RealTime,7,2,28.57142857,2
3/25/24,T2M,7.907914434,7.804292951,31.87443161,0.002878374,0.584493895,12.48051587,3/25/24,T2M,Archival,7,1,14.28571429,2
4/1/24,A2M,8.465662139,7.907924993,29.85716983,0.023239048,0.824504003,12.76988095,4/1/24,A2M,Archival,7,0,0,2
4/1/24,A7M,8.080953666,7.769781317,31.24486814,0.008888571,0.824504003,12.76809524,4/1/24,A7M,Archival,7,0,0,2
4/1/24,RTWB,8.080953666,7.769781317,31.24486814,0.008188746,0.824504003,12.76813492,4/1/24,RTWB,RealTime,7,0,0,2
4/1/24,T2M,7.98349871,7.647793906,31.73022652,0.009325133,0.824504003,12.76805556,4/1/24,T2M,Archival,7,1,14.28571429,2
4/8/24,A2M,9.573078292,8.101214,28.63636208,0.061327679,0.227438234,13.0534127,4/8/24,A2M,Archival,7,0,0,2
4/8/24,A7M,8.96681009,7.713874408,30.25803076,0.035797143,0.227438234,13.05083333,4/8/24,A7M,Archival,7,1,14.28571429,2
4/8/24,RTWB,8.96681009,7.713874408,30.25803076,0.032971992,0.227438234,13.05079365,4/8/24,RTWB,RealTime,7,1,14.28571429,2
4/8/24,T2M,8.628208092,7.487177917,31.09066827,0.031695282,0.227438234,13.0506746,4/8/24,T2M,Archival,7,2,28.57142857,2
4/15/24,A2M,10.43968105,7.871126493,30.31320954,0.107023107,0.255730374,13.25185185,4/15/24,A2M,Archival,3,0,0,2
4/15/24,A7M,10.58379396,7.389214516,30.08179919,0.091273333,0.255730374,13.2487037,4/15/24,A7M,Archival,3,1,33.33333333,2
4/15/24,RTWB,10.51913071,7.528119564,30.10816479,0.078710819,0.282609549,13.28256944,4/15/24,RTWB,RealTime,7,1,14.28571429,2
4/15/24,T2M,10.05865383,7.111798286,30.63208961,0.081857098,0.255730374,13.2487037,4/15/24,T2M,Archival,3,2,66.66666667,2
4/22/24,RTWB,9.933669636,7.890367849,30.52919333,0.053771099,0.531900267,13.59130952,4/22/24,RTWB,RealTime,7,2,28.57142857,2
4/29/24,RTWB,12.27541978,8.328556742,29.93521663,0.103864817,0.774810998,13.84285714,4/29/24,RTWB,RealTime,7,3,42.85714286,2
5/6/24,RTWB,12.83001573,8.932526044,30.12035125,0.102565518,0.462324107,14.0765873,5/6/24,RTWB,RealTime,7,2,28.57142857,2
5/13/24,RTWB,12.02404226,9.997175352,30.54432842,0.053338603,0.265336458,14.28777778,5/13/24,RTWB,RealTime,7,1,14.28571429,2
5/20/24,RTWB,13.98867675,11.19305175,30.15709141,0.073569079,0.481841136,14.47142857,5/20/24,RTWB,RealTime,7,0,0,2
5/27/24,RTWB,17.5590477,11.24669498,29.06707682,0.166114546,0.726202296,14.62218254,5/27/24,RTWB,RealTime,7,1,14.28571429,2
6/3/24,RTWB,19.02725983,11.348879,28.40655409,0.202062654,0.556422153,14.73519841,6/3/24,RTWB,RealTime,7,0,0,2
6/10/24,RTWB,20.18798038,11.04912853,29.3088447,0.240496101,0.214204326,14.80626984,6/10/24,RTWB,RealTime,7,0,0,2
6/17/24,RTWB,22.7635073,11.42895889,29.92265483,0.29827759,0.429339868,14.83289683,6/17/24,RTWB,RealTime,7,0,0,2
6/24/24,RTWB,21.95008578,11.76079137,31.14314815,0.268139327,0.678343653,14.8140873,6/24/24,RTWB,RealTime,7,0,0,2
7/1/24,RTWB,22.07728904,12.65474728,31.6330174,0.247961625,0.651063668,14.75055556,7/1/24,RTWB,RealTime,7,0,0,2
7/8/24,RTWB,24.12871524,13.17911339,32.04461834,0.288147417,0.163383297,14.64503968,7/8/24,RTWB,RealTime,7,0,0,2
7/15/24,RTWB,23.81314087,13.9519949,32.03308487,0.259503841,0.284317608,14.56888889,7/15/24,RTWB,RealTime,1,0,0,2
10/21/24,RTWB,17.72038651,17.875597,32.18797302,-0.004084487,0.831968364,10.75,10/21/24,RTWB,RealTime,1,0,0,2
10/28/24,RTWB,17.70218604,17.236166,31.95544788,0.012263685,0.667990177,10.6022619,10/28/24,RTWB,RealTime,7,0,0,2
11/4/24,RTWB,17.60498673,17.18425288,32.06885093,0.011071944,0.177515409,10.35496032,11/4/24,RTWB,RealTime,7,0,0,2
11/11/24,RTWB,16.61687469,16.61612157,32.28763362,1.98E-05,0.432919231,10.1277381,11/11/24,RTWB,RealTime,7,0,0,2
11/18/24,RTWB,15.5718114,15.64528942,32.43551309,-0.001933636,0.680923192,9.926150794,11/18/24,RTWB,RealTime,7,1,14.28571429,2
11/25/24,RTWB,14.58800289,15.3211407,32.77340916,-0.0192931,0.896902457,9.756587302,11/25/24,RTWB,RealTime,7,1,14.28571429,2
12/2/24,RTWB,12.99728584,14.07022667,33.11965833,-0.028235285,0.12480271,9.62515873,12/2/24,RTWB,RealTime,7,3,42.85714286,2
12/9/24,RTWB,11.79932635,13.21938229,33.30174637,-0.037369893,0.378431669,9.537579365,12/9/24,RTWB,RealTime,7,3,42.85714286,2
12/16/24,RTWB,11.28931945,11.5590898,33.29723576,-0.00709922,0.627069154,9.497738095,12/16/24,RTWB,RealTime,7,4,57.14285714,2
12/23/24,RTWB,9.980615206,10.05064351,33.33100183,-0.001842846,0.841915025,9.507857143,12/23/24,RTWB,RealTime,7,2,28.57142857,2
12/30/24,RTWB,9.90291214,10.45222521,33.25177002,-0.014455608,0.48865595,9.538611111,12/30/24,RTWB,RealTime,2,0,0,2