Date,Site,sst,bottom_temp,sss,stratification,phase,daylight_hours,year,month,site,device_type,days_monitored,days_present,percent_occurrence,period,dist_200m_km
11/1/14,A2M,13.81335095,13.97073116,32.62750571,-0.006557509,0.525429991,10.07608135,2014,Nov,A2M,Archival,28,4,14.28571429,1,83.3
11/1/14,A7M,14.89736894,15.27338246,33.18330424,-0.010742857,0.525429991,10.0816369,2014,Nov,A7M,Archival,28,5,17.85714286,1,67.9
11/1/14,T2M,15.45917474,16.03858331,33.51742772,-0.016094683,0.525429991,10.0816369,2014,Nov,T2M,Archival,28,3,10.71428571,1,55.9
12/1/14,A2M,8.968042497,9.60706397,31.95760573,-0.026625895,0.518263831,9.541738351,2014,Dec,A2M,Archival,31,15,48.38709677,1,83.3
12/1/14,A7M,10.21016096,10.67026744,32.81659194,-0.013145806,0.518263831,9.548835125,2014,Dec,A7M,Archival,31,17,54.83870968,1,67.9
12/1/14,T2M,11.26463942,11.41520122,33.43049179,-0.004182273,0.518263831,9.548817204,2014,Dec,T2M,Archival,31,9,29.03225806,1,55.9
1/1/15,A2M,5.768213872,6.539152715,32.08358599,-0.032122452,0.501074964,9.835170251,2015,Jan,A2M,Archival,31,10,32.25806452,1,83.3
1/1/15,A7M,7.084900087,8.141767425,32.95155741,-0.030197097,0.501074964,9.841415771,2015,Jan,A7M,Archival,31,19,61.29032258,1,67.9
1/1/15,T2M,8.103128433,9.032712537,33.49798633,-0.025821781,0.501074964,9.841415771,2015,Jan,T2M,Archival,31,18,58.06451613,1,55.9
2/1/15,A2M,2.370610078,2.792755629,32.39466476,-0.017589398,0.528571627,10.76535714,2015,Feb,A2M,Archival,28,10,35.71428571,1,83.3
2/1/15,A7M,3.696367162,4.054326219,33.21279267,-0.010226429,0.528571627,10.76888889,2015,Feb,A7M,Archival,28,13,46.42857143,1,67.9
2/1/15,T2M,4.899740807,5.088045776,33.66972555,-0.005230695,0.528571627,10.76894841,2015,Feb,T2M,Archival,28,11,39.28571429,1,55.9
3/1/15,A2M,3.151987045,3.061876689,31.69432726,0.003754598,0.494754631,11.95462366,2015,Mar,A2M,Archival,31,10,32.25806452,1,83.3
3/1/15,A7M,3.98782394,4.023290165,32.87130393,-0.001013226,0.494754631,11.95499104,2015,Mar,A7M,Archival,31,10,32.25806452,1,67.9
3/1/15,T2M,5.241501216,5.27057067,33.75825045,-0.000807485,0.494754631,11.95494624,2015,Mar,T2M,Archival,31,12,38.70967742,1,55.9
4/1/15,A2M,7.635200294,4.712252156,31.47964789,0.121789506,0.48137729,13.19936111,2015,Apr,A2M,Archival,30,0,0,1,83.3
4/1/15,A7M,7.791207488,5.645022686,32.06736787,0.061319333,0.48137729,13.19637963,2015,Apr,A7M,Archival,30,1,3.333333333,1,67.9
4/1/15,T2M,8.42579991,6.667263555,32.53852183,0.048848232,0.48137729,13.19632407,2015,Apr,T2M,Archival,30,3,10,1,55.9
5/1/15,A2M,14.7998157,8.484257837,31.44797596,0.263148244,0.46301167,14.25383513,2015,May,A2M,Archival,31,0,0,1,83.3
5/1/15,A7M,14.86978269,7.979955643,31.73641722,0.196851935,0.46301167,14.2478405,2015,May,A7M,Archival,31,1,3.225806452,1,67.9
5/1/15,T2M,14.79984982,8.120326119,32.05322967,0.185542325,0.46301167,14.24784946,2015,May,T2M,Archival,31,1,3.225806452,1,55.9
6/1/15,A2M,20.3953921,13.25415436,31.89645646,0.297551572,0.482489778,14.79286111,2015,Jun,A2M,Archival,30,2,6.666666667,1,83.3
6/1/15,A7M,20.67570782,11.52525784,32.11863219,0.261441,0.482489778,14.78528704,2015,Jun,A7M,Archival,30,2,6.666666667,1,67.9
6/1/15,T2M,20.90724685,10.57930317,32.42663625,0.286887324,0.482489778,14.78532407,2015,Jun,T2M,Archival,30,2,6.666666667,1,55.9
7/1/15,A2M,24.05200872,14.9044833,31.41428781,0.381146892,0.499057525,14.54007168,2015,Jul,A2M,Archival,31,1,3.225806452,1,83.3
7/1/15,A7M,24.43951933,12.79146514,31.56553527,0.332800968,0.499057525,14.53330645,2015,Jul,A7M,Archival,31,1,3.225806452,1,67.9
7/1/15,T2M,24.88061031,11.50365242,31.99800965,0.371582164,0.499057525,14.53327061,2015,Jul,T2M,Archival,31,1,3.225806452,1,55.9
8/1/15,A2M,25.24938973,17.98948781,32.56351935,0.302495913,0.514018814,13.77657005,2015,Aug,A2M,Archival,23,0,0,1,83.3
8/1/15,A7M,25.65510097,14.19760722,32.58145411,0.327357059,0.495577002,13.66501307,2015,Aug,A7M,Archival,31,0,0,1,67.9
8/1/15,T2M,25.84024734,12.09496436,32.41140056,0.381813416,0.495577002,13.66498366,2015,Aug,T2M,Archival,31,1,3.225806452,1,55.9
9/1/15,A2M,22.62704039,20.54606676,31.89132007,0.086707231,0.368434404,12.07618056,2015,Sep,A2M,Archival,12,0,0,1,83.3
9/1/15,A7M,23.90665902,15.52111283,32.25212579,0.239587083,0.483011193,12.38176698,2015,Sep,A7M,Archival,30,0,0,1,67.9
9/1/15,T2M,24.01908008,13.59038095,32.69559299,0.289686087,0.483011193,12.38177469,2015,Sep,T2M,Archival,30,0,0,1,55.9
10/1/15,A2M,18.37146999,18.5669101,32.14012558,-0.008143339,0.494406963,11.20554659,2015,Oct,A2M,Archival,31,1,3.225806452,1,83.3
10/1/15,A7M,18.59522438,18.54035728,32.75173101,0.001567419,0.494406963,11.20797491,2015,Oct,A7M,Archival,31,0,0,1,67.9
10/1/15,T2M,18.73127445,18.41833644,33.47858404,0.008692721,0.494406963,11.20796595,2015,Oct,T2M,Archival,31,0,0,1,55.9
11/1/15,A2M,15.54811141,15.9228399,32.64737485,-0.015613687,0.505808149,10.11591667,2015,Nov,A2M,Archival,30,6,20,1,83.3
11/1/15,A7M,16.0469909,16.5740703,33.04703064,-0.01506,0.505808149,10.12137037,2015,Nov,A7M,Archival,30,6,20,1,67.9
11/1/15,T2M,16.61256205,17.48956928,33.55364812,-0.024361312,0.505808149,10.12133333,2015,Nov,T2M,Archival,30,2,6.666666667,1,55.9
12/1/15,A2M,12.75147801,13.05892631,32.69371968,-0.012810346,0.52374538,9.543154122,2015,Dec,A2M,Archival,31,15,48.38709677,1,83.3
12/1/15,A7M,13.44917208,13.92769318,33.19281929,-0.013672581,0.52374538,9.550277778,2015,Dec,A7M,Archival,31,9,29.03225806,1,67.9
12/1/15,T2M,14.11330328,14.78361573,33.62668117,-0.01861979,0.52374538,9.550286738,2015,Dec,T2M,Archival,31,7,22.58064516,1,55.9
1/1/16,A2M,8.455351937,9.239782226,32.47291546,-0.032684597,0.536273921,9.82921147,2016,Jan,A2M,Archival,31,16,51.61290323,1,83.3
1/1/16,A7M,9.630572534,10.53392392,33.24593993,-0.025809677,0.536273921,9.835501792,2016,Jan,A7M,Archival,31,17,54.83870968,1,67.9
1/1/16,T2M,10.67814667,11.38821857,33.71161319,-0.019724219,0.536273921,9.835448029,2016,Jan,T2M,Archival,31,16,51.61290323,1,55.9
2/1/16,A2M,5.613130944,6.19402269,32.06414114,-0.024203823,0.496502025,10.75555556,2016,Feb,A2M,Archival,28,17,60.71428571,1,83.3
2/1/16,A7M,6.548163745,7.346637434,32.85037505,-0.022813647,0.498801575,10.76579739,2016,Feb,A7M,Archival,28,18,64.28571429,1,67.9
2/1/16,T2M,7.80214262,8.189071962,33.44480228,-0.010748037,0.496502025,10.75911706,2016,Feb,T2M,Archival,28,14,50,1,55.9
3/1/16,A2M,7.076620164,6.851453397,31.31291679,0.00938195,0.531133933,11.98539427,2016,Mar,A2M,Archival,31,20,64.51612903,1,83.3
3/1/16,A7M,7.506704961,7.855230424,31.86355191,-0.009958387,0.531133933,11.98557348,2016,Mar,A7M,Archival,31,24,77.41935484,1,67.9
3/1/16,T2M,8.205086723,8.654552783,32.6640406,-0.012485168,0.531133933,11.98560036,2016,Mar,T2M,Archival,31,24,77.41935484,1,55.9
4/1/16,A2M,9.864124774,8.70233086,32.43416106,0.04840808,0.507164426,13.22828704,2016,Apr,A2M,Archival,30,1,3.333333333,1,83.3
4/1/16,A7M,9.657429314,8.550065502,32.79997908,0.031638667,0.507164426,13.22519444,2016,Apr,A7M,Archival,30,1,3.333333333,1,67.9
4/1/16,T2M,9.51174078,8.617273807,33.06739756,0.024846305,0.507164426,13.22515741,2016,Apr,T2M,Archival,30,3,10,1,55.9
5/1/16,A2M,13.53465354,11.06587152,31.44556175,0.102865918,0.50208248,14.27457885,2016,May,A2M,Archival,31,0,0,1,83.3
5/1/16,A7M,13.01375494,9.829459344,32.11430113,0.090980645,0.50208248,14.26852151,2016,May,A7M,Archival,31,0,0,1,67.9
5/1/16,T2M,12.68309562,9.417472931,32.70513602,0.090711741,0.50208248,14.2684767,2016,May,T2M,Archival,31,0,0,1,55.9
6/1/16,A2M,19.88070145,12.82276853,31.13389085,0.294080538,0.477959255,14.79647222,2016,Jun,A2M,Archival,30,0,0,1,83.3
6/1/16,A7M,19.95065505,11.69616464,31.48103269,0.235842,0.477959255,14.78887037,2016,Jun,A7M,Archival,30,0,0,1,67.9
6/1/16,T2M,19.69197114,11.564392,31.92821223,0.225766087,0.477959255,14.78893519,2016,Jun,T2M,Archival,30,0,0,1,55.9
7/1/16,A2M,24.25218201,15.23513763,31.30104124,0.375710182,0.503904119,14.55122066,2016,Jul,A2M,Archival,24,0,0,1,83.3
7/1/16,A7M,24.8640602,13.928323,31.43754603,0.31244913,0.506907529,14.54501208,2016,Jul,A7M,Archival,24,0,0,1,67.9
7/1/16,T2M,25.22285472,12.91276428,31.73422201,0.341946957,0.503904119,14.54437011,2016,Jul,T2M,Archival,24,0,0,1,55.9
8/1/16,A2M,25.49906238,15.7075351,31.8833425,0.407980304,0.498241657,13.60284946,2016,Aug,A2M,Archival,31,0,0,1,83.3
8/1/16,A7M,26.46912212,13.0234291,32.10635973,0.384162581,0.498241657,13.59871864,2016,Aug,A7M,Archival,31,0,0,1,67.9
8/1/16,T2M,26.93511957,11.5202238,32.10860431,0.428191549,0.498241657,13.59875448,2016,Aug,T2M,Archival,31,0,0,1,55.9
9/1/16,A2M,23.07370523,20.97913195,31.91366355,0.087273887,0.501029943,12.41363889,2016,Sep,A2M,Archival,30,0,0,1,83.3
9/1/16,A7M,23.10390956,18.19751654,32.15570812,0.140182,0.501029943,12.41280556,2016,Sep,A7M,Archival,30,0,0,1,67.9
9/1/16,T2M,23.08345051,15.60799058,32.38221645,0.207651665,0.501029943,12.41278704,2016,Sep,T2M,Archival,30,1,3.333333333,1,55.9
10/1/16,A2M,19.34371788,19.14721637,31.92279606,0.008187564,0.468208624,11.17634409,2016,Oct,A2M,Archival,31,0,0,1,83.3
10/1/16,A7M,19.25019233,18.64902533,32.29125257,0.017176452,0.468208624,11.17878136,2016,Oct,A7M,Archival,31,1,3.225806452,1,67.9
10/1/16,T2M,18.96615982,17.57386918,32.84813493,0.03867474,0.468208624,11.17880824,2016,Oct,T2M,Archival,31,1,3.225806452,1,55.9
11/1/16,A2M,14.85316401,14.95560834,32.4691892,-0.004268515,0.497494241,10.09401852,2016,Nov,A2M,Archival,30,3,10,1,83.3
11/1/16,A7M,15.34853207,15.37835325,32.93173243,-0.000851333,0.497494241,10.09953704,2016,Nov,A7M,Archival,30,3,10,1,67.9
11/1/16,T2M,15.68775854,15.69221112,33.28941129,-0.000123683,0.497494241,10.0995,2016,Nov,T2M,Archival,30,1,3.333333333,1,55.9
12/1/16,A2M,9.845088279,10.21841767,32.5422041,-0.015555391,0.516091705,9.534604087,2016,Dec,A2M,Archival,30,10,33.33333333,1,83.3
12/1/16,A7M,11.18773497,11.69840305,33.22108832,-0.014590449,0.505535637,9.545106117,2016,Dec,A7M,Archival,31,9,29.03225806,1,67.9
12/1/16,T2M,12.29502596,12.53561478,33.74980122,-0.006683023,0.516581826,9.545829987,2016,Dec,T2M,Archival,28,0,0,1,55.9
1/1/17,A2M,7.127532454,7.701495842,32.57068477,-0.023915142,0.535390678,9.86749354,2017,Jan,A2M,Archival,31,12,38.70967742,1,83.3
1/1/17,A7M,8.227325318,8.893224777,33.14723791,-0.019025233,0.535390678,9.873604651,2017,Jan,A7M,Archival,31,13,41.93548387,1,67.9
1/1/17,T2M,9.272777696,9.444370151,33.64293226,-0.004766457,0.602531282,9.927847222,2017,Jan,T2M,Archival,24,10,41.66666667,1,55.9
2/1/17,A2M,5.934131146,6.168939318,32.62044716,-0.009783674,0.533325475,10.78357143,2017,Feb,A2M,Archival,28,0,0,1,83.3
2/1/17,A7M,6.805339507,7.233501843,33.15833364,-0.012233571,0.533325475,10.78710317,2017,Feb,A7M,Archival,28,0,0,1,67.9
2/1/17,T2M,7.401032584,7.895817007,33.47153487,-0.013744012,0.533325475,10.78710317,2017,Feb,T2M,Archival,28,1,3.571428571,1,55.9
3/1/17,A2M,6.319630761,6.101433246,32.66112998,0.009091563,0.504856434,11.97456989,2017,Mar,A2M,Archival,31,4,12.90322581,1,83.3
3/1/17,A7M,6.604004291,6.588024124,33.19559737,0.000456774,0.504856434,11.97488351,2017,Mar,A7M,Archival,31,6,19.35483871,1,67.9
3/1/17,T2M,7.190578845,7.24590603,33.74507621,-0.001536868,0.504856434,11.97483871,2017,Mar,T2M,Archival,31,5,16.12903226,1,55.9
4/1/17,A2M,9.672038825,7.232561175,32.20148048,0.101644902,0.502813196,13.21817593,2017,Apr,A2M,Archival,30,0,0,1,83.3
4/1/17,A7M,9.545485193,7.050534439,32.60807737,0.071284667,0.502813196,13.2150463,2017,Apr,A7M,Archival,30,1,3.333333333,1,67.9
4/1/17,T2M,9.54327364,7.351393461,33.01491598,0.060885561,0.502813196,13.21508333,2017,Apr,T2M,Archival,30,0,0,1,55.9
5/1/17,A2M,14.26129904,10.4705198,31.64085093,0.157949135,0.47760983,14.26728495,2017,May,A2M,Archival,31,0,0,1,83.3
5/1/17,A7M,13.98754046,8.590941367,32.05150986,0.154188387,0.47760983,14.26125448,2017,May,A7M,Archival,31,0,0,1,67.9
5/1/17,T2M,13.86018848,7.897813828,32.50570974,0.165621518,0.47760983,14.26129032,2017,May,T2M,Archival,31,0,0,1,55.9
6/1/17,A2M,19.01929894,12.61096792,31.04896552,0.267013792,0.505235523,14.79525926,2017,Jun,A2M,Archival,33,1,3.03030303,1,83.3
6/1/17,A7M,19.24144357,10.9581007,31.36809419,0.236667333,0.505235523,14.78768519,2017,Jun,A7M,Archival,33,3,9.090909091,1,67.9
6/1/17,T2M,19.51810716,10.08115107,31.73212477,0.262137669,0.505235523,14.78769444,2017,Jun,T2M,Archival,32,2,6.25,1,55.9
7/1/17,A2M,23.20079114,14.5594392,31.57644992,0.360056331,0.482996561,14.53005376,2017,Jul,A2M,Archival,31,0,0,1,83.3
7/1/17,A7M,24.2636528,11.96452347,32.00421389,0.351403871,0.482996561,14.52329749,2017,Jul,A7M,Archival,31,0,0,1,67.9
7/1/17,T2M,25.02797773,10.23679758,32.22219172,0.410866115,0.482996561,14.52329749,2017,Jul,T2M,Archival,31,0,0,1,55.9
8/1/17,A2M,24.45998296,17.97119178,31.8703948,0.2703663,0.469884268,13.61218638,2017,Aug,A2M,Archival,31,0,0,1,83.3
8/1/17,A7M,24.71326656,13.92201747,32.09522641,0.308320968,0.469884268,13.60804659,2017,Aug,A7M,Archival,31,0,0,1,67.9
8/1/17,T2M,24.54889494,11.76142776,31.9988834,0.355207422,0.469884268,13.60808244,2017,Aug,T2M,Archival,31,0,0,1,55.9
9/1/17,A2M,22.33845037,20.02145246,31.21268266,0.09654158,0.492599582,12.42417593,2017,Sep,A2M,Archival,30,0,0,1,83.3
9/1/17,A7M,22.00440019,16.90373195,31.40882619,0.145733333,0.492599582,12.4232963,2017,Sep,A7M,Archival,30,0,0,1,67.9
9/1/17,T2M,21.67877115,14.9851668,31.65707569,0.185933454,0.492599582,12.42335185,2017,Sep,T2M,Archival,30,0,0,1,55.9
10/1/17,A2M,20.37647555,19.50366039,31.15525966,0.036367298,0.471278569,11.18655914,2017,Oct,A2M,Archival,31,0,0,1,83.3
10/1/17,A7M,20.09765028,18.17509943,31.61532057,0.054930323,0.471278569,11.18900538,2017,Oct,A7M,Archival,31,0,0,1,67.9
10/1/17,T2M,19.76718484,17.28087059,32.04456329,0.069064285,0.471278569,11.1890233,2017,Oct,T2M,Archival,31,0,0,1,55.9
11/1/17,A2M,16.20715539,16.3815014,31.63580496,-0.007264417,0.557835806,10.20065217,2017,Nov,A2M,Archival,23,0,0,1,83.3
11/1/17,A7M,16.49636408,16.71364077,32.01680968,-0.006207143,0.552280897,10.20084524,2017,Nov,A7M,Archival,24,1,4.166666667,1,67.9
11/1/17,T2M,16.72420601,16.88866134,32.39905905,-0.004568204,0.557835806,10.20588164,2017,Nov,T2M,Archival,23,0,0,1,55.9
5/1/21,RTWB,16.78757134,13.44756508,32.27249222,0.087894901,0.595993038,14.59916667,2021,May,RTWB,RealTime,4,0,0,2,67.9
6/1/21,RTWB,20.34734351,13.29224103,32.03274333,0.185660591,0.513543149,14.7875,2021,Jun,RTWB,RealTime,29,1,3.448275862,2,67.9
7/1/21,RTWB,24.01330173,14.47362426,32.41369137,0.251044144,0.538507254,14.52409498,2021,Jul,RTWB,RealTime,31,0,0,2,67.9
8/1/21,RTWB,25.35860142,13.4578224,31.76462721,0.313178395,0.524675645,13.60942652,2021,Aug,RTWB,RealTime,31,0,0,2,67.9
9/1/21,RTWB,23.60865593,14.75641359,31.51109873,0.232953746,0.500722117,12.42487037,2021,Sep,RTWB,RealTime,30,1,3.333333333,2,67.9
10/1/21,RTWB,20.88208888,17.72329918,31.84671064,0.083126045,0.525187045,11.19054659,2021,Oct,RTWB,RealTime,31,0,0,2,67.9
11/1/21,RTWB,16.37021173,16.58793294,33.00204137,-0.005729506,0.497385685,10.10830556,2021,Nov,RTWB,RealTime,30,1,3.333333333,2,67.9
12/1/21,RTWB,12.62038966,13.79484927,33.08689991,-0.030906832,0.524132419,9.547885305,2021,Dec,RTWB,RealTime,31,13,41.93548387,2,67.9
1/1/22,RTWB,9.305920824,9.560624711,33.47164052,-0.006702734,0.494881883,9.833333333,2022,Jan,RTWB,RealTime,30,10,33.33333333,2,67.9
2/1/22,RTWB,6.740433318,6.989052619,33.28233964,-0.006542612,0.475419075,10.77582341,2022,Feb,RTWB,RealTime,28,3,10.71428571,2,67.9
3/1/22,RTWB,8.187238709,8.394924164,32.87608172,-0.005465407,0.497501062,11.95281481,2022,Mar,RTWB,RealTime,30,5,16.66666667,2,67.9
4/1/22,RTWB,9.652673626,8.793674024,32.35290438,0.022605253,0.471464473,13.20344444,2022,Apr,RTWB,RealTime,30,0,0,2,67.9
5/1/22,RTWB,13.08728649,10.07690116,32.15417905,0.079220668,0.472652445,14.25296595,2022,May,RTWB,RealTime,31,0,0,2,67.9
6/1/22,RTWB,20.49372088,11.98592634,31.33503049,0.22388933,0.505365504,14.78619444,2022,Jun,RTWB,RealTime,30,0,0,2,67.9
7/1/22,RTWB,24.56018472,14.91482858,32.39665099,0.253825162,0.476837312,14.52953405,2022,Jul,RTWB,RealTime,35,0,0,2,67.9
8/1/22,RTWB,25.24336144,15.95726096,32.86027921,0.244371065,0.495860694,13.6187724,2022,Aug,RTWB,RealTime,31,2,6.451612903,2,67.9
9/1/22,RTWB,23.7196998,17.18717582,32.76675822,0.171908526,0.492904445,12.43544444,2022,Sep,RTWB,RealTime,30,0,0,2,67.9
10/1/22,RTWB,18.03158145,17.71098131,33.02661711,0.008436846,0.499645479,11.20076165,2022,Oct,RTWB,RealTime,31,0,0,2,67.9
11/1/22,RTWB,16.25318372,16.25266714,33.48886312,1.36E-05,0.525911742,10.1159537,2022,Nov,RTWB,RealTime,30,2,6.666666667,2,67.9
12/1/22,RTWB,11.9809977,12.24699273,33.60084927,-0.006999867,0.49970253,9.549265233,2022,Dec,RTWB,RealTime,31,8,25.80645161,2,67.9
1/1/23,RTWB,8.777553697,10.2348012,32.72989974,-0.038348619,0.483017847,9.839632616,2023,Jan,RTWB,RealTime,31,15,48.38709677,2,67.9
2/1/23,RTWB,7.737003275,8.023303168,32.59276363,-0.007534208,0.513971521,10.76599206,2023,Feb,RTWB,RealTime,28,19,67.85714286,2,67.9
3/1/23,RTWB,7.722121777,7.582455912,32.24139158,0.003675419,0.475152745,11.95182796,2023,Mar,RTWB,RealTime,31,12,38.70967742,2,67.9
4/1/23,A2M,12.8620126,10.14932762,31.1163793,0.113028541,0.251813435,13.56704545,2023,Apr,A2M,Archival,11,0,0,2,83.3
4/1/23,A7M,12.78103603,9.620736729,31.50317677,0.090292727,0.251813435,13.56305556,2023,Apr,A7M,Archival,11,0,0,2,67.9
4/1/23,RTWB,12.02396275,9.344805475,31.54734057,0.070504139,0.368063412,13.38697531,2023,Apr,RTWB,RealTime,30,1,3.333333333,2,67.9
4/1/23,T2M,12.69041356,9.379132704,31.92301299,0.091980024,0.251813435,13.56305556,2023,Apr,T2M,Archival,11,0,0,2,55.9
5/1/23,A2M,15.00530031,12.32567178,30.71863494,0.111651188,0.475463763,14.25166667,2023,May,A2M,Archival,31,0,0,2,83.3
5/1/23,A7M,14.69422651,11.07234266,31.42314142,0.103482581,0.475463763,14.24570789,2023,May,A7M,Archival,31,0,0,2,67.9
5/1/23,RTWB,14.69422651,11.07234266,31.42314142,0.095312733,0.475463763,14.24570789,2023,May,RTWB,RealTime,31,0,0,2,67.9
5/1/23,T2M,14.531274,10.46357819,32.06770774,0.11299155,0.475463763,14.24561828,2023,May,T2M,Archival,31,0,0,2,55.9
6/1/23,A2M,19.04819724,16.36127424,31.00144952,0.111955125,0.497271693,14.79247222,2023,Jun,A2M,Archival,30,0,0,2,83.3
6/1/23,A7M,18.59556764,13.96292645,31.38865871,0.132360333,0.497271693,14.78489815,2023,Jun,A7M,Archival,30,0,0,2,67.9
6/1/23,RTWB,18.59556764,13.96292645,31.38865871,0.12191161,0.497271693,14.78488889,2023,Jun,RTWB,RealTime,30,0,0,2,67.9
6/1/23,T2M,18.26805159,11.61594006,31.93929895,0.184780876,0.497271693,14.78488889,2023,Jun,T2M,Archival,30,0,0,2,55.9
7/1/23,A2M,24.6528185,16.21547727,30.65909687,0.351555885,0.481414033,14.54163978,2023,Jul,A2M,Archival,31,0,0,2,83.3
7/1/23,A7M,25.12185078,13.53872794,30.92758468,0.330946129,0.481414033,14.53482079,2023,Jul,A7M,Archival,31,0,0,2,67.9
7/1/23,RTWB,25.12185078,13.53872794,30.92758468,0.304819022,0.481414033,14.53484767,2023,Jul,RTWB,RealTime,31,0,0,2,67.9
7/1/23,T2M,25.40176256,11.76461386,31.06712963,0.378809686,0.481414033,14.53489247,2023,Jul,T2M,Archival,31,0,0,2,55.9
8/1/23,A2M,23.51913292,17.13035528,31.19034453,0.266199068,0.502754427,13.63223118,2023,Aug,A2M,Archival,31,0,0,2,83.3
8/1/23,A7M,24.22341101,15.70409092,31.59904898,0.24340871,0.502754427,13.62808244,2023,Aug,A7M,Archival,31,0,0,2,67.9
8/1/23,RTWB,24.22341101,15.70409092,31.59904898,0.224192634,0.502754427,13.62808244,2023,Aug,RTWB,RealTime,31,0,0,2,67.9
8/1/23,T2M,24.87798451,14.91774931,31.57112774,0.2766732,0.502754427,13.6280914,2023,Aug,T2M,Archival,31,0,0,2,55.9
9/1/23,A2M,23.19315135,21.32962799,31.21399848,0.077646807,0.488502298,12.44690741,2023,Sep,A2M,Archival,30,0,0,2,83.3
9/1/23,A7M,23.10244885,18.62860184,31.49276574,0.127823333,0.488502298,12.44596296,2023,Sep,A7M,Archival,30,0,0,2,67.9
9/1/23,RTWB,23.10244885,18.62860184,31.49276574,0.117732816,0.488502298,12.44597222,2023,Sep,RTWB,RealTime,30,0,0,2,67.9
9/1/23,T2M,23.11859932,16.49087219,31.76969369,0.184103531,0.488502298,12.44598148,2023,Sep,T2M,Archival,30,0,0,2,55.9
10/1/23,A2M,18.78335061,18.62309751,31.10089216,0.006677213,0.507376025,11.20861111,2023,Oct,A2M,Archival,31,0,0,2,83.3
10/1/23,A7M,18.75330328,18.33693461,31.96167681,0.011896452,0.507376025,11.21100358,2023,Oct,A7M,Archival,31,0,0,2,67.9
10/1/23,RTWB,18.75330328,18.33693461,31.96167681,0.010957068,0.507376025,11.21098566,2023,Oct,RTWB,RealTime,31,0,0,2,67.9
10/1/23,T2M,19.09357034,18.33260432,32.52965398,0.021137944,0.507376025,11.21100358,2023,Oct,T2M,Archival,31,0,0,2,55.9
11/1/23,A2M,15.3104296,15.43474166,31.48942636,-0.005179669,0.520507548,10.1182037,2023,Nov,A2M,Archival,30,3,10,2,83.3
11/1/23,A7M,15.66345682,15.64300028,32.04906177,0.000584333,0.520507548,10.12363889,2023,Nov,A7M,Archival,30,2,6.666666667,2,67.9
11/1/23,RTWB,15.66345682,15.64300028,32.04906177,0.000538331,0.520507548,10.12365741,2023,Nov,RTWB,RealTime,30,1,3.333333333,2,67.9
11/1/23,T2M,15.69266221,15.35558853,32.38293597,0.009363158,0.520507548,10.12364815,2023,Nov,T2M,Archival,30,1,3.333333333,2,55.9
12/1/23,A2M,10.86502595,11.30007768,31.0166319,-0.018127156,0.536737486,9.54359319,2023,Dec,A2M,Archival,31,15,48.38709677,2,83.3
12/1/23,A7M,11.76623981,11.88755605,32.00310695,-0.003466452,0.536737486,9.550698925,2023,Dec,A7M,Archival,31,14,45.16129032,2,67.9
12/1/23,RTWB,11.76623981,11.88755605,32.00310695,-0.003192534,0.536737486,9.550707885,2023,Dec,RTWB,RealTime,31,11,35.48387097,2,67.9
12/1/23,T2M,12.05486184,12.03478761,32.33029519,0.000557619,0.536737486,9.550716846,2023,Dec,T2M,Archival,31,10,32.25806452,2,55.9
1/1/24,A2M,7.572597488,8.371951411,30.02341824,-0.033306413,0.517625578,9.827491039,2024,Jan,A2M,Archival,31,17,54.83870968,2,83.3
1/1/24,A7M,8.393475733,9.139104981,31.13052005,-0.021303871,0.517625578,9.83375448,2024,Jan,A7M,Archival,31,29,93.5483871,2,67.9
1/1/24,RTWB,8.393475733,9.139104981,31.13052005,-0.019621822,0.517625578,9.833727599,2024,Jan,RTWB,RealTime,31,21,67.74193548,2,67.9
1/1/24,T2M,9.126456461,9.655648108,31.85810569,-0.014699768,0.517625578,9.833700717,2024,Jan,T2M,Archival,31,23,74.19354839,2,55.9
2/1/24,A2M,6.144040322,6.277846747,29.98750062,-0.005575268,0.486408109,10.77217433,2024,Feb,A2M,Archival,29,11,37.93103448,2,83.3
2/1/24,A7M,6.583407435,6.843097769,30.95552392,-0.007419655,0.486408109,10.77568966,2024,Feb,A7M,Archival,29,8,27.5862069,2,67.9
2/1/24,RTWB,6.583407435,6.843097769,30.95552392,-0.006833957,0.486408109,10.77573755,2024,Feb,RTWB,RealTime,29,8,27.5862069,2,67.9
2/1/24,T2M,7.311716244,7.351209821,31.93142345,-0.001097044,0.486408109,10.77572797,2024,Feb,T2M,Archival,29,7,24.13793103,2,55.9
3/1/24,A2M,7.850917508,7.506547405,30.38580101,0.014348754,0.511577719,11.98217742,2024,Mar,A2M,Archival,31,4,12.90322581,2,83.3
3/1/24,A7M,7.808252012,7.588439741,31.04659419,0.006280645,0.511577719,11.98244624,2024,Mar,A7M,Archival,31,14,45.16129032,2,67.9
3/1/24,RTWB,7.808252012,7.588439741,31.04659419,0.005784533,0.511577719,11.98243728,2024,Mar,RTWB,RealTime,31,12,38.70967742,2,67.9
3/1/24,T2M,7.909219849,7.755391659,31.5740637,0.004273005,0.511577719,11.98241039,2024,Mar,T2M,Archival,31,13,41.93548387,2,55.9
4/1/24,A2M,9.270013304,7.981020731,29.43496188,0.053708024,0.478281575,12.97168301,2024,Apr,A2M,Archival,17,0,0,2,83.3
4/1/24,A7M,8.887395774,7.679601978,30.63327587,0.034507059,0.478281575,12.96933007,2024,Apr,A7M,Archival,17,2,11.76470588,2,67.9
4/1/24,RTWB,9.114310311,7.713283174,30.58862154,0.036869135,0.482281833,13.06297668,2024,Apr,RTWB,RealTime,30,6,20,2,67.9
4/1/24,T2M,8.615171124,7.487070448,31.27309014,0.03133613,0.478281575,12.96924837,2024,Apr,T2M,Archival,17,5,29.41176471,2,55.9
5/1/24,RTWB,13.60650204,9.983014738,30.04245776,0.095354929,0.515113058,14.26637993,2024,May,RTWB,RealTime,31,4,12.90322581,2,67.9
6/1/24,RTWB,20.77869047,11.3991931,29.62528292,0.246828878,0.492929301,14.7885463,2024,Jun,RTWB,RealTime,30,1,3.333333333,2,67.9
7/1/24,RTWB,23.15034472,12.98593464,31.851769,0.267484476,0.399029758,14.6892037,2024,Jul,RTWB,RealTime,15,0,0,2,67.9
10/1/24,RTWB,17.65369759,17.55912552,32.15111122,0.002488738,0.892748948,10.67555556,2024,Oct,RTWB,RealTime,5,0,0,2,67.9
11/1/24,RTWB,16.33171403,16.29165122,32.3035422,0.001054284,0.512626428,10.10175,2024,Nov,RTWB,RealTime,30,2,6.666666667,2,67.9
12/1/24,RTWB,11.49545685,12.21132494,33.25236031,-0.018838633,0.508581479,9.546747312,2024,Dec,RTWB,RealTime,31,12,38.70967742,2,67.9