period_start,device_type,site,days_monitored,days_present,percent_occurrence,mean_chla
11/5/14,Archival,A2M,8,0,0,2.470059955
11/5/14,Archival,A7M,8,0,0,1.633411998
11/5/14,Archival,T2M,8,0,0,1.836012065
11/13/14,Archival,A2M,8,1,12.5,1.952855998
11/13/14,Archival,A7M,8,0,0,1.247422278
11/13/14,Archival,T2M,8,0,0,0.978516656
11/21/14,Archival,A2M,8,3,37.5,3.714647233
11/21/14,Archival,A7M,8,5,62.5,2.864080983
11/21/14,Archival,T2M,8,3,37.5,2.161379588
11/29/14,Archival,A2M,8,3,37.5,2.462706196
11/29/14,Archival,A7M,8,1,12.5,1.851084256
11/29/14,Archival,T2M,8,1,12.5,1.425712162
12/7/14,Archival,A2M,8,5,62.5,NA
12/7/14,Archival,A7M,8,7,87.5,NA
12/7/14,Archival,T2M,8,2,25,NA
12/15/14,Archival,A2M,8,0,0,2.496237874
12/15/14,Archival,A7M,8,2,25,1.529280716
12/15/14,Archival,T2M,8,2,25,1.29322691
12/23/14,Archival,A2M,8,7,87.5,2.248710364
12/23/14,Archival,A7M,8,7,87.5,1.895364362
12/23/14,Archival,T2M,8,4,50,1.302766648
12/31/14,Archival,A2M,8,0,0,NA
12/31/14,Archival,A7M,8,1,12.5,3.539185286
12/31/14,Archival,T2M,8,0,0,2.878042912
1/5/15,Archival,A2M,8,0,0,2.913380361
1/5/15,Archival,A7M,8,5,62.5,2.011083114
1/5/15,Archival,T2M,8,4,50,1.73719005
1/13/15,Archival,A2M,8,4,50,2.494426632
1/13/15,Archival,A7M,8,7,87.5,1.538048249
1/13/15,Archival,T2M,8,7,87.5,1.168786976
1/21/15,Archival,A2M,8,5,62.5,1.665291342
1/21/15,Archival,A7M,8,6,75,0.651059496
1/21/15,Archival,T2M,8,5,62.5,0.533568719
1/29/15,Archival,A2M,8,3,37.5,5.151384187
1/29/15,Archival,A7M,8,3,37.5,3.594344556
1/29/15,Archival,T2M,8,4,50,2.606901777
2/6/15,Archival,A2M,8,3,37.5,5.281160533
2/6/15,Archival,A7M,8,3,37.5,5.25132339
2/6/15,Archival,T2M,8,2,25,4.720648086
2/14/15,Archival,A2M,8,3,37.5,4.993756247
2/14/15,Archival,A7M,8,6,75,3.395716608
2/14/15,Archival,T2M,8,5,62.5,2.567089802
2/22/15,Archival,A2M,8,2,25,2.896997857
2/22/15,Archival,A7M,8,2,25,2.176550013
2/22/15,Archival,T2M,8,2,25,1.654281753
3/2/15,Archival,A2M,8,4,50,NA
3/2/15,Archival,A7M,8,4,50,NA
3/2/15,Archival,T2M,8,3,37.5,NA
3/10/15,Archival,A2M,8,4,50,3.073046291
3/10/15,Archival,A7M,8,3,37.5,3.671378255
3/10/15,Archival,T2M,8,4,50,5.223754478
3/18/15,Archival,A2M,8,1,12.5,2.648019505
3/18/15,Archival,A7M,8,3,37.5,8.836072445
3/18/15,Archival,T2M,8,5,62.5,9.158496584
3/26/15,Archival,A2M,8,1,12.5,5.102125525
3/26/15,Archival,A7M,8,0,0,17.03671343
3/26/15,Archival,T2M,8,0,0,17.37302475
4/3/15,Archival,A2M,8,0,0,12.03049936
4/3/15,Archival,A7M,8,0,0,6.344321799
4/3/15,Archival,T2M,8,0,0,9.261087632
4/11/15,Archival,A2M,8,0,0,4.138188505
4/11/15,Archival,A7M,8,0,0,4.020244789
4/11/15,Archival,T2M,8,0,0,5.406941962
4/19/15,Archival,A2M,8,0,0,8.837542415
4/19/15,Archival,A7M,8,0,0,2.657239783
4/19/15,Archival,T2M,8,0,0,3.091363114
4/27/15,Archival,A2M,8,0,0,9.803477705
4/27/15,Archival,A7M,8,1,12.5,3.225383222
4/27/15,Archival,T2M,8,3,37.5,1.149248007
5/5/15,Archival,A2M,8,0,0,7.833707047
5/5/15,Archival,A7M,8,0,0,3.825453389
5/5/15,Archival,T2M,8,0,0,1.920281267
5/13/15,Archival,A2M,8,0,0,5.326023161
5/13/15,Archival,A7M,8,0,0,2.518293959
5/13/15,Archival,T2M,8,0,0,1.697129089
5/21/15,Archival,A2M,8,0,0,2.572332728
5/21/15,Archival,A7M,8,1,12.5,1.080549964
5/21/15,Archival,T2M,8,1,12.5,0.763656613
5/29/15,Archival,A2M,8,0,0,2.696171248
5/29/15,Archival,A7M,8,0,0,1.556064469
5/29/15,Archival,T2M,8,0,0,1.200329587
6/6/15,Archival,A2M,8,0,0,1.786062495
6/6/15,Archival,A7M,8,0,0,1.352045581
6/6/15,Archival,T2M,8,0,0,0.77588581
6/14/15,Archival,A2M,8,0,0,1.421212161
6/14/15,Archival,A7M,8,0,0,0.946870106
6/14/15,Archival,T2M,8,0,0,0.824789238
6/22/15,Archival,A2M,8,2,25,1.162140101
6/22/15,Archival,A7M,8,2,25,0.8169853
6/22/15,Archival,T2M,8,2,25,0.664665571
6/30/15,Archival,A2M,8,0,0,1.973734859
6/30/15,Archival,A7M,8,0,0,0.59572923
6/30/15,Archival,T2M,8,0,0,0.487473716
7/8/15,Archival,A2M,8,0,0,1.580709988
7/8/15,Archival,A7M,8,0,0,0.617792788
7/8/15,Archival,T2M,8,0,0,0.584446937
7/16/15,Archival,A2M,8,0,0,1.000651779
7/16/15,Archival,A7M,8,0,0,0.427981578
7/16/15,Archival,T2M,8,0,0,0.41629371
7/24/15,Archival,A2M,8,1,12.5,0.707634342
7/24/15,Archival,A7M,8,1,12.5,0.563893345
7/24/15,Archival,T2M,8,1,12.5,0.518858218
8/1/15,Archival,A2M,8,0,0,0.864047918
8/1/15,Archival,A7M,8,0,0,0.513303474
8/1/15,Archival,T2M,8,0,0,0.705086672
8/9/15,Archival,A2M,8,0,0,2.274654198
8/9/15,Archival,A7M,8,0,0,2.021380603
8/9/15,Archival,T2M,8,0,0,2.023326744
8/17/15,Archival,A2M,7,0,0,4.372729707
8/17/15,Archival,A7M,8,0,0,3.000336206
8/17/15,Archival,T2M,8,0,0,4.638449478
8/25/15,Archival,A7M,8,0,0,5.844214296
8/25/15,Archival,T2M,8,1,12.5,5.723596096
9/2/15,Archival,A7M,8,0,0,2.922796813
9/2/15,Archival,T2M,8,0,0,3.268079519
9/10/15,Archival,A2M,8,0,0,9.08079958
9/10/15,Archival,A7M,8,0,0,6.232270551
9/10/15,Achival,T2M,8,0,0,7.570483279
9/18/15,Archival,A2M,7,0,0,7.995956457
9/18/15,Archival,A7M,8,0,0,2.805997944
9/18/15,Archival,T2M,8,0,0,2.064385861
9/26/15,Archival,A2M,8,0,0,3.665774028
9/26/15,Archival,A7M,8,0,0,2.338153911
9/26/15,Archival,T2M,8,0,0,2.2775021
10/4/15,Archival,A2M,8,0,0,2.46033603
10/4/15,Archival,A7M,8,0,0,1.161043695
10/4/15,Archival,T2M,8,0,0,0.90724647
10/12/15,Archival,A2M,8,0,0,3.348332727
10/12/15,Archival,A7M,8,0,0,1.834719217
10/12/15,Archival,T2M,8,0,0,1.510816956
10/20/15,Archival,A2M,8,0,0,3.940939897
10/20/15,Archival,A7M,8,0,0,2.563360184
10/20/15,Archival,T2M,8,0,0,1.536305842
10/28/15,Archival,A2M,8,1,12.5,2.088899034
10/28/15,Archival,A7M,8,0,0,1.487038079
10/28/15,Archival,T2M,8,0,0,1.195322117
11/5/15,Archival,A2M,8,0,0,2.180057931
11/5/15,Archival,A7M,8,1,12.5,1.066976815
11/5/15,Archival,T2M,8,0,0,1.04207103
11/13/15,Archival,A2M,8,0,0,2.317981052
11/13/15,Archival,A7M,8,1,12.5,1.519776857
11/13/15,Archival,T2M,8,0,0,1.171743768
11/21/15,Archival,A2M,8,4,50,3.071940857
11/21/15,Archival,A7M,8,2,25,1.636125284
11/21/15,Archival,T2M,8,1,12.5,1.042619425
11/29/15,Archival,A2M,8,6,75,1.957173717
11/29/15,Archival,A7M,8,4,50,0.996111465
11/29/15,Archival,T2M,8,2,25,0.718657354
12/7/15,Archival,A2M,8,6,75,1.587339514
12/7/15,Archival,A7M,8,5,62.5,0.944882014
12/7/15,Archival,T2M,8,4,50,0.828212905
12/15/15,Archival,A2M,8,1,12.5,1.908376288
12/15/15,Archival,A7M,8,0,0,0.930395025
12/15/15,Archival,T2M,8,0,0,0.72207295
12/23/15,Archival,A2M,8,3,37.5,1.52042537
12/23/15,Archival,A7M,8,1,12.5,0.710500872
12/23/15,Archival,T2M,8,1,12.5,0.589956439
12/31/15,Archival,A2M,8,5,62.5,NA
12/31/15,Archival,A7M,8,6,75,NA
12/31/15,Archival,T2M,8,4,50,NA
1/5/16,Archival,A2M,8,2,25,3.358412683
1/5/16,Archival,A7M,8,5,62.5,1.741340947
1/5/16,Archival,T2M,8,3,37.5,1.116515788
1/13/16,Archival,A2M,8,4,50,3.580181468
1/13/16,Archival,A7M,8,2,25,2.275800633
1/13/16,Archival,T2M,8,3,37.5,1.810438603
1/21/16,Archival,A2M,8,4,50,3.24021509
1/21/16,Archival,A7M,8,5,62.5,3.387828863
1/21/16,Archival,T2M,8,5,62.5,3.317207289
1/29/16,Archival,A2M,8,8,100,4.64441117
1/29/16,Archival,A7M,8,8,100,4.071671188
1/29/16,Archival,T2M,8,8,100,3.573939621
2/6/16,Archival,A2M,8,5,62.5,3.71856792
2/6/16,Archival,A7M,8,7,87.5,2.997808695
2/6/16,Archival,T2M,8,7,87.5,2.608586717
2/14/16,Archival,A2M,8,4,50,3.458559275
2/14/16,Archival,A7M,8,2,25,1.515333652
2/14/16,Archival,T2M,8,1,12.5,1.402512453
2/22/16,Archival,A2M,7,3,42.85714286,2.511831349
2/22/16,Archival,A7M,7,4,57.14285714,1.837235578
2/22/16,Archival,T2M,7,1,14.28571429,1.772978485
3/1/16,Archival,A2M,8,6,75,2.591217351
3/1/16,Archival,A7M,8,6,75,1.98062641
3/1/16,Archival,T2M,8,6,75,1.69505018
3/9/16,Archival,A2M,8,6,75,2.61668849
3/9/16,Archival,A7M,8,6,75,1.733882105
3/9/16,Archival,T2M,8,7,87.5,1.480438179
3/17/16,Archival,A2M,8,6,75,2.306084394
3/17/16,Archival,A7M,8,7,87.5,1.308501738
3/17/16,Archival,T2M,8,6,75,1.069284102
3/25/16,Archival,A2M,8,2,25,3.293960035
3/25/16,Archival,A7M,8,5,62.5,2.261889452
3/25/16,Archival,T2M,8,5,62.5,1.504951614
4/2/16,Archival,A2M,8,1,12.5,3.057765472
4/2/16,Archival,A7M,8,1,12.5,1.51731686
4/2/16,Archival,T2M,8,1,12.5,1.18143605
4/10/16,Archival,A2M,8,0,0,3.985095048
4/10/16,Archival,A7M,8,0,0,2.368607169
4/10/16,Archival,T2M,8,2,25,2.350888103
4/18/16,Archival,A2M,8,0,0,2.842867839
4/18/16,Archival,A7M,8,0,0,1.671903753
4/18/16,Archival,T2M,8,0,0,1.552390373
4/26/16,Archival,A2M,8,0,0,1.860519636
4/26/16,Archival,A7M,8,0,0,0.932359719
4/26/16,Archival,T2M,8,0,0,0.981264505
5/4/16,Archival,A2M,8,0,0,1.133358905
5/4/16,Archival,A7M,8,0,0,1.002619448
5/4/16,Archival,T2M,8,0,0,1.038685441
5/12/16,Archival,A2M,8,0,0,4.387327719
5/12/16,Archival,A7M,8,0,0,2.360563413
5/12/16,Archival,T2M,8,0,0,2.163018563
5/20/16,Archival,A2M,8,0,0,7.777685738
5/20/16,Archival,A7M,8,0,0,3.567863476
5/20/16,Archival,T2M,8,0,0,2.117359507
5/28/16,Archival,A2M,8,0,0,2.329769051
5/28/16,Archival,A7M,8,0,0,1.439651555
5/28/16,Archival,T2M,8,0,0,1.438977814
6/5/16,Archival,A2M,8,0,0,2.104555312
6/5/16,Archival,A7M,8,0,0,1.963652573
6/5/16,Archival,T2M,8,0,0,1.619618058
6/13/16,Archival,A2M,8,0,0,2.232034993
6/13/16,Archival,A7M,8,0,0,1.109421104
6/13/16,Archival,T2M,8,0,0,0.770051739
6/21/16,Archival,A2M,8,0,0,1.378438234
6/21/16,Archival,A7M,8,0,0,0.488447121
6/21/16,Archival,T2M,8,0,0,0.424833107
6/29/16,Archival,A2M,8,0,0,2.024252355
6/29/16,Archival,A7M,8,0,0,0.747628334
6/29/16,Archival,T2M,8,0,0,0.478381179
7/7/16,Archival,A2M,8,0,0,1.913369656
7/7/16,Archival,A7M,8,0,0,1.042765754
7/7/16,Archival,T2M,8,0,0,0.495534834
7/15/16,Archival,A2M,3,0,0,2.548748404
7/15/16,Archival,A7M,3,0,0,1.079492462
7/15/16,Archival,T2M,3,0,0,0.644912273
7/23/16,Archival,A2M,6,0,0,1.299323341
7/23/16,Archival,A7M,6,0,0,0.613491985
7/23/16,Archival,T2M,6,0,0,0.570298779
7/31/16,Archival,A2M,8,0,0,2.13091631
7/31/16,Archival,A7M,8,0,0,0.663840926
7/31/16,Archival,T2M,8,0,0,0.465268721
8/8/16,Archival,A2M,8,0,0,0.849181569
8/8/16,Archival,A7M,8,0,0,0.796970075
8/8/16,Archival,T2M,8,0,0,0.766756481
8/16/16,Archival,A2M,8,0,0,1.047739205
8/16/16,Archival,A7M,8,0,0,0.601870684
8/16/16,Archival,T2M,8,0,0,0.514934886
8/24/16,Archival,A2M,8,0,0,2.772762498
8/24/16,Archival,A7M,8,0,0,0.511365353
8/24/16,Archival,T2M,8,0,0,0.473120815
9/1/16,Archival,A2M,8,0,0,1.431615567
9/1/16,Archival,A7M,8,0,0,0.472886278
9/1/16,Archival,T2M,8,0,0,0.427514833
9/9/16,Archival,A2M,8,0,0,1.380910933
9/9/16,Archival,A7M,8,0,0,0.739820892
9/9/16,Archival,T2M,8,0,0,0.338711011
9/17/16,Archival,A2M,8,0,0,2.212486905
9/17/16,Archival,A7M,8,0,0,1.089594281
9/17/16,Archival,T2M,8,0,0,0.790830836
9/25/16,Archival,A2M,8,0,0,3.010787666
9/25/16,Archival,A7M,8,0,0,1.985129088
9/25/16,Archival,T2M,8,1,12.5,1.666010463
10/3/16,Archival,A2M,8,0,0,2.443360257
10/3/16,Archival,A7M,8,0,0,1.726121181
10/3/16,Archival,T2M,8,0,0,1.360554683
10/11/16,Archival,A2M,8,0,0,2.988388836
10/11/16,Archival,A7M,8,0,0,1.685435784
10/11/16,Archival,T2M,8,0,0,1.265655899
10/19/16,Archival,A2M,8,0,0,1.547242421
10/19/16,Archival,A7M,8,1,12.5,1.10228675
10/19/16,Archival,T2M,8,1,12.5,0.883551908
10/27/16,Archival,A2M,8,0,0,5.817771649
10/27/16,Archival,A7M,8,0,0,2.770752507
10/27/16,Archival,T2M,8,0,0,2.081170523
11/4/16,Archival,A2M,8,0,0,2.318090701
11/4/16,Archival,A7M,8,1,12.5,1.282574689
11/4/16,Archival,T2M,8,1,12.5,1.350075006
11/12/16,Archival,A2M,8,0,0,2.94841916
11/12/16,Archival,A7M,8,0,0,1.517781711
11/12/16,Archival,T2M,8,0,0,1.218800813
11/20/16,Archival,A2M,8,2,25,2.632334507
11/20/16,Archival,A7M,8,1,12.5,1.292674348
11/20/16,Archival,T2M,8,0,0,0.836870673
11/28/16,Archival,A2M,7,4,57.14285714,1.876120907
11/28/16,Archival,A7M,8,1,12.5,1.01488685
11/28/16,Archival,T2M,8,0,0,0.870637816
12/6/16,Archival,A2M,8,0,0,2.722088081
12/6/16,Archival,A7M,8,0,0,1.004527589
12/6/16,Archival,T2M,8,0,0,0.71861046
12/14/16,Archival,A2M,8,3,37.5,2.041709191
12/14/16,Archival,A7M,8,2,25,3.76405033
12/14/16,Archival,T2M,8,0,0,5.87618022
12/22/16,Archival,A2M,8,4,50,3.002710915
12/22/16,Archival,A7M,8,5,62.5,1.785265577
12/22/16,Archival,T2M,7,0,0,1.224731117
12/30/16,Archival,A2M,8,6,75,7.723474302
12/30/16,Archival,A7M,8,8,100,4.795183347
12/30/16,Archival,T2M,8,NA,NA,2.527331394
1/5/17,Archival,A2M,8,3,37.5,6.438332939
1/5/17,Archival,A7M,8,3,37.5,11.19006795
1/5/17,Archival,T2M,5,NA,NA,9.23520788
1/13/17,Archival,A2M,8,4,50,19.09227848
1/13/17,Archival,A7M,8,3,37.5,NA
1/13/17,Archival,T2M,8,5,62.5,NA
1/21/17,Archival,A2M,8,0,0,NA
1/21/17,Archival,A7M,8,2,25,NA
1/21/17,Archival,T2M,8,2,25,NA
1/29/17,Archival,A2M,8,1,12.5,2.588129783
1/29/17,Archival,A7M,8,1,12.5,1.980174905
1/29/17,Archival,T2M,8,1,12.5,2.031014562
2/6/17,Archival,A2M,8,0,0,2.84956875
2/6/17,Archival,A7M,8,0,0,1.98192892
2/6/17,Archival,T2M,8,1,12.5,1.71705
2/14/17,Archival,A2M,8,0,0,2.56030744
2/14/17,Archival,A7M,8,0,0,2.09801067
2/14/17,Archival,T2M,8,0,0,2.06284673
2/22/17,Archival,A2M,8,0,0,1.86382849
2/22/17,Archival,A7M,8,0,0,1.43252037
2/22/17,Archival,T2M,8,0,0,1.48917498
3/2/17,Archival,A2M,8,1,12.5,3.334072506
3/2/17,Archival,A7M,8,1,12.5,2.969955683
3/2/17,Archival,T2M,8,2,25,3.314708292
3/10/17,Archival,A2M,8,1,12.5,2.884938157
3/10/17,Archival,A7M,8,2,25,2.118467188
3/10/17,Archival,T2M,8,1,12.5,1.945780587
3/18/17,Archival,A2M,8,1,12.5,2.937875342
3/18/17,Archival,A7M,8,3,37.5,2.270856547
3/18/17,Archival,T2M,8,2,25,2.197913814
3/26/17,Archival,A2M,8,1,12.5,4.137258863
3/26/17,Archival,A7M,8,0,0,2.70841924
3/26/17,Archival,T2M,8,0,0,2.450564086
4/3/17,Archival,A2M,8,0,0,2.705469662
4/3/17,Archival,A7M,8,1,12.5,1.779526114
4/3/17,Archival,T2M,8,0,0,1.540792519
4/11/17,Archival,A2M,8,0,0,3.72495302
4/11/17,Archival,A7M,8,0,0,2.09706021
4/11/17,Archival,T2M,8,0,0,1.791111583
4/19/17,Archival,A2M,8,0,0,2.98843872
4/19/17,Archival,A7M,8,0,0,1.882509351
4/19/17,Archival,T2M,8,0,0,1.797171474
4/27/17,Archival,A2M,8,0,0,4.32013162
4/27/17,Archival,A7M,8,0,0,3.161488777
4/27/17,Archival,T2M,8,0,0,1.355753642
5/5/17,Archival,A2M,8,0,0,6.94718616
5/5/17,Archival,A7M,8,0,0,4.304434633
5/5/17,Archival,T2M,8,0,0,4.027149189
5/13/17,Archival,A2M,8,0,0,3.149935436
5/13/17,Archival,A7M,8,0,0,2.103441519
5/13/17,Archival,T2M,8,0,0,1.797625697
5/21/17,Archival,A2M,8,0,0,2.484381366
5/21/17,Archival,A7M,8,0,0,1.6926615
5/21/17,Archival,T2M,8,0,0,1.230265382
5/29/17,Archival,A2M,8,0,0,2.490162581
5/29/17,Archival,A7M,8,0,0,1.910234332
5/29/17,Archival,T2M,8,0,0,1.358142936
6/6/17,Archival,A2M,9,0,0,NA
6/6/17,Archival,A7M,9,1,11.11111111,1.036481142
6/6/17,Archival,T2M,9,1,11.11111111,0.772763997
6/14/17,Archival,A2M,10,1,10,2.862305731
6/14/17,Archival,A7M,10,2,20,1.609135312
6/14/17,Archival,T2M,9,1,11.11111111,1.063554597
6/22/17,Archival,A2M,8,0,0,3.751857376
6/22/17,Archival,A7M,8,0,0,2.691336739
6/22/17,Archival,T2M,8,0,0,2.254404891
6/30/17,Archival,A2M,8,0,0,3.070621216
6/30/17,Archival,A7M,8,0,0,2.424332654
6/30/17,Archival,T2M,8,0,0,2.393456733
7/8/17,Archival,A2M,8,0,0,1.384715322
7/8/17,Archival,A7M,8,0,0,1.01614072
7/8/17,Archival,T2M,8,0,0,0.921044323
7/16/17,Archival,A2M,8,0,0,1.319657439
7/16/17,Archival,A7M,8,0,0,0.841682607
7/16/17,Archival,T2M,8,0,0,0.769982129
7/24/17,Archival,A2M,8,0,0,2.629031658
7/24/17,Archival,A7M,8,0,0,NA
7/24/17,Archival,T2M,8,0,0,NA
8/1/17,Archival,A2M,8,0,0,3.926079154
8/1/17,Archival,A7M,8,0,0,1.249941093
8/1/17,Archival,T2M,8,0,0,1.195243841
8/9/17,Archival,A2M,8,0,0,6.817792702
8/9/17,Archival,A7M,8,0,0,5.786253345
8/9/17,Archival,T2M,8,0,0,4.031558949
8/17/17,Archival,A2M,8,0,0,7.72817204
8/17/17,Archival,A7M,8,0,0,4.104432333
8/17/17,Archival,T2M,8,0,0,3.950848925
8/25/17,Archival,A2M,8,0,0,10.87113245
8/25/17,Archival,A7M,8,0,0,5.686023164
8/25/17,Archival,T2M,8,0,0,5.444994247
9/2/17,Archival,A2M,8,0,0,6.882648993
9/2/17,Archival,A7M,8,0,0,4.186458486
9/2/17,Archival,T2M,8,0,0,2.036390543
9/10/17,Archival,A2M,8,0,0,3.737964809
9/10/17,Archival,A7M,8,0,0,2.465839499
9/10/17,Archival,T2M,8,0,0,1.391719368
9/18/17,Archival,A2M,8,0,0,2.843911928
9/18/17,Archival,A7M,8,0,0,1.288570905
9/18/17,Archival,T2M,8,0,0,1.120988539
9/26/17,Archival,A2M,8,0,0,2.546207941
9/26/17,Archival,A7M,8,0,0,1.444703257
9/26/17,Archival,T2M,8,0,0,1.149545497
10/4/17,Archival,A2M,8,0,0,3.185597241
10/4/17,Archival,A7M,8,0,0,1.502335292
10/4/17,Archival,T2M,8,0,0,1.19486475
10/12/17,Archival,A2M,8,0,0,1.057220459
10/12/17,Archival,A7M,8,0,0,0.77362942
10/12/17,Archival,T2M,8,0,0,0.74743083
10/20/17,Archival,A2M,8,0,0,2.77855956
10/20/17,Archival,A7M,8,0,0,1.507204741
10/20/17,Archival,T2M,8,0,0,1.315798604
10/28/17,Archival,A2M,8,0,0,2.398171002
10/28/17,Archival,A7M,8,0,0,1.428249913
10/28/17,Archival,T2M,8,0,0,1.216242176
11/5/17,Archival,A2M,8,0,0,3.234055245
11/5/17,Archival,A7M,8,0,0,2.149984848
11/5/17,Archival,T2M,8,0,0,1.524464214
11/13/17,Archival,A2M,8,0,0,6.65582943
11/13/17,Archival,A7M,8,0,0,NA
11/13/17,Archival,T2M,8,0,0,NA
11/21/17,Archival,A2M,3,0,0,3.514850557
11/21/17,Archival,A7M,4,1,25,2.245658076
11/21/17,Archival,T2M,3,0,0,1.581117183
4/19/23,Archival,A2M,,,,1.60985083
4/27/23,Archival,A2M,,,,1.506380281
5/5/23,Archival,A2M,,,,1.366191876
5/13/23,Archival,A2M,,,,NA
5/21/23,Archival,A2M,,,,1.548395641
5/29/23,Archival,A2M,,,,NA
6/6/23,Archival,A2M,,,,NA
6/14/23,Archival,A2M,,,,1.369118325
6/22/23,Archival,A2M,,,,NA
6/30/23,Archival,A2M,,,,1.501337928
7/8/23,Archival,A2M,,,,1.451837462
7/16/23,Archival,A2M,,,,NA
7/24/23,Archival,A2M,,,,NA
8/1/23,Archival,A2M,,,,2.00556782
8/9/23,Archival,A2M,,,,2.569655478
8/17/23,Archival,A2M,,,,NA
8/25/23,Archival,A2M,,,,NA
9/2/23,Archival,A2M,,,,1.423358166
9/10/23,Archival,A2M,,,,1.367210627
9/18/23,Archival,A2M,,,,NA
9/26/23,Archival,A2M,,,,NA
10/4/23,Archival,A2M,,,,2.190225101
10/12/23,Archival,A2M,,,,2.216888106
10/20/23,Archival,A2M,,,,2.342150124
10/28/23,Archival,A2M,,,,2.10785203
11/5/23,Archival,A2M,,,,NA
11/13/23,Archival,A2M,,,,1.807999176
11/21/23,Archival,A2M,,,,NA
11/29/23,Archival,A2M,,,,2.446765828
12/7/23,Archival,A2M,,,,NA
12/15/23,Archival,A2M,,,,2.096982786
12/23/23,Archival,A2M,,,,NA
12/31/23,Archival,A2M,,,,3.353583372
1/8/24,Archival,A2M,,,,2.684741437
1/16/24,Archival,A2M,,,,NA
1/24/24,Archival,A2M,,,,2.974839166
2/1/24,Archival,A2M,,,,1.767484796
2/9/24,Archival,A2M,,,,NA
2/17/24,Archival,A2M,,,,NA
2/25/24,Archival,A2M,,,,2.316740698
3/4/24,Archival,A2M,,,,1.687758803
3/12/24,Archival,A2M,,,,2.195816445
3/20/24,Archival,A2M,,,,1.90043183
3/28/24,Archival,A2M,,,,NA
4/5/24,Archival,A2M,,,,1.497110121
4/13/24,Archival,A2M,,,,NA
4/21/24,Archival,A2M,,,,NA
4/29/24,Archival,A2M,,,,1.589427459
5/7/24,Archival,A2M,,,,NA
5/15/24,Archival,A2M,,,,NA
5/23/24,Archival,A2M,,,,NA
5/31/24,Archival,A2M,,,,1.197789085
6/8/24,Archival,A2M,,,,1.493087745
6/16/24,Archival,A2M,,,,1.595014679
6/24/24,Archival,A2M,,,,NA
7/2/24,Archival,A2M,,,,1.23522062
7/10/24,Archival,A2M,,,,NA
7/18/24,Archival,A2M,,,,NA
7/26/24,Archival,A2M,,,,0.699509207
8/3/24,Archival,A2M,,,,1.150602943
8/11/24,Archival,A2M,,,,0.915563482
8/19/24,Archival,A2M,,,,1.403979886
8/27/24,Archival,A2M,,,,NA
9/4/24,Archival,A2M,,,,NA
9/12/24,Archival,A2M,,,,1.002033222
9/20/24,Archival,A2M,,,,0.91101371
9/28/24,Archival,A2M,,,,1.253285706
10/6/24,Archival,A2M,,,,1.229986221
10/14/24,Archival,A2M,,,,NA
10/22/24,Archival,A2M,,,,1.305942512
10/30/24,Archival,A2M,,,,NA
11/7/24,Archival,A2M,,,,NA
11/15/24,Archival,A2M,,,,0.99894011
11/23/24,Archival,A2M,,,,2.052710587
12/1/24,Archival,A2M,,,,NA
12/9/24,Archival,A2M,,,,NA
12/17/24,Archival,A2M,,,,NA
12/25/24,Archival,A2M,,,,2.520071101
4/20/23,Archival,A7M,,,,1.173892113
4/28/23,Archival,A7M,,,,NA
5/6/23,Archival,A7M,,,,1.019214568
5/14/23,Archival,A7M,,,,1.127857431
5/22/23,Archival,A7M,,,,0.961523876
5/30/23,Archival,A7M,,,,1.733867168
6/7/23,Archival,A7M,,,,NA
6/15/23,Archival,A7M,,,,0.919796473
6/23/23,Archival,A7M,,,,0.957686165
7/1/23,Archival,A7M,,,,NA
7/9/23,Archival,A7M,,,,NA
7/17/23,Archival,A7M,,,,1.666307181
7/25/23,Archival,A7M,,,,1.952987647
8/2/23,Archival,A7M,,,,NA
8/10/23,Archival,A7M,,,,NA
8/18/23,Archival,A7M,,,,2.37005794
8/26/23,Archival,A7M,,,,NA
9/3/23,Archival,A7M,,,,0.712398431
9/11/23,Archival,A7M,,,,0.733694042
9/19/23,Archival,A7M,,,,0.808680892
9/27/23,Archival,A7M,,,,1.723930703
10/5/23,Archival,A7M,,,,0.889619604
10/13/23,Archival,A7M,,,,0.703793621
10/21/23,Archival,A7M,,,,NA
10/29/23,Archival,A7M,,,,NA
11/6/23,Archival,A7M,,,,1.210279846
11/14/23,Archival,A7M,,,,1.34288106
11/22/23,Archival,A7M,,,,NA
11/30/23,Archival,A7M,,,,1.067021289
12/8/23,Archival,A7M,,,,NA
12/16/23,Archival,A7M,,,,1.170059943
12/24/23,Archival,A7M,,,,NA
1/1/24,Archival,A7M,,,,NA
1/9/24,Archival,A7M,,,,NA
1/17/24,Archival,A7M,,,,2.015111828
1/25/24,Archival,A7M,,,,NA
2/2/24,Archival,A7M,,,,NA
2/10/24,Archival,A7M,,,,1.360160875
2/18/24,Archival,A7M,,,,NA
2/26/24,Archival,A7M,,,,NA
3/5/24,Archival,A7M,,,,NA
3/13/24,Archival,A7M,,,,0.987085745
3/21/24,Archival,A7M,,,,1.17711792
3/29/24,Archival,A7M,,,,1.249319166
4/6/24,Archival,A7M,,,,1.031931618
4/14/24,Archival,A7M,,,,1.236506444
4/22/24,Archival,A7M,,,,0.899459416
4/30/24,Archival,A7M,,,,0.853301121
5/8/24,Archival,A7M,,,,0.839495254
5/16/24,Archival,A7M,,,,NA
5/24/24,Archival,A7M,,,,NA
6/1/24,Archival,A7M,,,,0.770912242
6/9/24,Archival,A7M,,,,0.949172974
6/17/24,Archival,A7M,,,,1.014807367
6/25/24,Archival,A7M,,,,NA
7/3/24,Archival,A7M,,,,0.617110106
7/11/24,Archival,A7M,,,,NA
7/19/24,Archival,A7M,,,,0.765301466
7/27/24,Archival,A7M,,,,0.510685541
8/4/24,Archival,A7M,,,,NA
8/12/24,Archival,A7M,,,,0.570756155
8/20/24,Archival,A7M,,,,0.739678016
8/28/24,Archival,A7M,,,,0.53082972
9/5/24,Archival,A7M,,,,0.57931453
9/13/24,Archival,A7M,,,,NA
9/21/24,Archival,A7M,,,,1.05499502
9/29/24,Archival,A7M,,,,NA
10/7/24,Archival,A7M,,,,NA
10/15/24,Archival,A7M,,,,NA
10/23/24,Archival,A7M,,,,0.671572027
10/31/24,Archival,A7M,,,,1.022609088
11/8/24,Archival,A7M,,,,1.115138868
11/16/24,Archival,A7M,,,,1.040870647
11/24/24,Archival,A7M,,,,0.955577294
12/2/24,Archival,A7M,,,,1.150028378
12/10/24,Archival,A7M,,,,1.569652763
12/18/24,Archival,A7M,,,,NA
12/26/24,Archival,A7M,,,,NA
4/21/23,Archival,T2M,,,,0.876247954
4/29/23,Archival,T2M,,,,NA
5/7/23,Archival,T2M,,,,0.899231183
5/15/23,Archival,T2M,,,,0.829774359
5/23/23,Archival,T2M,,,,0.715846727
5/31/23,Archival,T2M,,,,0.643145904
6/8/23,Archival,T2M,,,,NA
6/16/23,Archival,T2M,,,,0.846685296
6/24/23,Archival,T2M,,,,NA
7/2/23,Archival,T2M,,,,1.136632673
7/10/23,Archival,T2M,,,,NA
7/18/23,Archival,T2M,,,,1.44887507
7/26/23,Archival,T2M,,,,1.464246899
8/3/23,Archival,T2M,,,,NA
8/11/23,Archival,T2M,,,,2.079081744
8/19/23,Archival,T2M,,,,1.221907097
8/27/23,Archival,T2M,,,,NA
9/4/23,Archival,T2M,,,,0.511011009
9/12/23,Archival,T2M,,,,0.568962783
9/20/23,Archival,T2M,,,,0.637592715
9/28/23,Archival,T2M,,,,NA
10/6/23,Archival,T2M,,,,0.960078845
10/14/23,Archival,T2M,,,,NA
10/22/23,Archival,T2M,,,,1.1056903
10/30/23,Archival,T2M,,,,0.750810835
11/7/23,Archival,T2M,,,,1.009116975
11/15/23,Archival,T2M,,,,NA
11/23/23,Archival,T2M,,,,1.480500817
12/1/23,Archival,T2M,,,,1.053660353
12/9/23,Archival,T2M,,,,1.156413645
12/17/23,Archival,T2M,,,,NA
12/25/23,Archival,T2M,,,,NA
1/2/24,Archival,T2M,,,,NA
1/10/24,Archival,T2M,,,,2.550972545
1/18/24,Archival,T2M,,,,1.757212758
1/26/24,Archival,T2M,,,,NA
2/3/24,Archival,T2M,,,,NA
2/11/24,Archival,T2M,,,,NA
2/19/24,Archival,T2M,,,,1.278025025
2/27/24,Archival,T2M,,,,1.565372211
3/6/24,Archival,T2M,,,,NA
3/14/24,Archival,T2M,,,,1.023788419
3/22/24,Archival,T2M,,,,NA
3/30/24,Archival,T2M,,,,1.038774896
4/7/24,Archival,T2M,,,,0.878345144
4/15/24,Archival,T2M,,,,1.050974709
4/23/24,Archival,T2M,,,,0.878468752
5/1/24,Archival,T2M,,,,0.782363279
5/9/24,Archival,T2M,,,,NA
5/17/24,Archival,T2M,,,,NA
5/25/24,Archival,T2M,,,,NA
6/2/24,Archival,T2M,,,,NA
6/10/24,Archival,T2M,,,,0.890334153
6/18/24,Archival,T2M,,,,0.993357271
6/26/24,Archival,T2M,,,,0.93158763
7/4/24,Archival,T2M,,,,0.576761684
7/12/24,Archival,T2M,,,,0.617123922
7/20/24,Archival,T2M,,,,NA
7/28/24,Archival,T2M,,,,0.427950138
8/5/24,Archival,T2M,,,,0.537951673
8/13/24,Archival,T2M,,,,NA
8/21/24,Archival,T2M,,,,0.694212735
8/29/24,Archival,T2M,,,,0.501977304
9/6/24,Archival,T2M,,,,NA
9/14/24,Archival,T2M,,,,0.549644303
9/22/24,Archival,T2M,,,,NA
9/30/24,Archival,T2M,,,,NA
10/8/24,Archival,T2M,,,,0.571033903
10/16/24,Archival,T2M,,,,NA
10/24/24,Archival,T2M,,,,0.778116633
11/1/24,Archival,T2M,,,,NA
11/9/24,Archival,T2M,,,,0.844177884
11/17/24,Archival,T2M,,,,0.909071389
11/25/24,Archival,T2M,,,,1.221793568
12/3/24,Archival,T2M,,,,NA
12/11/24,Archival,T2M,,,,NA
12/19/24,Archival,T2M,,,,NA
12/27/24,Archival,T2M,,,,NA
5/27/21,Real-time,MDOC,,,,1.44031621
6/4/21,Real-time,MDOC,,,,NA
6/12/21,Real-time,MDOC,,,,NA
6/20/21,Real-time,MDOC,,,,1.821262201
6/28/21,Real-time,MDOC,,,,1.5393734
7/6/21,Real-time,MDOC,,,,NA
7/14/21,Real-time,MDOC,,,,1.16592742
7/22/21,Real-time,MDOC,,,,NA
7/30/21,Real-time,MDOC,,,,0.596563246
8/7/21,Real-time,MDOC,,,,NA
8/15/21,Real-time,MDOC,,,,0.34674634
8/23/21,Real-time,MDOC,,,,1.788156512
8/31/21,Real-time,MDOC,,,,NA
9/8/21,Real-time,MDOC,,,,NA
9/16/21,Real-time,MDOC,,,,NA
9/24/21,Real-time,MDOC,,,,0.923265615
10/2/21,Real-time,MDOC,,,,0.957390308
10/10/21,Real-time,MDOC,,,,NA
10/18/21,Real-time,MDOC,,,,0.45532614
10/26/21,Real-time,MDOC,,,,0.281695447
11/3/21,Real-time,MDOC,,,,0.856056727
11/11/21,Real-time,MDOC,,,,NA
11/19/21,Real-time,MDOC,,,,0.64260751
11/27/21,Real-time,MDOC,,,,0.674395725
12/5/21,Real-time,MDOC,,,,0.942195231
12/13/21,Real-time,MDOC,,,,1.486633816
12/21/21,Real-time,MDOC,,,,NA
12/29/21,Real-time,MDOC,,,,NA
1/6/22,Real-time,MDOC,,,,1.962097716
1/14/22,Real-time,MDOC,,,,1.932070014
1/22/22,Real-time,MDOC,,,,NA
1/30/22,Real-time,MDOC,,,,2.022260615
2/7/22,Real-time,MDOC,,,,NA
2/15/22,Real-time,MDOC,,,,1.527584033
2/23/22,Real-time,MDOC,,,,NA
3/3/22,Real-time,MDOC,,,,0.93672885
3/11/22,Real-time,MDOC,,,,0.68604264
3/19/22,Real-time,MDOC,,,,2.23780422
3/27/22,Real-time,MDOC,,,,NA
4/4/22,Real-time,MDOC,,,,NA
4/12/22,Real-time,MDOC,,,,0.439585596
4/20/22,Real-time,MDOC,,,,2.934477053
4/28/22,Real-time,MDOC,,,,2.672123561
5/6/22,Real-time,MDOC,,,,NA
5/14/22,Real-time,MDOC,,,,NA
5/22/22,Real-time,MDOC,,,,2.980344515
5/30/22,Real-time,MDOC,,,,1.769749136
6/7/22,Real-time,MDOC,,,,NA
6/15/22,Real-time,MDOC,,,,1.897109204
7/16/22,Real-time,MDOC,,,,0.390336205
7/24/22,Real-time,MDOC,,,,NA
8/1/22,Real-time,MDOC,,,,0.54584488
8/9/22,Real-time,MDOC,,,,0.863268784
8/17/22,Real-time,MDOC,,,,0.435146567
8/25/22,Real-time,MDOC,,,,0.476302078
9/2/22,Real-time,MDOC,,,,0.808030392
9/10/22,Real-time,MDOC,,,,0.678414032
9/18/22,Real-time,MDOC,,,,0.491372664
9/26/22,Real-time,MDOC,,,,0.949187404
10/4/22,Real-time,MDOC,,,,NA
10/12/22,Real-time,MDOC,,,,0.763252985
10/20/22,Real-time,MDOC,,,,1.281920922
10/28/22,Real-time,MDOC,,,,1.883004224
11/5/22,Real-time,MDOC,,,,0.771482733
11/13/22,Real-time,MDOC,,,,1.359913501
11/21/22,Real-time,MDOC,,,,0.937832052
11/29/22,Real-time,MDOC,,,,0.951719234
12/7/22,Real-time,MDOC,,,,NA
12/15/22,Real-time,MDOC,,,,NA
12/23/22,Real-time,MDOC,,,,NA
12/31/22,Real-time,MDOC,,,,NA
1/8/23,Real-time,MDOC,,,,NA
1/16/23,Real-time,MDOC,,,,1.916877311
1/24/23,Real-time,MDOC,,,,1.453724188
2/1/23,Real-time,MDOC,,,,NA
2/9/23,Real-time,MDOC,,,,1.174042291
2/15/23,Real-time,MDOC,,,,NA
2/23/23,Real-time,MDOC,,,,NA
3/3/23,Real-time,MDOC,,,,NA
3/11/23,Real-time,MDOC,,,,NA
3/19/23,Real-time,MDOC,,,,0.981189945
3/27/23,Real-time,MDOC,,,,NA
4/4/23,Real-time,MDOC,,,,1.255602241
4/12/23,Real-time,MDOC,,,,NA
4/20/23,Real-time,MDOC,,,,1.173892113
4/28/23,Real-time,MDOC,,,,NA
5/6/23,Real-time,MDOC,,,,1.019214568
5/14/23,Real-time,MDOC,,,,1.127857431
5/22/23,Real-time,MDOC,,,,0.961523876
5/30/23,Real-time,MDOC,,,,1.733867168
6/7/23,Real-time,MDOC,,,,NA
6/15/23,Real-time,MDOC,,,,0.919796473
6/23/23,Real-time,MDOC,,,,0.957686165
7/1/23,Real-time,MDOC,,,,NA
7/9/23,Real-time,MDOC,,,,NA
7/17/23,Real-time,MDOC,,,,1.666307181
7/25/23,Real-time,MDOC,,,,1.952987647
8/2/23,Real-time,MDOC,,,,NA
8/10/23,Real-time,MDOC,,,,NA
8/18/23,Real-time,MDOC,,,,2.37005794
8/26/23,Real-time,MDOC,,,,NA
9/3/23,Real-time,MDOC,,,,0.712398431
9/11/23,Real-time,MDOC,,,,0.733694042
9/19/23,Real-time,MDOC,,,,0.808680892
9/26/23,Real-time,MDOC,,,,NA
10/4/23,Real-time,MDOC,,,,1.235722691
10/12/23,Real-time,MDOC,,,,0.751234081
10/20/23,Real-time,MDOC,,,,1.262507319
10/27/23,Real-time,MDOC,,,,1.728859772
11/4/23,Real-time,MDOC,,,,0.842003837
11/12/23,Real-time,MDOC,,,,NA
11/20/23,Real-time,MDOC,,,,1.80129266
11/28/23,Real-time,MDOC,,,,0.542308589
12/6/23,Real-time,MDOC,,,,0.064464279
12/14/23,Real-time,MDOC,,,,1.291418113
12/22/23,Real-time,MDOC,,,,2.196520081
12/30/23,Real-time,MDOC,,,,1.915358696
1/7/24,Real-time,MDOC,,,,1.152630296
1/15/24,Real-time,MDOC,,,,NA
1/23/24,Real-time,MDOC,,,,NA
1/31/24,Real-time,MDOC,,,,1.377723619
2/8/24,Real-time,MDOC,,,,2.59638289
2/16/24,Real-time,MDOC,,,,NA
2/24/24,Real-time,MDOC,,,,NA
3/3/24,Real-time,MDOC,,,,1.661477633
3/11/24,Real-time,MDOC,,,,3.822566566
3/21/24,Real-time,MDOC,,,,1.792034764
3/29/24,Real-time,MDOC,,,,1.952704388
4/6/24,Real-time,MDOC,,,,NA
4/14/24,Real-time,MDOC,,,,2.532577801
4/22/24,Real-time,MDOC,,,,1.365274191
4/30/24,Real-time,MDOC,,,,1.80738079
5/8/24,Real-time,MDOC,,,,2.699533542
5/16/24,Real-time,MDOC,,,,NA
5/24/24,Real-time,MDOC,,,,NA
6/1/24,Real-time,MDOC,,,,1.711220944
6/9/24,Real-time,MDOC,,,,NA
6/17/24,Real-time,MDOC,,,,1.635310507
6/26/24,Real-time,MDOC,,,,1.625964403
7/5/24,Real-time,MDOC,,,,NA
7/19/24,Real-time,MDOC,,,,0.935090911
7/27/24,Real-time,MDOC,,,,0.492457999
8/4/24,Real-time,MDOC,,,,NA
8/12/24,Real-time,MDOC,,,,NA
8/21/24,Real-time,MDOC,,,,1.013983265
8/29/24,Real-time,MDOC,,,,NA
9/6/24,Real-time,MDOC,,,,NA
9/14/24,Real-time,MDOC,,,,1.078028867
9/22/24,Real-time,MDOC,,,,NA
9/30/24,Real-time,MDOC,,,,NA
10/8/24,Real-time,MDOC,,,,1.064501834
10/16/24,Real-time,MDOC,,,,2.166863065
10/24/24,Real-time,MDOC,,,,1.114021404
11/3/24,Real-time,MDOC,,,,2.517302687
11/11/24,Real-time,MDOC,,,,NA
11/19/24,Real-time,MDOC,,,,NA
11/27/24,Real-time,MDOC,,,,NA
12/5/24,Real-time,MDOC,,,,2.953674841
12/13/24,Real-time,MDOC,,,,NA
12/25/24,Real-time,MDOC,,,,NA