Date,time,latitude,longitude,sstAnom,site
11/3/14,2014-11-03T09:00:00Z,38.3,-74.65,0.494,A7M
11/4/14,2014-11-04T09:00:00Z,38.3,-74.65,0.481,A7M
11/5/14,2014-11-05T09:00:00Z,38.3,-74.65,0.651,A7M
11/6/14,2014-11-06T09:00:00Z,38.3,-74.65,0.485,A7M
11/7/14,2014-11-07T09:00:00Z,38.3,-74.65,0.832,A7M
11/8/14,2014-11-08T09:00:00Z,38.3,-74.65,0.665,A7M
11/9/14,2014-11-09T09:00:00Z,38.3,-74.65,0.25,A7M
11/10/14,2014-11-10T09:00:00Z,38.3,-74.65,0.427,A7M
11/11/14,2014-11-11T09:00:00Z,38.3,-74.65,0.772,A7M
11/12/14,2014-11-12T09:00:00Z,38.3,-74.65,0.743,A7M
11/13/14,2014-11-13T09:00:00Z,38.3,-74.65,0.949,A7M
11/14/14,2014-11-14T09:00:00Z,38.3,-74.65,0.571,A7M
11/15/14,2014-11-15T09:00:00Z,38.3,-74.65,-0.441,A7M
11/16/14,2014-11-16T09:00:00Z,38.3,-74.65,-0.461,A7M
11/17/14,2014-11-17T09:00:00Z,38.3,-74.65,-0.331,A7M
11/18/14,2014-11-18T09:00:00Z,38.3,-74.65,0.398,A7M
11/19/14,2014-11-19T09:00:00Z,38.3,-74.65,0.289,A7M
11/20/14,2014-11-20T09:00:00Z,38.3,-74.65,0.394,A7M
11/21/14,2014-11-21T09:00:00Z,38.3,-74.65,-0.463,A7M
11/22/14,2014-11-22T09:00:00Z,38.3,-74.65,-0.493,A7M
11/23/14,2014-11-23T09:00:00Z,38.3,-74.65,0.294,A7M
11/24/14,2014-11-24T09:00:00Z,38.3,-74.65,0.336,A7M
11/25/14,2014-11-25T09:00:00Z,38.3,-74.65,0.413,A7M
11/26/14,2014-11-26T09:00:00Z,38.3,-74.65,-0.075,A7M
11/27/14,2014-11-27T09:00:00Z,38.3,-74.65,-0.054,A7M
11/28/14,2014-11-28T09:00:00Z,38.3,-74.65,-0.023,A7M
11/29/14,2014-11-29T09:00:00Z,38.3,-74.65,-0.047,A7M
11/30/14,2014-11-30T09:00:00Z,38.3,-74.65,-0.313,A7M
12/1/14,2014-12-01T09:00:00Z,38.3,-74.65,-0.224,A7M
12/2/14,2014-12-02T09:00:00Z,38.3,-74.65,-0.106,A7M
12/3/14,2014-12-03T09:00:00Z,38.3,-74.65,0.33,A7M
12/4/14,2014-12-04T09:00:00Z,38.3,-74.65,-0.139,A7M
12/5/14,2014-12-05T09:00:00Z,38.3,-74.65,-0.17,A7M
12/6/14,2014-12-06T09:00:00Z,38.3,-74.65,0.054,A7M
12/7/14,2014-12-07T09:00:00Z,38.3,-74.65,0.117,A7M
12/8/14,2014-12-08T09:00:00Z,38.3,-74.65,0.234,A7M
12/9/14,2014-12-09T09:00:00Z,38.3,-74.65,0.427,A7M
12/10/14,2014-12-10T09:00:00Z,38.3,-74.65,-0.067,A7M
12/11/14,2014-12-11T09:00:00Z,38.3,-74.65,-0.982,A7M
12/12/14,2014-12-12T09:00:00Z,38.3,-74.65,-1.089,A7M
12/13/14,2014-12-13T09:00:00Z,38.3,-74.65,-1.102,A7M
12/14/14,2014-12-14T09:00:00Z,38.3,-74.65,-1.155,A7M
12/15/14,2014-12-15T09:00:00Z,38.3,-74.65,-1.527,A7M
12/16/14,2014-12-16T09:00:00Z,38.3,-74.65,-1.51,A7M
12/17/14,2014-12-17T09:00:00Z,38.3,-74.65,-1.384,A7M
12/18/14,2014-12-18T09:00:00Z,38.3,-74.65,-1.425,A7M
12/19/14,2014-12-19T09:00:00Z,38.3,-74.65,-1.386,A7M
12/20/14,2014-12-20T09:00:00Z,38.3,-74.65,-1.526,A7M
12/21/14,2014-12-21T09:00:00Z,38.3,-74.65,-1.344,A7M
12/22/14,2014-12-22T09:00:00Z,38.3,-74.65,-0.953,A7M
12/23/14,2014-12-23T09:00:00Z,38.3,-74.65,-0.888,A7M
12/24/14,2014-12-24T09:00:00Z,38.3,-74.65,-0.892,A7M
12/25/14,2014-12-25T09:00:00Z,38.3,-74.65,-1.123,A7M
12/26/14,2014-12-26T09:00:00Z,38.3,-74.65,-0.982,A7M
12/27/14,2014-12-27T09:00:00Z,38.3,-74.65,-0.817,A7M
12/28/14,2014-12-28T09:00:00Z,38.3,-74.65,-0.613,A7M
12/29/14,2014-12-29T09:00:00Z,38.3,-74.65,-0.916,A7M
12/30/14,2014-12-30T09:00:00Z,38.3,-74.65,-0.865,A7M
12/31/14,2014-12-31T09:00:00Z,38.3,-74.65,-0.661,A7M
1/1/15,2015-01-01T09:00:00Z,38.3,-74.65,-0.801,A7M
1/2/15,2015-01-02T09:00:00Z,38.3,-74.65,-1.185,A7M
1/3/15,2015-01-03T09:00:00Z,38.3,-74.65,-0.852,A7M
1/4/15,2015-01-04T09:00:00Z,38.3,-74.65,0.151,A7M
1/5/15,2015-01-05T09:00:00Z,38.3,-74.65,0.677,A7M
1/6/15,2015-01-06T09:00:00Z,38.3,-74.65,-0.382,A7M
1/7/15,2015-01-07T09:00:00Z,38.3,-74.65,-1.402,A7M
1/8/15,2015-01-08T09:00:00Z,38.3,-74.65,-0.846,A7M
1/9/15,2015-01-09T09:00:00Z,38.3,-74.65,-0.545,A7M
1/10/15,2015-01-10T09:00:00Z,38.3,-74.65,-0.467,A7M
1/11/15,2015-01-11T09:00:00Z,38.3,-74.65,-0.411,A7M
1/12/15,2015-01-12T09:00:00Z,38.3,-74.65,-0.373,A7M
1/13/15,2015-01-13T09:00:00Z,38.3,-74.65,-0.267,A7M
1/14/15,2015-01-14T09:00:00Z,38.3,-74.65,-0.517,A7M
1/15/15,2015-01-15T09:00:00Z,38.3,-74.65,-1.17,A7M
1/16/15,2015-01-16T09:00:00Z,38.3,-74.65,-0.916,A7M
1/17/15,2015-01-17T09:00:00Z,38.3,-74.65,-0.262,A7M
1/18/15,2015-01-18T09:00:00Z,38.3,-74.65,-0.412,A7M
1/19/15,2015-01-19T09:00:00Z,38.3,-74.65,-0.275,A7M
1/20/15,2015-01-20T09:00:00Z,38.3,-74.65,-0.243,A7M
1/21/15,2015-01-21T09:00:00Z,38.3,-74.65,-0.177,A7M
1/22/15,2015-01-22T09:00:00Z,38.3,-74.65,-0.369,A7M
1/23/15,2015-01-23T09:00:00Z,38.3,-74.65,-0.405,A7M
1/24/15,2015-01-24T09:00:00Z,38.3,-74.65,-0.142,A7M
1/25/15,2015-01-25T09:00:00Z,38.3,-74.65,-0.018,A7M
1/26/15,2015-01-26T09:00:00Z,38.3,-74.65,-0.086,A7M
1/27/15,2015-01-27T09:00:00Z,38.3,-74.65,-0.898,A7M
1/28/15,2015-01-28T09:00:00Z,38.3,-74.65,-0.466,A7M
1/29/15,2015-01-29T09:00:00Z,38.3,-74.65,-0.355,A7M
1/30/15,2015-01-30T09:00:00Z,38.3,-74.65,-0.613,A7M
1/31/15,2015-01-31T09:00:00Z,38.3,-74.65,-1.017,A7M
2/1/15,2015-02-01T09:00:00Z,38.3,-74.65,-1.378,A7M
2/2/15,2015-02-02T09:00:00Z,38.3,-74.65,-1.509,A7M
2/3/15,2015-02-03T09:00:00Z,38.3,-74.65,-1.381,A7M
2/4/15,2015-02-04T09:00:00Z,38.3,-74.65,-1.416,A7M
2/5/15,2015-02-05T09:00:00Z,38.3,-74.65,-1.389,A7M
2/6/15,2015-02-06T09:00:00Z,38.3,-74.65,-1.325,A7M
2/7/15,2015-02-07T09:00:00Z,38.3,-74.65,-1.751,A7M
2/8/15,2015-02-08T09:00:00Z,38.3,-74.65,-1.867,A7M
2/9/15,2015-02-09T09:00:00Z,38.3,-74.65,-1.404,A7M
2/10/15,2015-02-10T09:00:00Z,38.3,-74.65,-1.108,A7M
2/11/15,2015-02-11T09:00:00Z,38.3,-74.65,-0.955,A7M
2/12/15,2015-02-12T09:00:00Z,38.3,-74.65,-0.891,A7M
2/13/15,2015-02-13T09:00:00Z,38.3,-74.65,-1.157,A7M
2/14/15,2015-02-14T09:00:00Z,38.3,-74.65,-1.447,A7M
2/15/15,2015-02-15T09:00:00Z,38.3,-74.65,-1.435,A7M
2/16/15,2015-02-16T09:00:00Z,38.3,-74.65,-2.037,A7M
2/17/15,2015-02-17T09:00:00Z,38.3,-74.65,-2.369,A7M
2/18/15,2015-02-18T09:00:00Z,38.3,-74.65,-1.956,A7M
2/19/15,2015-02-19T09:00:00Z,38.3,-74.65,-2.689,A7M
2/20/15,2015-02-20T09:00:00Z,38.3,-74.65,-2.438,A7M
2/21/15,2015-02-21T09:00:00Z,38.3,-74.65,-2.256,A7M
2/22/15,2015-02-22T09:00:00Z,38.3,-74.65,-2.768,A7M
2/23/15,2015-02-23T09:00:00Z,38.3,-74.65,-2.341,A7M
2/24/15,2015-02-24T09:00:00Z,38.3,-74.65,-2.291,A7M
2/25/15,2015-02-25T09:00:00Z,38.3,-74.65,-2.637,A7M
2/26/15,2015-02-26T09:00:00Z,38.3,-74.65,-2.981,A7M
2/27/15,2015-02-27T09:00:00Z,38.3,-74.65,-2.344,A7M
2/28/15,2015-02-28T09:00:00Z,38.3,-74.65,-2.147,A7M
3/1/15,2015-03-01T09:00:00Z,38.3,-74.65,-2.324,A7M
3/2/15,2015-03-02T09:00:00Z,38.3,-74.65,-2.221,A7M
3/3/15,2015-03-03T09:00:00Z,38.3,-74.65,-2.461,A7M
3/4/15,2015-03-04T09:00:00Z,38.3,-74.65,-2.318,A7M
3/5/15,2015-03-05T09:00:00Z,38.3,-74.65,-1.985,A7M
3/6/15,2015-03-06T09:00:00Z,38.3,-74.65,-1.819,A7M
3/7/15,2015-03-07T09:00:00Z,38.3,-74.65,-1.928,A7M
3/8/15,2015-03-08T09:00:00Z,38.3,-74.65,-2.152,A7M
3/9/15,2015-03-09T09:00:00Z,38.3,-74.65,-2.059,A7M
3/10/15,2015-03-10T09:00:00Z,38.3,-74.65,-1.983,A7M
3/11/15,2015-03-11T09:00:00Z,38.3,-74.65,-1.539,A7M
3/12/15,2015-03-12T09:00:00Z,38.3,-74.65,-1.58,A7M
3/13/15,2015-03-13T09:00:00Z,38.3,-74.65,-1.976,A7M
3/14/15,2015-03-14T09:00:00Z,38.3,-74.65,-2.113,A7M
3/15/15,2015-03-15T09:00:00Z,38.3,-74.65,-1.591,A7M
3/16/15,2015-03-16T09:00:00Z,38.3,-74.65,-1.33,A7M
3/17/15,2015-03-17T09:00:00Z,38.3,-74.65,-1.512,A7M
3/18/15,2015-03-18T09:00:00Z,38.3,-74.65,-1.313,A7M
3/19/15,2015-03-19T09:00:00Z,38.3,-74.65,-1.158,A7M
3/20/15,2015-03-20T09:00:00Z,38.3,-74.65,-1.811,A7M
3/21/15,2015-03-21T09:00:00Z,38.3,-74.65,-1.838,A7M
3/22/15,2015-03-22T09:00:00Z,38.3,-74.65,-1.826,A7M
3/23/15,2015-03-23T09:00:00Z,38.3,-74.65,-1.778,A7M
3/24/15,2015-03-24T09:00:00Z,38.3,-74.65,-1.717,A7M
3/25/15,2015-03-25T09:00:00Z,38.3,-74.65,-1.557,A7M
3/26/15,2015-03-26T09:00:00Z,38.3,-74.65,-1.56,A7M
3/27/15,2015-03-27T09:00:00Z,38.3,-74.65,-1.669,A7M
3/28/15,2015-03-28T09:00:00Z,38.3,-74.65,-1.713,A7M
3/29/15,2015-03-29T09:00:00Z,38.3,-74.65,-1.817,A7M
3/30/15,2015-03-30T09:00:00Z,38.3,-74.65,-1.684,A7M
3/31/15,2015-03-31T09:00:00Z,38.3,-74.65,-1.718,A7M
4/1/15,2015-04-01T09:00:00Z,38.3,-74.65,-1.342,A7M
4/2/15,2015-04-02T09:00:00Z,38.3,-74.65,-1.412,A7M
4/3/15,2015-04-03T09:00:00Z,38.3,-74.65,-1.776,A7M
4/4/15,2015-04-04T09:00:00Z,38.3,-74.65,-1.162,A7M
4/5/15,2015-04-05T09:00:00Z,38.3,-74.65,-1.08,A7M
4/6/15,2015-04-06T09:00:00Z,38.3,-74.65,-1.194,A7M
4/7/15,2015-04-07T09:00:00Z,38.3,-74.65,-1.507,A7M
4/8/15,2015-04-08T09:00:00Z,38.3,-74.65,0.28,A7M
4/9/15,2015-04-09T09:00:00Z,38.3,-74.65,0.47,A7M
4/10/15,2015-04-10T09:00:00Z,38.3,-74.65,-0.799,A7M
4/11/15,2015-04-11T09:00:00Z,38.3,-74.65,-1.012,A7M
4/12/15,2015-04-12T09:00:00Z,38.3,-74.65,-1.013,A7M
4/13/15,2015-04-13T09:00:00Z,38.3,-74.65,-0.828,A7M
4/14/15,2015-04-14T09:00:00Z,38.3,-74.65,-0.824,A7M
4/15/15,2015-04-15T09:00:00Z,38.3,-74.65,-0.429,A7M
4/16/15,2015-04-16T09:00:00Z,38.3,-74.65,0.446,A7M
4/17/15,2015-04-17T09:00:00Z,38.3,-74.65,0.298,A7M
4/18/15,2015-04-18T09:00:00Z,38.3,-74.65,0.383,A7M
4/19/15,2015-04-19T09:00:00Z,38.3,-74.65,1.606,A7M
4/20/15,2015-04-20T09:00:00Z,38.3,-74.65,0.83,A7M
4/21/15,2015-04-21T09:00:00Z,38.3,-74.65,0.286,A7M
4/22/15,2015-04-22T09:00:00Z,38.3,-74.65,-0.639,A7M
4/23/15,2015-04-23T09:00:00Z,38.3,-74.65,-1.056,A7M
4/24/15,2015-04-24T09:00:00Z,38.3,-74.65,-1.318,A7M
4/25/15,2015-04-25T09:00:00Z,38.3,-74.65,-1.596,A7M
4/26/15,2015-04-26T09:00:00Z,38.3,-74.65,-1.679,A7M
4/27/15,2015-04-27T09:00:00Z,38.3,-74.65,-1.888,A7M
4/28/15,2015-04-28T09:00:00Z,38.3,-74.65,-2.034,A7M
4/29/15,2015-04-29T09:00:00Z,38.3,-74.65,-2.029,A7M
4/30/15,2015-04-30T09:00:00Z,38.3,-74.65,-1.739,A7M
5/1/15,2015-05-01T09:00:00Z,38.3,-74.65,-1.48,A7M
5/2/15,2015-05-02T09:00:00Z,38.3,-74.65,-1.531,A7M
5/3/15,2015-05-03T09:00:00Z,38.3,-74.65,-0.473,A7M
5/4/15,2015-05-04T09:00:00Z,38.3,-74.65,-0.608,A7M
5/5/15,2015-05-05T09:00:00Z,38.3,-74.65,0.768,A7M
5/6/15,2015-05-06T09:00:00Z,38.3,-74.65,0.958,A7M
5/7/15,2015-05-07T09:00:00Z,38.3,-74.65,1.177,A7M
5/8/15,2015-05-08T09:00:00Z,38.3,-74.65,0.881,A7M
5/9/15,2015-05-09T09:00:00Z,38.3,-74.65,4.593,A7M
5/10/15,2015-05-10T09:00:00Z,38.3,-74.65,4.567,A7M
5/11/15,2015-05-11T09:00:00Z,38.3,-74.65,3.926,A7M
5/12/15,2015-05-12T09:00:00Z,38.3,-74.65,3.222,A7M
5/13/15,2015-05-13T09:00:00Z,38.3,-74.65,1.601,A7M
5/14/15,2015-05-14T09:00:00Z,38.3,-74.65,0.925,A7M
5/15/15,2015-05-15T09:00:00Z,38.3,-74.65,0.912,A7M
5/16/15,2015-05-16T09:00:00Z,38.3,-74.65,0.841,A7M
5/17/15,2015-05-17T09:00:00Z,38.3,-74.65,1.27,A7M
5/18/15,2015-05-18T09:00:00Z,38.3,-74.65,1.998,A7M
5/19/15,2015-05-19T09:00:00Z,38.3,-74.65,1.923,A7M
5/20/15,2015-05-20T09:00:00Z,38.3,-74.65,1.324,A7M
5/21/15,2015-05-21T09:00:00Z,38.3,-74.65,1.242,A7M
5/22/15,2015-05-22T09:00:00Z,38.3,-74.65,0.556,A7M
5/23/15,2015-05-23T09:00:00Z,38.3,-74.65,0.457,A7M
5/24/15,2015-05-24T09:00:00Z,38.3,-74.65,0.289,A7M
5/25/15,2015-05-25T09:00:00Z,38.3,-74.65,-0.066,A7M
5/26/15,2015-05-26T09:00:00Z,38.3,-74.65,0.608,A7M
5/27/15,2015-05-27T09:00:00Z,38.3,-74.65,1.308,A7M
5/28/15,2015-05-28T09:00:00Z,38.3,-74.65,1.373,A7M
5/29/15,2015-05-29T09:00:00Z,38.3,-74.65,2.063,A7M
5/30/15,2015-05-30T09:00:00Z,38.3,-74.65,1.867,A7M
5/31/15,2015-05-31T09:00:00Z,38.3,-74.65,1.626,A7M
6/1/15,2015-06-01T09:00:00Z,38.3,-74.65,1.699,A7M
6/2/15,2015-06-02T09:00:00Z,38.3,-74.65,1.882,A7M
6/3/15,2015-06-03T09:00:00Z,38.3,-74.65,1.429,A7M
6/4/15,2015-06-04T09:00:00Z,38.3,-74.65,0.806,A7M
6/5/15,2015-06-05T09:00:00Z,38.3,-74.65,-1.059,A7M
6/6/15,2015-06-06T09:00:00Z,38.3,-74.65,-0.998,A7M
6/7/15,2015-06-07T09:00:00Z,38.3,-74.65,-1.174,A7M
6/8/15,2015-06-08T09:00:00Z,38.3,-74.65,-1.561,A7M
6/9/15,2015-06-09T09:00:00Z,38.3,-74.65,0.016,A7M
6/10/15,2015-06-10T09:00:00Z,38.3,-74.65,0.027,A7M
6/11/15,2015-06-11T09:00:00Z,38.3,-74.65,0.182,A7M
6/12/15,2015-06-12T09:00:00Z,38.3,-74.65,0.375,A7M
6/13/15,2015-06-13T09:00:00Z,38.3,-74.65,0.689,A7M
6/14/15,2015-06-14T09:00:00Z,38.3,-74.65,0.781,A7M
6/15/15,2015-06-15T09:00:00Z,38.3,-74.65,1.575,A7M
6/16/15,2015-06-16T09:00:00Z,38.3,-74.65,2.687,A7M
6/17/15,2015-06-17T09:00:00Z,38.3,-74.65,2.501,A7M
6/18/15,2015-06-18T09:00:00Z,38.3,-74.65,2.326,A7M
6/19/15,2015-06-19T09:00:00Z,38.3,-74.65,1.749,A7M
6/20/15,2015-06-20T09:00:00Z,38.3,-74.65,2.402,A7M
6/21/15,2015-06-21T09:00:00Z,38.3,-74.65,-0.424,A7M
6/22/15,2015-06-22T09:00:00Z,38.3,-74.65,0.942,A7M
6/23/15,2015-06-23T09:00:00Z,38.3,-74.65,1.289,A7M
6/24/15,2015-06-24T09:00:00Z,38.3,-74.65,1.04,A7M
6/25/15,2015-06-25T09:00:00Z,38.3,-74.65,0.696,A7M
6/26/15,2015-06-26T09:00:00Z,38.3,-74.65,0.379,A7M
6/27/15,2015-06-27T09:00:00Z,38.3,-74.65,0.314,A7M
6/28/15,2015-06-28T09:00:00Z,38.3,-74.65,0.322,A7M
6/29/15,2015-06-29T09:00:00Z,38.3,-74.65,0.111,A7M
6/30/15,2015-06-30T09:00:00Z,38.3,-74.65,-0.057,A7M
7/1/15,2015-07-01T09:00:00Z,38.3,-74.65,0.149,A7M
7/2/15,2015-07-02T09:00:00Z,38.3,-74.65,0.025,A7M
7/3/15,2015-07-03T09:00:00Z,38.3,-74.65,-0.03,A7M
7/4/15,2015-07-04T09:00:00Z,38.3,-74.65,0.048,A7M
7/5/15,2015-07-05T09:00:00Z,38.3,-74.65,1.245,A7M
7/6/15,2015-07-06T09:00:00Z,38.3,-74.65,1.046,A7M
7/7/15,2015-07-07T09:00:00Z,38.3,-74.65,0.971,A7M
7/8/15,2015-07-08T09:00:00Z,38.3,-74.65,0.739,A7M
7/9/15,2015-07-09T09:00:00Z,38.3,-74.65,0.689,A7M
7/10/15,2015-07-10T09:00:00Z,38.3,-74.65,0.806,A7M
7/11/15,2015-07-11T09:00:00Z,38.3,-74.65,0.751,A7M
7/12/15,2015-07-12T09:00:00Z,38.3,-74.65,0.659,A7M
7/13/15,2015-07-13T09:00:00Z,38.3,-74.65,0.424,A7M
7/14/15,2015-07-14T09:00:00Z,38.3,-74.65,0.878,A7M
7/15/15,2015-07-15T09:00:00Z,38.3,-74.65,0.801,A7M
7/16/15,2015-07-16T09:00:00Z,38.3,-74.65,0.443,A7M
7/17/15,2015-07-17T09:00:00Z,38.3,-74.65,-0.019,A7M
7/18/15,2015-07-18T09:00:00Z,38.3,-74.65,-0.356,A7M
7/19/15,2015-07-19T09:00:00Z,38.3,-74.65,-0.343,A7M
7/20/15,2015-07-20T09:00:00Z,38.3,-74.65,1.162,A7M
7/21/15,2015-07-21T09:00:00Z,38.3,-74.65,1.121,A7M
7/22/15,2015-07-22T09:00:00Z,38.3,-74.65,0.781,A7M
7/23/15,2015-07-23T09:00:00Z,38.3,-74.65,0.47,A7M
7/24/15,2015-07-24T09:00:00Z,38.3,-74.65,0.257,A7M
7/25/15,2015-07-25T09:00:00Z,38.3,-74.65,0.43,A7M
7/26/15,2015-07-26T09:00:00Z,38.3,-74.65,1.136,A7M
7/27/15,2015-07-27T09:00:00Z,38.3,-74.65,0.964,A7M
7/28/15,2015-07-28T09:00:00Z,38.3,-74.65,1.183,A7M
7/29/15,2015-07-29T09:00:00Z,38.3,-74.65,1.435,A7M
7/30/15,2015-07-30T09:00:00Z,38.3,-74.65,1.557,A7M
7/31/15,2015-07-31T09:00:00Z,38.3,-74.65,2.049,A7M
8/1/15,2015-08-01T09:00:00Z,38.3,-74.65,1.615,A7M
8/2/15,2015-08-02T09:00:00Z,38.3,-74.65,1.631,A7M
8/3/15,2015-08-03T09:00:00Z,38.3,-74.65,1.521,A7M
8/4/15,2015-08-04T09:00:00Z,38.3,-74.65,1.481,A7M
8/5/15,2015-08-05T09:00:00Z,38.3,-74.65,1.421,A7M
8/6/15,2015-08-06T09:00:00Z,38.3,-74.65,1.478,A7M
8/7/15,2015-08-07T09:00:00Z,38.3,-74.65,-0.083,A7M
8/8/15,2015-08-08T09:00:00Z,38.3,-74.65,-0.297,A7M
8/9/15,2015-08-09T09:00:00Z,38.3,-74.65,-0.584,A7M
8/10/15,2015-08-10T09:00:00Z,38.3,-74.65,-0.606,A7M
8/11/15,2015-08-11T09:00:00Z,38.3,-74.65,-0.498,A7M
8/12/15,2015-08-12T09:00:00Z,38.3,-74.65,-0.286,A7M
8/13/15,2015-08-13T09:00:00Z,38.3,-74.65,0.044,A7M
8/14/15,2015-08-14T09:00:00Z,38.3,-74.65,0.631,A7M
8/15/15,2015-08-15T09:00:00Z,38.3,-74.65,1.064,A7M
8/16/15,2015-08-16T09:00:00Z,38.3,-74.65,1.482,A7M
8/17/15,2015-08-17T09:00:00Z,38.3,-74.65,1.667,A7M
8/18/15,2015-08-18T09:00:00Z,38.3,-74.65,1.586,A7M
8/19/15,2015-08-19T09:00:00Z,38.3,-74.65,1.571,A7M
8/20/15,2015-08-20T09:00:00Z,38.3,-74.65,1.459,A7M
8/21/15,2015-08-21T09:00:00Z,38.3,-74.65,1.684,A7M
8/22/15,2015-08-22T09:00:00Z,38.3,-74.65,1.605,A7M
8/23/15,2015-08-23T09:00:00Z,38.3,-74.65,1.49,A7M
8/24/15,2015-08-24T09:00:00Z,38.3,-74.65,1.48,A7M
8/25/15,2015-08-25T09:00:00Z,38.3,-74.65,1.586,A7M
8/26/15,2015-08-26T09:00:00Z,38.3,-74.65,1.608,A7M
8/27/15,2015-08-27T09:00:00Z,38.3,-74.65,1.134,A7M
8/28/15,2015-08-28T09:00:00Z,38.3,-74.65,1.157,A7M
8/29/15,2015-08-29T09:00:00Z,38.3,-74.65,1.263,A7M
8/30/15,2015-08-30T09:00:00Z,38.3,-74.65,1.398,A7M
8/31/15,2015-08-31T09:00:00Z,38.3,-74.65,1.487,A7M
9/1/15,2015-09-01T09:00:00Z,38.3,-74.65,1.462,A7M
9/2/15,2015-09-02T09:00:00Z,38.3,-74.65,1.566,A7M
9/3/15,2015-09-03T09:00:00Z,38.3,-74.65,1.861,A7M
9/4/15,2015-09-04T09:00:00Z,38.3,-74.65,1.993,A7M
9/5/15,2015-09-05T09:00:00Z,38.3,-74.65,2.071,A7M
9/6/15,2015-09-06T09:00:00Z,38.3,-74.65,2.014,A7M
9/7/15,2015-09-07T09:00:00Z,38.3,-74.65,2.251,A7M
9/8/15,2015-09-08T09:00:00Z,38.3,-74.65,2.121,A7M
9/9/15,2015-09-09T09:00:00Z,38.3,-74.65,2.635,A7M
9/10/15,2015-09-10T09:00:00Z,38.3,-74.65,2.97,A7M
9/11/15,2015-09-11T09:00:00Z,38.3,-74.65,2.4,A7M
9/12/15,2015-09-12T09:00:00Z,38.3,-74.65,2.107,A7M
9/13/15,2015-09-13T09:00:00Z,38.3,-74.65,1.894,A7M
9/14/15,2015-09-14T09:00:00Z,38.3,-74.65,0.951,A7M
9/15/15,2015-09-15T09:00:00Z,38.3,-74.65,0.724,A7M
9/16/15,2015-09-16T09:00:00Z,38.3,-74.65,1.121,A7M
9/17/15,2015-09-17T09:00:00Z,38.3,-74.65,1.524,A7M
9/18/15,2015-09-18T09:00:00Z,38.3,-74.65,1.89,A7M
9/19/15,2015-09-19T09:00:00Z,38.3,-74.65,2.553,A7M
9/20/15,2015-09-20T09:00:00Z,38.3,-74.65,3.25,A7M
9/21/15,2015-09-21T09:00:00Z,38.3,-74.65,3.245,A7M
9/22/15,2015-09-22T09:00:00Z,38.3,-74.65,2.593,A7M
9/23/15,2015-09-23T09:00:00Z,38.3,-74.65,1.993,A7M
9/24/15,2015-09-24T09:00:00Z,38.3,-74.65,1.89,A7M
9/25/15,2015-09-25T09:00:00Z,38.3,-74.65,2.096,A7M
9/26/15,2015-09-26T09:00:00Z,38.3,-74.65,1.376,A7M
9/27/15,2015-09-27T09:00:00Z,38.3,-74.65,0.881,A7M
9/28/15,2015-09-28T09:00:00Z,38.3,-74.65,0.924,A7M
9/29/15,2015-09-29T09:00:00Z,38.3,-74.65,0.995,A7M
9/30/15,2015-09-30T09:00:00Z,38.3,-74.65,1.195,A7M
10/1/15,2015-10-01T09:00:00Z,38.3,-74.65,1.185,A7M
10/2/15,2015-10-02T09:00:00Z,38.3,-74.65,0.884,A7M
10/3/15,2015-10-03T09:00:00Z,38.3,-74.65,0.594,A7M
10/4/15,2015-10-04T09:00:00Z,38.3,-74.65,-0.239,A7M
10/5/15,2015-10-05T09:00:00Z,38.3,-74.65,-1.227,A7M
10/6/15,2015-10-06T09:00:00Z,38.3,-74.65,-1.446,A7M
10/7/15,2015-10-07T09:00:00Z,38.3,-74.65,-1.462,A7M
10/8/15,2015-10-08T09:00:00Z,38.3,-74.65,-1.229,A7M
10/9/15,2015-10-09T09:00:00Z,38.3,-74.65,-1.127,A7M
10/10/15,2015-10-10T09:00:00Z,38.3,-74.65,-1.41,A7M
10/11/15,2015-10-11T09:00:00Z,38.3,-74.65,-1.146,A7M
10/12/15,2015-10-12T09:00:00Z,38.3,-74.65,-0.833,A7M
10/13/15,2015-10-13T09:00:00Z,38.3,-74.65,-0.644,A7M
10/14/15,2015-10-14T09:00:00Z,38.3,-74.65,-0.238,A7M
10/15/15,2015-10-15T09:00:00Z,38.3,-74.65,-0.199,A7M
10/16/15,2015-10-16T09:00:00Z,38.3,-74.65,-0.356,A7M
10/17/15,2015-10-17T09:00:00Z,38.3,-74.65,-0.336,A7M
10/18/15,2015-10-18T09:00:00Z,38.3,-74.65,-0.17,A7M
10/19/15,2015-10-19T09:00:00Z,38.3,-74.65,-0.746,A7M
10/20/15,2015-10-20T09:00:00Z,38.3,-74.65,-0.619,A7M
10/21/15,2015-10-21T09:00:00Z,38.3,-74.65,-0.185,A7M
10/22/15,2015-10-22T09:00:00Z,38.3,-74.65,0.063,A7M
10/23/15,2015-10-23T09:00:00Z,38.3,-74.65,0.012,A7M
10/24/15,2015-10-24T09:00:00Z,38.3,-74.65,0.043,A7M
10/25/15,2015-10-25T09:00:00Z,38.3,-74.65,-0.034,A7M
10/26/15,2015-10-26T09:00:00Z,38.3,-74.65,-0.105,A7M
10/27/15,2015-10-27T09:00:00Z,38.3,-74.65,0.377,A7M
10/28/15,2015-10-28T09:00:00Z,38.3,-74.65,0.565,A7M
10/29/15,2015-10-29T09:00:00Z,38.3,-74.65,0.358,A7M
10/30/15,2015-10-30T09:00:00Z,38.3,-74.65,0.51,A7M
10/31/15,2015-10-31T09:00:00Z,38.3,-74.65,0.747,A7M
11/1/15,2015-11-01T09:00:00Z,38.3,-74.65,1.077,A7M
11/2/15,2015-11-02T09:00:00Z,38.3,-74.65,1.233,A7M
11/3/15,2015-11-03T09:00:00Z,38.3,-74.65,1.244,A7M
11/4/15,2015-11-04T09:00:00Z,38.3,-74.65,1.28,A7M
11/5/15,2015-11-05T09:00:00Z,38.3,-74.65,1.66,A7M
11/6/15,2015-11-06T09:00:00Z,38.3,-74.65,1.965,A7M
11/7/15,2015-11-07T09:00:00Z,38.3,-74.65,2.084,A7M
11/8/15,2015-11-08T09:00:00Z,38.3,-74.65,1.908,A7M
11/9/15,2015-11-09T09:00:00Z,38.3,-74.65,1.714,A7M
11/10/15,2015-11-10T09:00:00Z,38.3,-74.65,1.537,A7M
11/11/15,2015-11-11T09:00:00Z,38.3,-74.65,1.669,A7M
11/12/15,2015-11-12T09:00:00Z,38.3,-74.65,1.691,A7M
11/13/15,2015-11-13T09:00:00Z,38.3,-74.65,1.754,A7M
11/14/15,2015-11-14T09:00:00Z,38.3,-74.65,1.822,A7M
11/15/15,2015-11-15T09:00:00Z,38.3,-74.65,1.856,A7M
11/16/15,2015-11-16T09:00:00Z,38.3,-74.65,1.922,A7M
11/17/15,2015-11-17T09:00:00Z,38.3,-74.65,1.736,A7M
11/18/15,2015-11-18T09:00:00Z,38.3,-74.65,1.744,A7M
11/19/15,2015-11-19T09:00:00Z,38.3,-74.65,1.783,A7M
11/20/15,2015-11-20T09:00:00Z,38.3,-74.65,2.17,A7M
11/21/15,2015-11-21T09:00:00Z,38.3,-74.65,2.61,A7M
11/22/15,2015-11-22T09:00:00Z,38.3,-74.65,1.239,A7M
11/23/15,2015-11-23T09:00:00Z,38.3,-74.65,1.286,A7M
11/24/15,2015-11-24T09:00:00Z,38.3,-74.65,0.858,A7M
11/25/15,2015-11-25T09:00:00Z,38.3,-74.65,1.148,A7M
11/26/15,2015-11-26T09:00:00Z,38.3,-74.65,1.82,A7M
11/27/15,2015-11-27T09:00:00Z,38.3,-74.65,1.591,A7M
11/28/15,2015-11-28T09:00:00Z,38.3,-74.65,1.414,A7M
11/29/15,2015-11-29T09:00:00Z,38.3,-74.65,1.405,A7M
11/30/15,2015-11-30T09:00:00Z,38.3,-74.65,2.072,A7M
12/1/15,2015-12-01T09:00:00Z,38.3,-74.65,2.084,A7M
12/2/15,2015-12-02T09:00:00Z,38.3,-74.65,1.828,A7M
12/3/15,2015-12-03T09:00:00Z,38.3,-74.65,2.033,A7M
12/4/15,2015-12-04T09:00:00Z,38.3,-74.65,2.286,A7M
12/5/15,2015-12-05T09:00:00Z,38.3,-74.65,2.302,A7M
12/6/15,2015-12-06T09:00:00Z,38.3,-74.65,1.873,A7M
12/7/15,2015-12-07T09:00:00Z,38.3,-74.65,1.921,A7M
12/8/15,2015-12-08T09:00:00Z,38.3,-74.65,2.007,A7M
12/9/15,2015-12-09T09:00:00Z,38.3,-74.65,2.2,A7M
12/10/15,2015-12-10T09:00:00Z,38.3,-74.65,2.3,A7M
12/11/15,2015-12-11T09:00:00Z,38.3,-74.65,2.292,A7M
12/12/15,2015-12-12T09:00:00Z,38.3,-74.65,2.359,A7M
12/13/15,2015-12-13T09:00:00Z,38.3,-74.65,2.31,A7M
12/14/15,2015-12-14T09:00:00Z,38.3,-74.65,3.391,A7M
12/15/15,2015-12-15T09:00:00Z,38.3,-74.65,3.591,A7M
12/16/15,2015-12-16T09:00:00Z,38.3,-74.65,3.583,A7M
12/17/15,2015-12-17T09:00:00Z,38.3,-74.65,3.538,A7M
12/18/15,2015-12-18T09:00:00Z,38.3,-74.65,3.072,A7M
12/19/15,2015-12-19T09:00:00Z,38.3,-74.65,3.212,A7M
12/20/15,2015-12-20T09:00:00Z,38.3,-74.65,3.162,A7M
12/21/15,2015-12-21T09:00:00Z,38.3,-74.65,3.423,A7M
12/22/15,2015-12-22T09:00:00Z,38.3,-74.65,3.404,A7M
12/23/15,2015-12-23T09:00:00Z,38.3,-74.65,3.827,A7M
12/24/15,2015-12-24T09:00:00Z,38.3,-74.65,4.113,A7M
12/25/15,2015-12-25T09:00:00Z,38.3,-74.65,4.347,A7M
12/26/15,2015-12-26T09:00:00Z,38.3,-74.65,4.698,A7M
12/27/15,2015-12-27T09:00:00Z,38.3,-74.65,4.68,A7M
12/28/15,2015-12-28T09:00:00Z,38.3,-74.65,3.999,A7M
12/29/15,2015-12-29T09:00:00Z,38.3,-74.65,3.704,A7M
12/30/15,2015-12-30T09:00:00Z,38.3,-74.65,3.769,A7M
12/31/15,2015-12-31T09:00:00Z,38.3,-74.65,3.754,A7M
1/1/16,2016-01-01T09:00:00Z,38.3,-74.65,4.168,A7M
1/2/16,2016-01-02T09:00:00Z,38.3,-74.65,4.04,A7M
1/3/16,2016-01-03T09:00:00Z,38.3,-74.65,3.948,A7M
1/4/16,2016-01-04T09:00:00Z,38.3,-74.65,3.977,A7M
1/5/16,2016-01-05T09:00:00Z,38.3,-74.65,3.263,A7M
1/6/16,2016-01-06T09:00:00Z,38.3,-74.65,3.335,A7M
1/7/16,2016-01-07T09:00:00Z,38.3,-74.65,3.246,A7M
1/8/16,2016-01-08T09:00:00Z,38.3,-74.65,3.082,A7M
1/9/16,2016-01-09T09:00:00Z,38.3,-74.65,3.191,A7M
1/10/16,2016-01-10T09:00:00Z,38.3,-74.65,3.2,A7M
1/11/16,2016-01-11T09:00:00Z,38.3,-74.65,3.241,A7M
1/12/16,2016-01-12T09:00:00Z,38.3,-74.65,3.265,A7M
1/13/16,2016-01-13T09:00:00Z,38.3,-74.65,2.9,A7M
1/14/16,2016-01-14T09:00:00Z,38.3,-74.65,2.61,A7M
1/15/16,2016-01-15T09:00:00Z,38.3,-74.65,2.71,A7M
1/16/16,2016-01-16T09:00:00Z,38.3,-74.65,2.589,A7M
1/17/16,2016-01-17T09:00:00Z,38.3,-74.65,2.649,A7M
1/18/16,2016-01-18T09:00:00Z,38.3,-74.65,2.321,A7M
1/19/16,2016-01-19T09:00:00Z,38.3,-74.65,2.401,A7M
1/20/16,2016-01-20T09:00:00Z,38.3,-74.65,2.402,A7M
1/21/16,2016-01-21T09:00:00Z,38.3,-74.65,2.352,A7M
1/22/16,2016-01-22T09:00:00Z,38.3,-74.65,1.814,A7M
1/23/16,2016-01-23T09:00:00Z,38.3,-74.65,1.119,A7M
1/24/16,2016-01-24T09:00:00Z,38.3,-74.65,0.476,A7M
1/25/16,2016-01-25T09:00:00Z,38.3,-74.65,0.686,A7M
1/26/16,2016-01-26T09:00:00Z,38.3,-74.65,0.838,A7M
1/27/16,2016-01-27T09:00:00Z,38.3,-74.65,1.476,A7M
1/28/16,2016-01-28T09:00:00Z,38.3,-74.65,1.5,A7M
1/29/16,2016-01-29T09:00:00Z,38.3,-74.65,1.738,A7M
1/30/16,2016-01-30T09:00:00Z,38.3,-74.65,1.727,A7M
1/31/16,2016-01-31T09:00:00Z,38.3,-74.65,1.825,A7M
2/1/16,2016-02-01T09:00:00Z,38.3,-74.65,1.276,A7M
2/2/16,2016-02-02T09:00:00Z,38.3,-74.65,1.076,A7M
2/3/16,2016-02-03T09:00:00Z,38.3,-74.65,1.031,A7M
2/4/16,2016-02-04T09:00:00Z,38.3,-74.65,1.287,A7M
2/5/16,2016-02-05T09:00:00Z,38.3,-74.65,1.522,A7M
2/6/16,2016-02-06T09:00:00Z,38.3,-74.65,1.427,A7M
2/7/16,2016-02-07T09:00:00Z,38.3,-74.65,1.531,A7M
2/8/16,2016-02-08T09:00:00Z,38.3,-74.65,1.527,A7M
2/9/16,2016-02-09T09:00:00Z,38.3,-74.65,1.423,A7M
2/10/16,2016-02-10T09:00:00Z,38.3,-74.65,0.929,A7M
2/11/16,2016-02-11T09:00:00Z,38.3,-74.65,0.725,A7M
2/12/16,2016-02-12T09:00:00Z,38.3,-74.65,0.622,A7M
2/13/16,2016-02-13T09:00:00Z,38.3,-74.65,0.666,A7M
2/14/16,2016-02-14T09:00:00Z,38.3,-74.65,0.63,A7M
2/15/16,2016-02-15T09:00:00Z,38.3,-74.65,0.529,A7M
2/16/16,2016-02-16T09:00:00Z,38.3,-74.65,0.5,A7M
2/17/16,2016-02-17T09:00:00Z,38.3,-74.65,0.248,A7M
2/18/16,2016-02-18T09:00:00Z,38.3,-74.65,0.336,A7M
2/19/16,2016-02-19T09:00:00Z,38.3,-74.65,1.24,A7M
2/20/16,2016-02-20T09:00:00Z,38.3,-74.65,1.267,A7M
2/21/16,2016-02-21T09:00:00Z,38.3,-74.65,1.3,A7M
2/22/16,2016-02-22T09:00:00Z,38.3,-74.65,1.881,A7M
2/23/16,2016-02-23T09:00:00Z,38.3,-74.65,2.081,A7M
2/24/16,2016-02-24T09:00:00Z,38.3,-74.65,1.881,A7M
2/25/16,2016-02-25T09:00:00Z,38.3,-74.65,0.671,A7M
2/26/16,2016-02-26T09:00:00Z,38.3,-74.65,0.583,A7M
2/27/16,2016-02-27T09:00:00Z,38.3,-74.65,1.013,A7M
2/28/16,2016-02-28T09:00:00Z,38.3,-74.65,1.015,A7M
2/29/16,2016-02-29T09:00:00Z,38.3,-74.65,0.799,A7M
3/1/16,2016-03-01T09:00:00Z,38.3,-74.65,1.601,A7M
3/2/16,2016-03-02T09:00:00Z,38.3,-74.65,1.671,A7M
3/3/16,2016-03-03T09:00:00Z,38.3,-74.65,1.66,A7M
3/4/16,2016-03-04T09:00:00Z,38.3,-74.65,1.557,A7M
3/5/16,2016-03-05T09:00:00Z,38.3,-74.65,1.571,A7M
3/6/16,2016-03-06T09:00:00Z,38.3,-74.65,1.719,A7M
3/7/16,2016-03-07T09:00:00Z,38.3,-74.65,1.584,A7M
3/8/16,2016-03-08T09:00:00Z,38.3,-74.65,1.773,A7M
3/9/16,2016-03-09T09:00:00Z,38.3,-74.65,2.502,A7M
3/10/16,2016-03-10T09:00:00Z,38.3,-74.65,2.764,A7M
3/11/16,2016-03-11T09:00:00Z,38.3,-74.65,2.398,A7M
3/12/16,2016-03-12T09:00:00Z,38.3,-74.65,2.191,A7M
3/13/16,2016-03-13T09:00:00Z,38.3,-74.65,1.819,A7M
3/14/16,2016-03-14T09:00:00Z,38.3,-74.65,1.675,A7M
3/15/16,2016-03-15T09:00:00Z,38.3,-74.65,1.723,A7M
3/16/16,2016-03-16T09:00:00Z,38.3,-74.65,1.818,A7M
3/17/16,2016-03-17T09:00:00Z,38.3,-74.65,1.742,A7M
3/18/16,2016-03-18T09:00:00Z,38.3,-74.65,1.939,A7M
3/19/16,2016-03-19T09:00:00Z,38.3,-74.65,2.143,A7M
3/20/16,2016-03-20T09:00:00Z,38.3,-74.65,2.111,A7M
3/21/16,2016-03-21T09:00:00Z,38.3,-74.65,1.01,A7M
3/22/16,2016-03-22T09:00:00Z,38.3,-74.65,0.987,A7M
3/23/16,2016-03-23T09:00:00Z,38.3,-74.65,1.002,A7M
3/24/16,2016-03-24T09:00:00Z,38.3,-74.65,1.139,A7M
3/25/16,2016-03-25T09:00:00Z,38.3,-74.65,1.723,A7M
3/26/16,2016-03-26T09:00:00Z,38.3,-74.65,1.751,A7M
3/27/16,2016-03-27T09:00:00Z,38.3,-74.65,2.114,A7M
3/28/16,2016-03-28T09:00:00Z,38.3,-74.65,1.88,A7M
3/29/16,2016-03-29T09:00:00Z,38.3,-74.65,1.941,A7M
3/30/16,2016-03-30T09:00:00Z,38.3,-74.65,2.013,A7M
3/31/16,2016-03-31T09:00:00Z,38.3,-74.65,1.928,A7M
4/1/16,2016-04-01T09:00:00Z,38.3,-74.65,1.863,A7M
4/2/16,2016-04-02T09:00:00Z,38.3,-74.65,1.535,A7M
4/3/16,2016-04-03T09:00:00Z,38.3,-74.65,1.527,A7M
4/4/16,2016-04-04T09:00:00Z,38.3,-74.65,1.526,A7M
4/5/16,2016-04-05T09:00:00Z,38.3,-74.65,1.086,A7M
4/6/16,2016-04-06T09:00:00Z,38.3,-74.65,0.949,A7M
4/7/16,2016-04-07T09:00:00Z,38.3,-74.65,1.013,A7M
4/8/16,2016-04-08T09:00:00Z,38.3,-74.65,1.153,A7M
4/9/16,2016-04-09T09:00:00Z,38.3,-74.65,1.083,A7M
4/10/16,2016-04-10T09:00:00Z,38.3,-74.65,1.113,A7M
4/11/16,2016-04-11T09:00:00Z,38.3,-74.65,0.767,A7M
4/12/16,2016-04-12T09:00:00Z,38.3,-74.65,1.596,A7M
4/13/16,2016-04-13T09:00:00Z,38.3,-74.65,1.435,A7M
4/14/16,2016-04-14T09:00:00Z,38.3,-74.65,1.17,A7M
4/15/16,2016-04-15T09:00:00Z,38.3,-74.65,1.072,A7M
4/16/16,2016-04-16T09:00:00Z,38.3,-74.65,0.924,A7M
4/17/16,2016-04-17T09:00:00Z,38.3,-74.65,0.835,A7M
4/18/16,2016-04-18T09:00:00Z,38.3,-74.65,0.579,A7M
4/19/16,2016-04-19T09:00:00Z,38.3,-74.65,0.436,A7M
4/20/16,2016-04-20T09:00:00Z,38.3,-74.65,0.849,A7M
4/21/16,2016-04-21T09:00:00Z,38.3,-74.65,1.125,A7M
4/22/16,2016-04-22T09:00:00Z,38.3,-74.65,0.954,A7M
4/23/16,2016-04-23T09:00:00Z,38.3,-74.65,1.066,A7M
4/24/16,2016-04-24T09:00:00Z,38.3,-74.65,0.786,A7M
4/25/16,2016-04-25T09:00:00Z,38.3,-74.65,0.523,A7M
4/26/16,2016-04-26T09:00:00Z,38.3,-74.65,0.118,A7M
4/27/16,2016-04-27T09:00:00Z,38.3,-74.65,-0.2,A7M
4/28/16,2016-04-28T09:00:00Z,38.3,-74.65,0.385,A7M
4/29/16,2016-04-29T09:00:00Z,38.3,-74.65,0.118,A7M
4/30/16,2016-04-30T09:00:00Z,38.3,-74.65,0.12,A7M
5/1/16,2016-05-01T09:00:00Z,38.3,-74.65,-0.031,A7M
5/2/16,2016-05-02T09:00:00Z,38.3,-74.65,-0.565,A7M
5/3/16,2016-05-03T09:00:00Z,38.3,-74.65,-1.071,A7M
5/4/16,2016-05-04T09:00:00Z,38.3,-74.65,-1.178,A7M
5/5/16,2016-05-05T09:00:00Z,38.3,-74.65,-1.892,A7M
5/6/16,2016-05-06T09:00:00Z,38.3,-74.65,-1.611,A7M
5/7/16,2016-05-07T09:00:00Z,38.3,-74.65,-1.393,A7M
5/8/16,2016-05-08T09:00:00Z,38.3,-74.65,-0.577,A7M
5/9/16,2016-05-09T09:00:00Z,38.3,-74.65,-0.307,A7M
5/10/16,2016-05-10T09:00:00Z,38.3,-74.65,-0.846,A7M
5/11/16,2016-05-11T09:00:00Z,38.3,-74.65,-1.299,A7M
5/12/16,2016-05-12T09:00:00Z,38.3,-74.65,-1.197,A7M
5/13/16,2016-05-13T09:00:00Z,38.3,-74.65,-0.4,A7M
5/14/16,2016-05-14T09:00:00Z,38.3,-74.65,-0.491,A7M
5/15/16,2016-05-15T09:00:00Z,38.3,-74.65,-0.899,A7M
5/16/16,2016-05-16T09:00:00Z,38.3,-74.65,-1.048,A7M
5/17/16,2016-05-17T09:00:00Z,38.3,-74.65,-0.817,A7M
5/18/16,2016-05-18T09:00:00Z,38.3,-74.65,-1.183,A7M
5/19/16,2016-05-19T09:00:00Z,38.3,-74.65,-1.534,A7M
5/20/16,2016-05-20T09:00:00Z,38.3,-74.65,-1.414,A7M
5/21/16,2016-05-21T09:00:00Z,38.3,-74.65,-1.567,A7M
5/22/16,2016-05-22T09:00:00Z,38.3,-74.65,-2.341,A7M
5/23/16,2016-05-23T09:00:00Z,38.3,-74.65,-0.65,A7M
5/24/16,2016-05-24T09:00:00Z,38.3,-74.65,-1.107,A7M
5/25/16,2016-05-25T09:00:00Z,38.3,-74.65,-1.157,A7M
5/26/16,2016-05-26T09:00:00Z,38.3,-74.65,-0.3,A7M
5/27/16,2016-05-27T09:00:00Z,38.3,-74.65,0.094,A7M
5/28/16,2016-05-28T09:00:00Z,38.3,-74.65,-0.309,A7M
5/29/16,2016-05-29T09:00:00Z,38.3,-74.65,-0.711,A7M
5/30/16,2016-05-30T09:00:00Z,38.3,-74.65,-0.978,A7M
5/31/16,2016-05-31T09:00:00Z,38.3,-74.65,1.478,A7M
6/1/16,2016-06-01T09:00:00Z,38.3,-74.65,2.243,A7M
6/2/16,2016-06-02T09:00:00Z,38.3,-74.65,2.253,A7M
6/3/16,2016-06-03T09:00:00Z,38.3,-74.65,2.017,A7M
6/4/16,2016-06-04T09:00:00Z,38.3,-74.65,1.516,A7M
6/5/16,2016-06-05T09:00:00Z,38.3,-74.65,1.386,A7M
6/6/16,2016-06-06T09:00:00Z,38.3,-74.65,1.904,A7M
6/7/16,2016-06-07T09:00:00Z,38.3,-74.65,1.481,A7M
6/8/16,2016-06-08T09:00:00Z,38.3,-74.65,0.899,A7M
6/9/16,2016-06-09T09:00:00Z,38.3,-74.65,0.36,A7M
6/10/16,2016-06-10T09:00:00Z,38.3,-74.65,-0.387,A7M
6/11/16,2016-06-11T09:00:00Z,38.3,-74.65,-0.939,A7M
6/12/16,2016-06-12T09:00:00Z,38.3,-74.65,-0.49,A7M
6/13/16,2016-06-13T09:00:00Z,38.3,-74.65,-0.381,A7M
6/14/16,2016-06-14T09:00:00Z,38.3,-74.65,-0.164,A7M
6/15/16,2016-06-15T09:00:00Z,38.3,-74.65,-0.429,A7M
6/16/16,2016-06-16T09:00:00Z,38.3,-74.65,-0.733,A7M
6/17/16,2016-06-17T09:00:00Z,38.3,-74.65,-1.499,A7M
6/18/16,2016-06-18T09:00:00Z,38.3,-74.65,-1.832,A7M
6/19/16,2016-06-19T09:00:00Z,38.3,-74.65,-1.902,A7M
6/20/16,2016-06-20T09:00:00Z,38.3,-74.65,-1.241,A7M
6/21/16,2016-06-21T09:00:00Z,38.3,-74.65,-0.741,A7M
6/22/16,2016-06-22T09:00:00Z,38.3,-74.65,-0.544,A7M
6/23/16,2016-06-23T09:00:00Z,38.3,-74.65,-0.665,A7M
6/24/16,2016-06-24T09:00:00Z,38.3,-74.65,-0.988,A7M
6/25/16,2016-06-25T09:00:00Z,38.3,-74.65,-1.113,A7M
6/26/16,2016-06-26T09:00:00Z,38.3,-74.65,-1.038,A7M
6/27/16,2016-06-27T09:00:00Z,38.3,-74.65,-1.043,A7M
6/28/16,2016-06-28T09:00:00Z,38.3,-74.65,-0.566,A7M
6/29/16,2016-06-29T09:00:00Z,38.3,-74.65,0.091,A7M
6/30/16,2016-06-30T09:00:00Z,38.3,-74.65,0.317,A7M
7/1/16,2016-07-01T09:00:00Z,38.3,-74.65,0.22,A7M
7/2/16,2016-07-02T09:00:00Z,38.3,-74.65,0.232,A7M
7/3/16,2016-07-03T09:00:00Z,38.3,-74.65,0.214,A7M
7/4/16,2016-07-04T09:00:00Z,38.3,-74.65,-0.3,A7M
7/5/16,2016-07-05T09:00:00Z,38.3,-74.65,0.558,A7M
7/6/16,2016-07-06T09:00:00Z,38.3,-74.65,1.071,A7M
7/7/16,2016-07-07T09:00:00Z,38.3,-74.65,1.678,A7M
7/8/16,2016-07-08T09:00:00Z,38.3,-74.65,1.732,A7M
7/9/16,2016-07-09T09:00:00Z,38.3,-74.65,1.919,A7M
7/10/16,2016-07-10T09:00:00Z,38.3,-74.65,1.853,A7M
7/11/16,2016-07-11T09:00:00Z,38.3,-74.65,1.61,A7M
7/12/16,2016-07-12T09:00:00Z,38.3,-74.65,1.073,A7M
7/13/16,2016-07-13T09:00:00Z,38.3,-74.65,1.2,A7M
7/14/16,2016-07-14T09:00:00Z,38.3,-74.65,0.969,A7M
7/15/16,2016-07-15T09:00:00Z,38.3,-74.65,1.016,A7M
7/16/16,2016-07-16T09:00:00Z,38.3,-74.65,1.903,A7M
7/25/16,2016-07-25T09:00:00Z,38.3,-74.65,0.419,A7M
7/26/16,2016-07-26T09:00:00Z,38.3,-74.65,1.837,A7M
7/27/16,2016-07-27T09:00:00Z,38.3,-74.65,2.794,A7M
7/28/16,2016-07-28T09:00:00Z,38.3,-74.65,2.98,A7M
7/29/16,2016-07-29T09:00:00Z,38.3,-74.65,3.366,A7M
7/30/16,2016-07-30T09:00:00Z,38.3,-74.65,3.198,A7M
7/31/16,2016-07-31T09:00:00Z,38.3,-74.65,2.75,A7M
8/1/16,2016-08-01T09:00:00Z,38.3,-74.65,2.302,A7M
8/2/16,2016-08-02T09:00:00Z,38.3,-74.65,2.029,A7M
8/3/16,2016-08-03T09:00:00Z,38.3,-74.65,1.611,A7M
8/4/16,2016-08-04T09:00:00Z,38.3,-74.65,1.635,A7M
8/5/16,2016-08-05T09:00:00Z,38.3,-74.65,1.631,A7M
8/6/16,2016-08-06T09:00:00Z,38.3,-74.65,1.605,A7M
8/7/16,2016-08-07T09:00:00Z,38.3,-74.65,1.672,A7M
8/8/16,2016-08-08T09:00:00Z,38.3,-74.65,1.34,A7M
8/9/16,2016-08-09T09:00:00Z,38.3,-74.65,1.071,A7M
8/10/16,2016-08-10T09:00:00Z,38.3,-74.65,1.165,A7M
8/11/16,2016-08-11T09:00:00Z,38.3,-74.65,2.297,A7M
8/12/16,2016-08-12T09:00:00Z,38.3,-74.65,2.463,A7M
8/13/16,2016-08-13T09:00:00Z,38.3,-74.65,2.154,A7M
8/14/16,2016-08-14T09:00:00Z,38.3,-74.65,2.275,A7M
8/15/16,2016-08-15T09:00:00Z,38.3,-74.65,2.881,A7M
8/16/16,2016-08-16T09:00:00Z,38.3,-74.65,3.246,A7M
8/17/16,2016-08-17T09:00:00Z,38.3,-74.65,3.074,A7M
8/18/16,2016-08-18T09:00:00Z,38.3,-74.65,3.073,A7M
8/19/16,2016-08-19T09:00:00Z,38.3,-74.65,3.205,A7M
8/20/16,2016-08-20T09:00:00Z,38.3,-74.65,3.515,A7M
8/21/16,2016-08-21T09:00:00Z,38.3,-74.65,3.352,A7M
8/22/16,2016-08-22T09:00:00Z,38.3,-74.65,3.105,A7M
8/23/16,2016-08-23T09:00:00Z,38.3,-74.65,2.909,A7M
8/24/16,2016-08-24T09:00:00Z,38.3,-74.65,2.62,A7M
8/25/16,2016-08-25T09:00:00Z,38.3,-74.65,2.512,A7M
8/26/16,2016-08-26T09:00:00Z,38.3,-74.65,1.966,A7M
8/27/16,2016-08-27T09:00:00Z,38.3,-74.65,2.111,A7M
8/28/16,2016-08-28T09:00:00Z,38.3,-74.65,2.398,A7M
8/29/16,2016-08-29T09:00:00Z,38.3,-74.65,2.139,A7M
8/30/16,2016-08-30T09:00:00Z,38.3,-74.65,1.958,A7M
8/31/16,2016-08-31T09:00:00Z,38.3,-74.65,2.607,A7M
9/1/16,2016-09-01T09:00:00Z,38.3,-74.65,1.719,A7M
9/2/16,2016-09-02T09:00:00Z,38.3,-74.65,1.771,A7M
9/3/16,2016-09-03T09:00:00Z,38.3,-74.65,1.759,A7M
9/4/16,2016-09-04T09:00:00Z,38.3,-74.65,0.184,A7M
9/5/16,2016-09-05T09:00:00Z,38.3,-74.65,-0.252,A7M
9/6/16,2016-09-06T09:00:00Z,38.3,-74.65,0.079,A7M
9/7/16,2016-09-07T09:00:00Z,38.3,-74.65,0.091,A7M
9/8/16,2016-09-08T09:00:00Z,38.3,-74.65,0.618,A7M
9/9/16,2016-09-09T09:00:00Z,38.3,-74.65,0.966,A7M
9/10/16,2016-09-10T09:00:00Z,38.3,-74.65,1.378,A7M
9/11/16,2016-09-11T09:00:00Z,38.3,-74.65,1.276,A7M
9/12/16,2016-09-12T09:00:00Z,38.3,-74.65,0.708,A7M
9/13/16,2016-09-13T09:00:00Z,38.3,-74.65,0.763,A7M
9/14/16,2016-09-14T09:00:00Z,38.3,-74.65,1.051,A7M
9/15/16,2016-09-15T09:00:00Z,38.3,-74.65,1.518,A7M
9/16/16,2016-09-16T09:00:00Z,38.3,-74.65,1.066,A7M
9/17/16,2016-09-17T09:00:00Z,38.3,-74.65,0.827,A7M
9/18/16,2016-09-18T09:00:00Z,38.3,-74.65,1.376,A7M
9/19/16,2016-09-19T09:00:00Z,38.3,-74.65,2.361,A7M
9/20/16,2016-09-20T09:00:00Z,38.3,-74.65,2.516,A7M
9/21/16,2016-09-21T09:00:00Z,38.3,-74.65,2.12,A7M
9/22/16,2016-09-22T09:00:00Z,38.3,-74.65,1.317,A7M
9/23/16,2016-09-23T09:00:00Z,38.3,-74.65,1.234,A7M
9/24/16,2016-09-24T09:00:00Z,38.3,-74.65,1.452,A7M
9/25/16,2016-09-25T09:00:00Z,38.3,-74.65,1.649,A7M
9/26/16,2016-09-26T09:00:00Z,38.3,-74.65,0.556,A7M
9/27/16,2016-09-27T09:00:00Z,38.3,-74.65,0.306,A7M
9/28/16,2016-09-28T09:00:00Z,38.3,-74.65,0.623,A7M
9/29/16,2016-09-29T09:00:00Z,38.3,-74.65,1.074,A7M
9/30/16,2016-09-30T09:00:00Z,38.3,-74.65,0.764,A7M
10/1/16,2016-10-01T09:00:00Z,38.3,-74.65,0.147,A7M
10/2/16,2016-10-02T09:00:00Z,38.3,-74.65,0.649,A7M
10/3/16,2016-10-03T09:00:00Z,38.3,-74.65,0.507,A7M
10/4/16,2016-10-04T09:00:00Z,38.3,-74.65,0.345,A7M
10/5/16,2016-10-05T09:00:00Z,38.3,-74.65,-0.445,A7M
10/6/16,2016-10-06T09:00:00Z,38.3,-74.65,-0.513,A7M
10/7/16,2016-10-07T09:00:00Z,38.3,-74.65,-0.118,A7M
10/8/16,2016-10-08T09:00:00Z,38.3,-74.65,-0.035,A7M
10/9/16,2016-10-09T09:00:00Z,38.3,-74.65,-0.574,A7M
10/10/16,2016-10-10T09:00:00Z,38.3,-74.65,-0.36,A7M
10/11/16,2016-10-11T09:00:00Z,38.3,-74.65,-0.401,A7M
10/12/16,2016-10-12T09:00:00Z,38.3,-74.65,-0.474,A7M
10/13/16,2016-10-13T09:00:00Z,38.3,-74.65,-0.631,A7M
10/14/16,2016-10-14T09:00:00Z,38.3,-74.65,-0.525,A7M
10/15/16,2016-10-15T09:00:00Z,38.3,-74.65,-0.443,A7M
10/16/16,2016-10-16T09:00:00Z,38.3,-74.65,-0.276,A7M
10/17/16,2016-10-17T09:00:00Z,38.3,-74.65,0.034,A7M
10/18/16,2016-10-18T09:00:00Z,38.3,-74.65,0.707,A7M
10/19/16,2016-10-19T09:00:00Z,38.3,-74.65,1.096,A7M
10/20/16,2016-10-20T09:00:00Z,38.3,-74.65,1.772,A7M
10/21/16,2016-10-21T09:00:00Z,38.3,-74.65,2.155,A7M
10/22/16,2016-10-22T09:00:00Z,38.3,-74.65,1.055,A7M
10/23/16,2016-10-23T09:00:00Z,38.3,-74.65,0.959,A7M
10/24/16,2016-10-24T09:00:00Z,38.3,-74.65,0.743,A7M
10/25/16,2016-10-25T09:00:00Z,38.3,-74.65,0.608,A7M
10/26/16,2016-10-26T09:00:00Z,38.3,-74.65,0.537,A7M
10/27/16,2016-10-27T09:00:00Z,38.3,-74.65,0.674,A7M
10/28/16,2016-10-28T09:00:00Z,38.3,-74.65,-0.264,A7M
10/29/16,2016-10-29T09:00:00Z,38.3,-74.65,-0.224,A7M
10/30/16,2016-10-30T09:00:00Z,38.3,-74.65,0.379,A7M
10/31/16,2016-10-31T09:00:00Z,38.3,-74.65,0.828,A7M
11/1/16,2016-11-01T09:00:00Z,38.3,-74.65,0.328,A7M
11/2/16,2016-11-02T09:00:00Z,38.3,-74.65,0.362,A7M
11/3/16,2016-11-03T09:00:00Z,38.3,-74.65,0.501,A7M
11/4/16,2016-11-04T09:00:00Z,38.3,-74.65,1.138,A7M
11/5/16,2016-11-05T09:00:00Z,38.3,-74.65,1.363,A7M
11/6/16,2016-11-06T09:00:00Z,38.3,-74.65,1.55,A7M
11/7/16,2016-11-07T09:00:00Z,38.3,-74.65,1.305,A7M
11/8/16,2016-11-08T09:00:00Z,38.3,-74.65,1.359,A7M
11/9/16,2016-11-09T09:00:00Z,38.3,-74.65,1.411,A7M
11/10/16,2016-11-10T09:00:00Z,38.3,-74.65,1.28,A7M
11/11/16,2016-11-11T09:00:00Z,38.3,-74.65,1.264,A7M
11/12/16,2016-11-12T09:00:00Z,38.3,-74.65,1.166,A7M
11/13/16,2016-11-13T09:00:00Z,38.3,-74.65,1.115,A7M
11/14/16,2016-11-14T09:00:00Z,38.3,-74.65,1.298,A7M
11/15/16,2016-11-15T09:00:00Z,38.3,-74.65,1.266,A7M
11/16/16,2016-11-16T09:00:00Z,38.3,-74.65,1.222,A7M
11/17/16,2016-11-17T09:00:00Z,38.3,-74.65,1.103,A7M
11/18/16,2016-11-18T09:00:00Z,38.3,-74.65,1.378,A7M
11/19/16,2016-11-19T09:00:00Z,38.3,-74.65,1.568,A7M
11/20/16,2016-11-20T09:00:00Z,38.3,-74.65,1.537,A7M
11/21/16,2016-11-21T09:00:00Z,38.3,-74.65,0.915,A7M
11/22/16,2016-11-22T09:00:00Z,38.3,-74.65,0.737,A7M
11/23/16,2016-11-23T09:00:00Z,38.3,-74.65,0.779,A7M
11/24/16,2016-11-24T09:00:00Z,38.3,-74.65,0.406,A7M
11/25/16,2016-11-25T09:00:00Z,38.3,-74.65,0.531,A7M
11/26/16,2016-11-26T09:00:00Z,38.3,-74.65,0.724,A7M
11/27/16,2016-11-27T09:00:00Z,38.3,-74.65,0.729,A7M
11/28/16,2016-11-28T09:00:00Z,38.3,-74.65,0.753,A7M
11/29/16,2016-11-29T09:00:00Z,38.3,-74.65,0.539,A7M
11/30/16,2016-11-30T09:00:00Z,38.3,-74.65,0.752,A7M
12/1/16,2016-12-01T09:00:00Z,38.3,-74.65,0.884,A7M
12/2/16,2016-12-02T09:00:00Z,38.3,-74.65,1.169,A7M
12/3/16,2016-12-03T09:00:00Z,38.3,-74.65,1.523,A7M
12/4/16,2016-12-04T09:00:00Z,38.3,-74.65,1.519,A7M
12/5/16,2016-12-05T09:00:00Z,38.3,-74.65,1.304,A7M
12/6/16,2016-12-06T09:00:00Z,38.3,-74.65,0.641,A7M
12/7/16,2016-12-07T09:00:00Z,38.3,-74.65,-0.482,A7M
12/8/16,2016-12-08T09:00:00Z,38.3,-74.65,-0.168,A7M
12/9/16,2016-12-09T09:00:00Z,38.3,-74.65,0.762,A7M
12/10/16,2016-12-10T09:00:00Z,38.3,-74.65,1.295,A7M
12/11/16,2016-12-11T09:00:00Z,38.3,-74.65,1.456,A7M
12/12/16,2016-12-12T09:00:00Z,38.3,-74.65,1.295,A7M
12/13/16,2016-12-13T09:00:00Z,38.3,-74.65,0.902,A7M
12/14/16,2016-12-14T09:00:00Z,38.3,-74.65,0.409,A7M
12/15/16,2016-12-15T09:00:00Z,38.3,-74.65,0.76,A7M
12/16/16,2016-12-16T09:00:00Z,38.3,-74.65,0.937,A7M
12/17/16,2016-12-17T09:00:00Z,38.3,-74.65,0.879,A7M
12/18/16,2016-12-18T09:00:00Z,38.3,-74.65,0.749,A7M
12/19/16,2016-12-19T09:00:00Z,38.3,-74.65,0.475,A7M
12/20/16,2016-12-20T09:00:00Z,38.3,-74.65,0.542,A7M
12/21/16,2016-12-21T09:00:00Z,38.3,-74.65,0.809,A7M
12/22/16,2016-12-22T09:00:00Z,38.3,-74.65,0.589,A7M
12/23/16,2016-12-23T09:00:00Z,38.3,-74.65,0.686,A7M
12/24/16,2016-12-24T09:00:00Z,38.3,-74.65,0.774,A7M
12/25/16,2016-12-25T09:00:00Z,38.3,-74.65,0.706,A7M
12/26/16,2016-12-26T09:00:00Z,38.3,-74.65,0.866,A7M
12/27/16,2016-12-27T09:00:00Z,38.3,-74.65,0.454,A7M
12/28/16,2016-12-28T09:00:00Z,38.3,-74.65,0.471,A7M
12/29/16,2016-12-29T09:00:00Z,38.3,-74.65,0.509,A7M
12/30/16,2016-12-30T09:00:00Z,38.3,-74.65,0.638,A7M
12/31/16,2016-12-31T09:00:00Z,38.3,-74.65,0.502,A7M
1/1/17,2017-01-01T09:00:00Z,38.3,-74.65,0.72,A7M
1/2/17,2017-01-02T09:00:00Z,38.3,-74.65,1.068,A7M
1/3/17,2017-01-03T09:00:00Z,38.3,-74.65,1.315,A7M
1/4/17,2017-01-04T09:00:00Z,38.3,-74.65,1.296,A7M
1/5/17,2017-01-05T09:00:00Z,38.3,-74.65,1.218,A7M
1/6/17,2017-01-06T09:00:00Z,38.3,-74.65,0.881,A7M
1/7/17,2017-01-07T09:00:00Z,38.3,-74.65,0.534,A7M
1/8/17,2017-01-08T09:00:00Z,38.3,-74.65,-0.683,A7M
1/9/17,2017-01-09T09:00:00Z,38.3,-74.65,-0.238,A7M
1/10/17,2017-01-10T09:00:00Z,38.3,-74.65,-0.015,A7M
1/11/17,2017-01-11T09:00:00Z,38.3,-74.65,0.015,A7M
1/12/17,2017-01-12T09:00:00Z,38.3,-74.65,0.339,A7M
1/13/17,2017-01-13T09:00:00Z,38.3,-74.65,0.567,A7M
1/14/17,2017-01-14T09:00:00Z,38.3,-74.65,0.48,A7M
1/15/17,2017-01-15T09:00:00Z,38.3,-74.65,1.265,A7M
1/16/17,2017-01-16T09:00:00Z,38.3,-74.65,1.676,A7M
1/17/17,2017-01-17T09:00:00Z,38.3,-74.65,0.974,A7M
1/18/17,2017-01-18T09:00:00Z,38.3,-74.65,1.07,A7M
1/19/17,2017-01-19T09:00:00Z,38.3,-74.65,1.448,A7M
1/20/17,2017-01-20T09:00:00Z,38.3,-74.65,1.444,A7M
1/21/17,2017-01-21T09:00:00Z,38.3,-74.65,1.544,A7M
1/22/17,2017-01-22T09:00:00Z,38.3,-74.65,2.369,A7M
1/23/17,2017-01-23T09:00:00Z,38.3,-74.65,2.429,A7M
1/24/17,2017-01-24T09:00:00Z,38.3,-74.65,0.888,A7M
1/25/17,2017-01-25T09:00:00Z,38.3,-74.65,0.591,A7M
1/26/17,2017-01-26T09:00:00Z,38.3,-74.65,1.396,A7M
1/27/17,2017-01-27T09:00:00Z,38.3,-74.65,1.609,A7M
1/28/17,2017-01-28T09:00:00Z,38.3,-74.65,1.611,A7M
1/29/17,2017-01-29T09:00:00Z,38.3,-74.65,1.384,A7M
1/30/17,2017-01-30T09:00:00Z,38.3,-74.65,1.022,A7M
1/31/17,2017-01-31T09:00:00Z,38.3,-74.65,1.15,A7M
2/1/17,2017-02-01T09:00:00Z,38.3,-74.65,1.176,A7M
2/2/17,2017-02-02T09:00:00Z,38.3,-74.65,0.889,A7M
2/3/17,2017-02-03T09:00:00Z,38.3,-74.65,0.729,A7M
2/4/17,2017-02-04T09:00:00Z,38.3,-74.65,0.785,A7M
2/5/17,2017-02-05T09:00:00Z,38.3,-74.65,0.817,A7M
2/6/17,2017-02-06T09:00:00Z,38.3,-74.65,0.941,A7M
2/7/17,2017-02-07T09:00:00Z,38.3,-74.65,0.931,A7M
2/8/17,2017-02-08T09:00:00Z,38.3,-74.65,1.006,A7M
2/9/17,2017-02-09T09:00:00Z,38.3,-74.65,1.256,A7M
2/10/17,2017-02-10T09:00:00Z,38.3,-74.65,1.249,A7M
2/11/17,2017-02-11T09:00:00Z,38.3,-74.65,1.97,A7M
2/12/17,2017-02-12T09:00:00Z,38.3,-74.65,1.799,A7M
2/13/17,2017-02-13T09:00:00Z,38.3,-74.65,1.784,A7M
2/14/17,2017-02-14T09:00:00Z,38.3,-74.65,1.36,A7M
2/15/17,2017-02-15T09:00:00Z,38.3,-74.65,1.2,A7M
2/16/17,2017-02-16T09:00:00Z,38.3,-74.65,1.365,A7M
2/17/17,2017-02-17T09:00:00Z,38.3,-74.65,1.251,A7M
2/18/17,2017-02-18T09:00:00Z,38.3,-74.65,1.323,A7M
2/19/17,2017-02-19T09:00:00Z,38.3,-74.65,1.357,A7M
2/20/17,2017-02-20T09:00:00Z,38.3,-74.65,1.737,A7M
2/21/17,2017-02-21T09:00:00Z,38.3,-74.65,1.988,A7M
2/22/17,2017-02-22T09:00:00Z,38.3,-74.65,1.764,A7M
2/23/17,2017-02-23T09:00:00Z,38.3,-74.65,1.329,A7M
2/24/17,2017-02-24T09:00:00Z,38.3,-74.65,1.989,A7M
2/25/17,2017-02-25T09:00:00Z,38.3,-74.65,2.098,A7M
2/26/17,2017-02-26T09:00:00Z,38.3,-74.65,2.027,A7M
2/27/17,2017-02-27T09:00:00Z,38.3,-74.65,2.185,A7M
2/28/17,2017-02-28T09:00:00Z,38.3,-74.65,2.193,A7M
3/1/17,2017-03-01T09:00:00Z,38.3,-74.65,1.909,A7M
3/2/17,2017-03-02T09:00:00Z,38.3,-74.65,2.569,A7M
3/3/17,2017-03-03T09:00:00Z,38.3,-74.65,2.416,A7M
3/4/17,2017-03-04T09:00:00Z,38.3,-74.65,2.281,A7M
3/5/17,2017-03-05T09:00:00Z,38.3,-74.65,2.086,A7M
3/6/17,2017-03-06T09:00:00Z,38.3,-74.65,1.968,A7M
3/7/17,2017-03-07T09:00:00Z,38.3,-74.65,1.953,A7M
3/8/17,2017-03-08T09:00:00Z,38.3,-74.65,2.319,A7M
3/9/17,2017-03-09T09:00:00Z,38.3,-74.65,2.36,A7M
3/10/17,2017-03-10T09:00:00Z,38.3,-74.65,1.896,A7M
3/11/17,2017-03-11T09:00:00Z,38.3,-74.65,1.64,A7M
3/12/17,2017-03-12T09:00:00Z,38.3,-74.65,1.365,A7M
3/13/17,2017-03-13T09:00:00Z,38.3,-74.65,1.101,A7M
3/14/17,2017-03-14T09:00:00Z,38.3,-74.65,0.456,A7M
3/15/17,2017-03-15T09:00:00Z,38.3,-74.65,0.518,A7M
3/16/17,2017-03-16T09:00:00Z,38.3,-74.65,0.498,A7M
3/17/17,2017-03-17T09:00:00Z,38.3,-74.65,0.383,A7M
3/18/17,2017-03-18T09:00:00Z,38.3,-74.65,0.355,A7M
3/19/17,2017-03-19T09:00:00Z,38.3,-74.65,0.476,A7M
3/20/17,2017-03-20T09:00:00Z,38.3,-74.65,0.468,A7M
3/21/17,2017-03-21T09:00:00Z,38.3,-74.65,0.451,A7M
3/22/17,2017-03-22T09:00:00Z,38.3,-74.65,0.24,A7M
3/23/17,2017-03-23T09:00:00Z,38.3,-74.65,-0.043,A7M
3/24/17,2017-03-24T09:00:00Z,38.3,-74.65,-0.419,A7M
3/25/17,2017-03-25T09:00:00Z,38.3,-74.65,-0.326,A7M
3/26/17,2017-03-26T09:00:00Z,38.3,-74.65,-0.285,A7M
3/27/17,2017-03-27T09:00:00Z,38.3,-74.65,0.18,A7M
3/28/17,2017-03-28T09:00:00Z,38.3,-74.65,0.648,A7M
3/29/17,2017-03-29T09:00:00Z,38.3,-74.65,0.441,A7M
3/30/17,2017-03-30T09:00:00Z,38.3,-74.65,0.503,A7M
3/31/17,2017-03-31T09:00:00Z,38.3,-74.65,0.331,A7M
4/1/17,2017-04-01T09:00:00Z,38.3,-74.65,-0.103,A7M
4/2/17,2017-04-02T09:00:00Z,38.3,-74.65,-0.294,A7M
4/3/17,2017-04-03T09:00:00Z,38.3,-74.65,-0.619,A7M
4/4/17,2017-04-04T09:00:00Z,38.3,-74.65,-0.858,A7M
4/5/17,2017-04-05T09:00:00Z,38.3,-74.65,-0.085,A7M
4/6/17,2017-04-06T09:00:00Z,38.3,-74.65,-0.397,A7M
4/7/17,2017-04-07T09:00:00Z,38.3,-74.65,-0.424,A7M
4/8/17,2017-04-08T09:00:00Z,38.3,-74.65,-0.081,A7M
4/9/17,2017-04-09T09:00:00Z,38.3,-74.65,0.001,A7M
4/10/17,2017-04-10T09:00:00Z,38.3,-74.65,-0.135,A7M
4/11/17,2017-04-11T09:00:00Z,38.3,-74.65,-0.043,A7M
4/12/17,2017-04-12T09:00:00Z,38.3,-74.65,1.193,A7M
4/13/17,2017-04-13T09:00:00Z,38.3,-74.65,1.623,A7M
4/14/17,2017-04-14T09:00:00Z,38.3,-74.65,1.722,A7M
4/15/17,2017-04-15T09:00:00Z,38.3,-74.65,1.633,A7M
4/16/17,2017-04-16T09:00:00Z,38.3,-74.65,1.447,A7M
4/17/17,2017-04-17T09:00:00Z,38.3,-74.65,1.654,A7M
4/18/17,2017-04-18T09:00:00Z,38.3,-74.65,1.875,A7M
4/19/17,2017-04-19T09:00:00Z,38.3,-74.65,1.636,A7M
4/20/17,2017-04-20T09:00:00Z,38.3,-74.65,1.384,A7M
4/21/17,2017-04-21T09:00:00Z,38.3,-74.65,1.221,A7M
4/22/17,2017-04-22T09:00:00Z,38.3,-74.65,2.466,A7M
4/23/17,2017-04-23T09:00:00Z,38.3,-74.65,2.14,A7M
4/24/17,2017-04-24T09:00:00Z,38.3,-74.65,1.836,A7M
4/25/17,2017-04-25T09:00:00Z,38.3,-74.65,1.561,A7M
4/26/17,2017-04-26T09:00:00Z,38.3,-74.65,1.04,A7M
4/27/17,2017-04-27T09:00:00Z,38.3,-74.65,1.053,A7M
4/28/17,2017-04-28T09:00:00Z,38.3,-74.65,1.656,A7M
4/29/17,2017-04-29T09:00:00Z,38.3,-74.65,2.645,A7M
4/30/17,2017-04-30T09:00:00Z,38.3,-74.65,3.009,A7M
5/1/17,2017-05-01T09:00:00Z,38.3,-74.65,2.39,A7M
5/2/17,2017-05-02T09:00:00Z,38.3,-74.65,2.385,A7M
5/3/17,2017-05-03T09:00:00Z,38.3,-74.65,2.112,A7M
5/4/17,2017-05-04T09:00:00Z,38.3,-74.65,1.907,A7M
5/5/17,2017-05-05T09:00:00Z,38.3,-74.65,1.897,A7M
5/6/17,2017-05-06T09:00:00Z,38.3,-74.65,1.679,A7M
5/7/17,2017-05-07T09:00:00Z,38.3,-74.65,1.73,A7M
5/8/17,2017-05-08T09:00:00Z,38.3,-74.65,1.571,A7M
5/9/17,2017-05-09T09:00:00Z,38.3,-74.65,1.476,A7M
5/10/17,2017-05-10T09:00:00Z,38.3,-74.65,1.391,A7M
5/11/17,2017-05-11T09:00:00Z,38.3,-74.65,0.864,A7M
5/12/17,2017-05-12T09:00:00Z,38.3,-74.65,-0.123,A7M
5/13/17,2017-05-13T09:00:00Z,38.3,-74.65,-0.338,A7M
5/14/17,2017-05-14T09:00:00Z,38.3,-74.65,-0.627,A7M
5/15/17,2017-05-15T09:00:00Z,38.3,-74.65,-0.493,A7M
5/16/17,2017-05-16T09:00:00Z,38.3,-74.65,-0.258,A7M
5/17/17,2017-05-17T09:00:00Z,38.3,-74.65,0.13,A7M
5/18/17,2017-05-18T09:00:00Z,38.3,-74.65,0.373,A7M
5/19/17,2017-05-19T09:00:00Z,38.3,-74.65,0.162,A7M
5/20/17,2017-05-20T09:00:00Z,38.3,-74.65,-0.032,A7M
5/21/17,2017-05-21T09:00:00Z,38.3,-74.65,-0.13,A7M
5/22/17,2017-05-22T09:00:00Z,38.3,-74.65,-0.972,A7M
5/23/17,2017-05-23T09:00:00Z,38.3,-74.65,-1.804,A7M
5/24/17,2017-05-24T09:00:00Z,38.3,-74.65,-1.084,A7M
5/25/17,2017-05-25T09:00:00Z,38.3,-74.65,-1.768,A7M
5/26/17,2017-05-26T09:00:00Z,38.3,-74.65,-1.526,A7M
5/27/17,2017-05-27T09:00:00Z,38.3,-74.65,-0.874,A7M
5/28/17,2017-05-28T09:00:00Z,38.3,-74.65,-0.907,A7M
5/29/17,2017-05-29T09:00:00Z,38.3,-74.65,-1.499,A7M
5/30/17,2017-05-30T09:00:00Z,38.3,-74.65,-0.729,A7M
5/31/17,2017-05-31T09:00:00Z,38.3,-74.65,-0.931,A7M
6/1/17,2017-06-01T09:00:00Z,38.3,-74.65,-0.86,A7M
6/2/17,2017-06-02T09:00:00Z,38.3,-74.65,-0.33,A7M
6/3/17,2017-06-03T09:00:00Z,38.3,-74.65,-0.339,A7M
6/4/17,2017-06-04T09:00:00Z,38.3,-74.65,-0.301,A7M
6/5/17,2017-06-05T09:00:00Z,38.3,-74.65,-0.475,A7M
6/6/17,2017-06-06T09:00:00Z,38.3,-74.65,-1.114,A7M
6/7/17,2017-06-07T09:00:00Z,38.3,-74.65,-2.02,A7M
6/8/17,2017-06-08T09:00:00Z,38.3,-74.65,-2.843,A7M
6/9/17,2017-06-09T09:00:00Z,38.3,-74.65,-1.382,A7M
6/10/17,2017-06-10T09:00:00Z,38.3,-74.65,-1.791,A7M
6/11/17,2017-06-11T09:00:00Z,38.3,-74.65,-2.272,A7M
6/12/17,2017-06-12T09:00:00Z,38.3,-74.65,-2.31,A7M
6/13/17,2017-06-13T09:00:00Z,38.3,-74.65,0.208,A7M
6/14/17,2017-06-14T09:00:00Z,38.3,-74.65,1.054,A7M
6/15/17,2017-06-15T09:00:00Z,38.3,-74.65,0.621,A7M
6/16/17,2017-06-16T09:00:00Z,38.3,-74.65,0.098,A7M
6/17/17,2017-06-17T09:00:00Z,38.3,-74.65,1.158,A7M
6/18/17,2017-06-18T09:00:00Z,38.3,-74.65,1.562,A7M
6/19/17,2017-06-19T09:00:00Z,38.3,-74.65,1.051,A7M
6/20/17,2017-06-20T09:00:00Z,38.3,-74.65,1.007,A7M
6/21/17,2017-06-21T09:00:00Z,38.3,-74.65,0.561,A7M
6/22/17,2017-06-22T09:00:00Z,38.3,-74.65,-0.386,A7M
6/23/17,2017-06-23T09:00:00Z,38.3,-74.65,-0.213,A7M
6/24/17,2017-06-24T09:00:00Z,38.3,-74.65,-0.889,A7M
6/25/17,2017-06-25T09:00:00Z,38.3,-74.65,-0.762,A7M
6/26/17,2017-06-26T09:00:00Z,38.3,-74.65,-0.95,A7M
6/27/17,2017-06-27T09:00:00Z,38.3,-74.65,-1.005,A7M
6/28/17,2017-06-28T09:00:00Z,38.3,-74.65,-1.113,A7M
6/29/17,2017-06-29T09:00:00Z,38.3,-74.65,-1.164,A7M
6/30/17,2017-06-30T09:00:00Z,38.3,-74.65,-1.301,A7M
7/1/17,2017-07-01T09:00:00Z,38.3,-74.65,-1.287,A7M
7/2/17,2017-07-02T09:00:00Z,38.3,-74.65,-0.5,A7M
7/3/17,2017-07-03T09:00:00Z,38.3,-74.65,0.26,A7M
7/4/17,2017-07-04T09:00:00Z,38.3,-74.65,0.441,A7M
7/5/17,2017-07-05T09:00:00Z,38.3,-74.65,0.169,A7M
7/6/17,2017-07-06T09:00:00Z,38.3,-74.65,-0.045,A7M
7/7/17,2017-07-07T09:00:00Z,38.3,-74.65,0.103,A7M
7/8/17,2017-07-08T09:00:00Z,38.3,-74.65,0.192,A7M
7/9/17,2017-07-09T09:00:00Z,38.3,-74.65,0.699,A7M
7/10/17,2017-07-10T09:00:00Z,38.3,-74.65,0.952,A7M
7/11/17,2017-07-11T09:00:00Z,38.3,-74.65,1.203,A7M
7/12/17,2017-07-12T09:00:00Z,38.3,-74.65,1.147,A7M
7/13/17,2017-07-13T09:00:00Z,38.3,-74.65,0.969,A7M
7/14/17,2017-07-14T09:00:00Z,38.3,-74.65,2.04,A7M
7/15/17,2017-07-15T09:00:00Z,38.3,-74.65,2.406,A7M
7/16/17,2017-07-16T09:00:00Z,38.3,-74.65,2.124,A7M
7/17/17,2017-07-17T09:00:00Z,38.3,-74.65,1.84,A7M
7/18/17,2017-07-18T09:00:00Z,38.3,-74.65,1.421,A7M
7/19/17,2017-07-19T09:00:00Z,38.3,-74.65,1.633,A7M
7/20/17,2017-07-20T09:00:00Z,38.3,-74.65,1.729,A7M
7/21/17,2017-07-21T09:00:00Z,38.3,-74.65,1.826,A7M
7/22/17,2017-07-22T09:00:00Z,38.3,-74.65,1.15,A7M
7/23/17,2017-07-23T09:00:00Z,38.3,-74.65,1.293,A7M
7/24/17,2017-07-24T09:00:00Z,38.3,-74.65,1.346,A7M
7/25/17,2017-07-25T09:00:00Z,38.3,-74.65,1.314,A7M
7/26/17,2017-07-26T09:00:00Z,38.3,-74.65,0.716,A7M
7/27/17,2017-07-27T09:00:00Z,38.3,-74.65,0.203,A7M
7/28/17,2017-07-28T09:00:00Z,38.3,-74.65,0.195,A7M
7/29/17,2017-07-29T09:00:00Z,38.3,-74.65,-2.07,A7M
7/30/17,2017-07-30T09:00:00Z,38.3,-74.65,-2.16,A7M
7/31/17,2017-07-31T09:00:00Z,38.3,-74.65,-2.082,A7M
8/1/17,2017-08-01T09:00:00Z,38.3,-74.65,-2.047,A7M
8/2/17,2017-08-02T09:00:00Z,38.3,-74.65,-1.97,A7M
8/3/17,2017-08-03T09:00:00Z,38.3,-74.65,-1.235,A7M
8/4/17,2017-08-04T09:00:00Z,38.3,-74.65,-1.096,A7M
8/5/17,2017-08-05T09:00:00Z,38.3,-74.65,-1.127,A7M
8/6/17,2017-08-06T09:00:00Z,38.3,-74.65,-1.132,A7M
8/7/17,2017-08-07T09:00:00Z,38.3,-74.65,-1.182,A7M
8/8/17,2017-08-08T09:00:00Z,38.3,-74.65,-1.29,A7M
8/9/17,2017-08-09T09:00:00Z,38.3,-74.65,-1.387,A7M
8/10/17,2017-08-10T09:00:00Z,38.3,-74.65,-1.348,A7M
8/11/17,2017-08-11T09:00:00Z,38.3,-74.65,-1.275,A7M
8/12/17,2017-08-12T09:00:00Z,38.3,-74.65,-0.828,A7M
8/13/17,2017-08-13T09:00:00Z,38.3,-74.65,-0.685,A7M
8/14/17,2017-08-14T09:00:00Z,38.3,-74.65,-0.366,A7M
8/15/17,2017-08-15T09:00:00Z,38.3,-74.65,0.076,A7M
8/16/17,2017-08-16T09:00:00Z,38.3,-74.65,1.252,A7M
8/17/17,2017-08-17T09:00:00Z,38.3,-74.65,1.219,A7M
8/18/17,2017-08-18T09:00:00Z,38.3,-74.65,1.351,A7M
8/19/17,2017-08-19T09:00:00Z,38.3,-74.65,1.492,A7M
8/20/17,2017-08-20T09:00:00Z,38.3,-74.65,1.277,A7M
8/21/17,2017-08-21T09:00:00Z,38.3,-74.65,1.411,A7M
8/22/17,2017-08-22T09:00:00Z,38.3,-74.65,1.249,A7M
8/23/17,2017-08-23T09:00:00Z,38.3,-74.65,1.453,A7M
8/24/17,2017-08-24T09:00:00Z,38.3,-74.65,1.409,A7M
8/25/17,2017-08-25T09:00:00Z,38.3,-74.65,1.152,A7M
8/26/17,2017-08-26T09:00:00Z,38.3,-74.65,0.939,A7M
8/27/17,2017-08-27T09:00:00Z,38.3,-74.65,0.394,A7M
8/28/17,2017-08-28T09:00:00Z,38.3,-74.65,0.673,A7M
8/29/17,2017-08-29T09:00:00Z,38.3,-74.65,0.005,A7M
8/30/17,2017-08-30T09:00:00Z,38.3,-74.65,-1.569,A7M
8/31/17,2017-08-31T09:00:00Z,38.3,-74.65,-1.725,A7M
9/1/17,2017-09-01T09:00:00Z,38.3,-74.65,-1.537,A7M
9/2/17,2017-09-02T09:00:00Z,38.3,-74.65,-1.542,A7M
9/3/17,2017-09-03T09:00:00Z,38.3,-74.65,-1.332,A7M
9/4/17,2017-09-04T09:00:00Z,38.3,-74.65,-1.156,A7M
9/5/17,2017-09-05T09:00:00Z,38.3,-74.65,-1.102,A7M
9/6/17,2017-09-06T09:00:00Z,38.3,-74.65,-1.181,A7M
9/7/17,2017-09-07T09:00:00Z,38.3,-74.65,-0.442,A7M
9/8/17,2017-09-08T09:00:00Z,38.3,-74.65,-0.875,A7M
9/9/17,2017-09-09T09:00:00Z,38.3,-74.65,-0.686,A7M
9/10/17,2017-09-10T09:00:00Z,38.3,-74.65,-0.8,A7M
9/11/17,2017-09-11T09:00:00Z,38.3,-74.65,-0.783,A7M
9/12/17,2017-09-12T09:00:00Z,38.3,-74.65,-0.767,A7M
9/13/17,2017-09-13T09:00:00Z,38.3,-74.65,-1.125,A7M
9/14/17,2017-09-14T09:00:00Z,38.3,-74.65,-0.591,A7M
9/15/17,2017-09-15T09:00:00Z,38.3,-74.65,-0.04,A7M
9/16/17,2017-09-16T09:00:00Z,38.3,-74.65,0.319,A7M
9/17/17,2017-09-17T09:00:00Z,38.3,-74.65,0.331,A7M
9/18/17,2017-09-18T09:00:00Z,38.3,-74.65,0.69,A7M
9/19/17,2017-09-19T09:00:00Z,38.3,-74.65,-0.174,A7M
9/20/17,2017-09-20T09:00:00Z,38.3,-74.65,-0.182,A7M
9/21/17,2017-09-21T09:00:00Z,38.3,-74.65,-0.257,A7M
9/22/17,2017-09-22T09:00:00Z,38.3,-74.65,-0.016,A7M
9/23/17,2017-09-23T09:00:00Z,38.3,-74.65,-0.312,A7M
9/24/17,2017-09-24T09:00:00Z,38.3,-74.65,-0.013,A7M
9/25/17,2017-09-25T09:00:00Z,38.3,-74.65,0.367,A7M
9/26/17,2017-09-26T09:00:00Z,38.3,-74.65,0.501,A7M
9/27/17,2017-09-27T09:00:00Z,38.3,-74.65,0.017,A7M
9/28/17,2017-09-28T09:00:00Z,38.3,-74.65,-0.33,A7M
9/29/17,2017-09-29T09:00:00Z,38.3,-74.65,-0.191,A7M
9/30/17,2017-09-30T09:00:00Z,38.3,-74.65,0.009,A7M
10/1/17,2017-10-01T09:00:00Z,38.3,-74.65,-0.867,A7M
10/2/17,2017-10-02T09:00:00Z,38.3,-74.65,-0.71,A7M
10/3/17,2017-10-03T09:00:00Z,38.3,-74.65,-0.281,A7M
10/4/17,2017-10-04T09:00:00Z,38.3,-74.65,-0.574,A7M
10/5/17,2017-10-05T09:00:00Z,38.3,-74.65,-0.087,A7M
10/6/17,2017-10-06T09:00:00Z,38.3,-74.65,0.109,A7M
10/7/17,2017-10-07T09:00:00Z,38.3,-74.65,0.773,A7M
10/8/17,2017-10-08T09:00:00Z,38.3,-74.65,1.635,A7M
10/9/17,2017-10-09T09:00:00Z,38.3,-74.65,1.724,A7M
10/10/17,2017-10-10T09:00:00Z,38.3,-74.65,1.831,A7M
10/11/17,2017-10-11T09:00:00Z,38.3,-74.65,2.103,A7M
10/12/17,2017-10-12T09:00:00Z,38.3,-74.65,2.248,A7M
10/13/17,2017-10-13T09:00:00Z,38.3,-74.65,1.408,A7M
10/14/17,2017-10-14T09:00:00Z,38.3,-74.65,1.328,A7M
10/15/17,2017-10-15T09:00:00Z,38.3,-74.65,1.47,A7M
10/16/17,2017-10-16T09:00:00Z,38.3,-74.65,1.696,A7M
10/17/17,2017-10-17T09:00:00Z,38.3,-74.65,0.841,A7M
10/18/17,2017-10-18T09:00:00Z,38.3,-74.65,0.887,A7M
10/19/17,2017-10-19T09:00:00Z,38.3,-74.65,1.305,A7M
10/20/17,2017-10-20T09:00:00Z,38.3,-74.65,1.438,A7M
10/21/17,2017-10-21T09:00:00Z,38.3,-74.65,1.643,A7M
10/22/17,2017-10-22T09:00:00Z,38.3,-74.65,1.079,A7M
10/23/17,2017-10-23T09:00:00Z,38.3,-74.65,0.997,A7M
10/24/17,2017-10-24T09:00:00Z,38.3,-74.65,1.915,A7M
10/25/17,2017-10-25T09:00:00Z,38.3,-74.65,1.837,A7M
10/26/17,2017-10-26T09:00:00Z,38.3,-74.65,1.69,A7M
10/27/17,2017-10-27T09:00:00Z,38.3,-74.65,1.755,A7M
10/28/17,2017-10-28T09:00:00Z,38.3,-74.65,1.932,A7M
10/29/17,2017-10-29T09:00:00Z,38.3,-74.65,1.895,A7M
10/30/17,2017-10-30T09:00:00Z,38.3,-74.65,1.899,A7M
10/31/17,2017-10-31T09:00:00Z,38.3,-74.65,2.122,A7M
11/1/17,2017-11-01T09:00:00Z,38.3,-74.65,2.456,A7M
11/2/17,2017-11-02T09:00:00Z,38.3,-74.65,2.686,A7M
11/3/17,2017-11-03T09:00:00Z,38.3,-74.65,2.731,A7M
11/4/17,2017-11-04T09:00:00Z,38.3,-74.65,2.544,A7M
11/5/17,2017-11-05T09:00:00Z,38.3,-74.65,2.655,A7M
11/6/17,2017-11-06T09:00:00Z,38.3,-74.65,2.323,A7M
11/7/17,2017-11-07T09:00:00Z,38.3,-74.65,2.165,A7M
11/8/17,2017-11-08T09:00:00Z,38.3,-74.65,1.853,A7M
11/9/17,2017-11-09T09:00:00Z,38.3,-74.65,1.472,A7M
11/10/17,2017-11-10T09:00:00Z,38.3,-74.65,1.379,A7M
11/11/17,2017-11-11T09:00:00Z,38.3,-74.65,1.517,A7M
11/12/17,2017-11-12T09:00:00Z,38.3,-74.65,1.113,A7M
11/13/17,2017-11-13T09:00:00Z,38.3,-74.65,0.758,A7M
11/14/17,2017-11-14T09:00:00Z,38.3,-74.65,0.983,A7M
11/15/17,2017-11-15T09:00:00Z,38.3,-74.65,1.404,A7M
11/16/17,2017-11-16T09:00:00Z,38.3,-74.65,1.689,A7M
11/17/17,2017-11-17T09:00:00Z,38.3,-74.65,1.711,A7M
11/18/17,2017-11-18T09:00:00Z,38.3,-74.65,1.656,A7M
11/19/17,2017-11-19T09:00:00Z,38.3,-74.65,1.553,A7M
11/20/17,2017-11-20T09:00:00Z,38.3,-74.65,1.387,A7M
11/21/17,2017-11-21T09:00:00Z,38.3,-74.65,0.712,A7M
11/22/17,2017-11-22T09:00:00Z,38.3,-74.65,0.901,A7M
11/23/17,2017-11-23T09:00:00Z,38.3,-74.65,1.3,A7M
11/24/17,2017-11-24T09:00:00Z,38.3,-74.65,1.336,A7M
4/20/23,2023-04-20T09:00:00Z,38.3,-74.65,2.797,A7M
4/21/23,2023-04-21T09:00:00Z,38.3,-74.65,3.016,A7M
4/23/23,2023-04-23T09:00:00Z,38.3,-74.65,3.226,A7M
4/24/23,2023-04-24T09:00:00Z,38.3,-74.65,3.112,A7M
4/25/23,2023-04-25T09:00:00Z,38.3,-74.65,2.632,A7M
4/26/23,2023-04-26T09:00:00Z,38.3,-74.65,2.602,A7M
4/27/23,2023-04-27T09:00:00Z,38.3,-74.65,2.32,A7M
4/28/23,2023-04-28T09:00:00Z,38.3,-74.65,1.783,A7M
4/29/23,2023-04-29T09:00:00Z,38.3,-74.65,1.352,A7M
4/30/23,2023-04-30T09:00:00Z,38.3,-74.65,1.247,A7M
5/1/23,2023-05-01T09:00:00Z,38.3,-74.65,1.434,A7M
5/2/23,2023-05-02T09:00:00Z,38.3,-74.65,1.362,A7M
5/3/23,2023-05-03T09:00:00Z,38.3,-74.65,0.782,A7M
5/4/23,2023-05-04T09:00:00Z,38.3,-74.65,0.371,A7M
5/5/23,2023-05-05T09:00:00Z,38.3,-74.65,0.762,A7M
5/6/23,2023-05-06T09:00:00Z,38.3,-74.65,1.001,A7M
5/7/23,2023-05-07T09:00:00Z,38.3,-74.65,2.025,A7M
5/8/23,2023-05-08T09:00:00Z,38.3,-74.65,1.782,A7M
5/9/23,2023-05-09T09:00:00Z,38.3,-74.65,1.582,A7M
5/10/23,2023-05-10T09:00:00Z,38.3,-74.65,1.668,A7M
5/11/23,2023-05-11T09:00:00Z,38.3,-74.65,1.737,A7M
5/12/23,2023-05-12T09:00:00Z,38.3,-74.65,1.566,A7M
5/13/23,2023-05-13T09:00:00Z,38.3,-74.65,1.798,A7M
5/14/23,2023-05-14T09:00:00Z,38.3,-74.65,2.308,A7M
5/15/23,2023-05-15T09:00:00Z,38.3,-74.65,2.28,A7M
5/16/23,2023-05-16T09:00:00Z,38.3,-74.65,1.867,A7M
5/17/23,2023-05-17T09:00:00Z,38.3,-74.65,1.576,A7M
5/18/23,2023-05-18T09:00:00Z,38.3,-74.65,1.642,A7M
5/19/23,2023-05-19T09:00:00Z,38.3,-74.65,1.338,A7M
5/20/23,2023-05-20T09:00:00Z,38.3,-74.65,1.54,A7M
5/21/23,2023-05-21T09:00:00Z,38.3,-74.65,1.629,A7M
5/22/23,2023-05-22T09:00:00Z,38.3,-74.65,1.413,A7M
5/23/23,2023-05-23T09:00:00Z,38.3,-74.65,0.748,A7M
5/24/23,2023-05-24T09:00:00Z,38.3,-74.65,0.372,A7M
5/25/23,2023-05-25T09:00:00Z,38.3,-74.65,0.256,A7M
5/26/23,2023-05-26T09:00:00Z,38.3,-74.65,0.069,A7M
5/27/23,2023-05-27T09:00:00Z,38.3,-74.65,0.069,A7M
5/28/23,2023-05-28T09:00:00Z,38.3,-74.65,-0.196,A7M
5/29/23,2023-05-29T09:00:00Z,38.3,-74.65,-1.076,A7M
5/30/23,2023-05-30T09:00:00Z,38.3,-74.65,-1.31,A7M
5/31/23,2023-05-31T09:00:00Z,38.3,-74.65,-0.588,A7M
6/1/23,2023-06-01T09:00:00Z,38.3,-74.65,-0.834,A7M
6/2/23,2023-06-02T09:00:00Z,38.3,-74.65,-1.015,A7M
6/3/23,2023-06-03T09:00:00Z,38.3,-74.65,-0.51,A7M
6/4/23,2023-06-04T09:00:00Z,38.3,-74.65,-0.704,A7M
6/5/23,2023-06-05T09:00:00Z,38.3,-74.65,-1.533,A7M
6/6/23,2023-06-06T09:00:00Z,38.3,-74.65,-1.677,A7M
6/7/23,2023-06-07T09:00:00Z,38.3,-74.65,-1.104,A7M
6/8/23,2023-06-08T09:00:00Z,38.3,-74.65,-1.294,A7M
6/9/23,2023-06-09T09:00:00Z,38.3,-74.65,-1.538,A7M
6/10/23,2023-06-10T09:00:00Z,38.3,-74.65,-2.168,A7M
6/11/23,2023-06-11T09:00:00Z,38.3,-74.65,-1.936,A7M
6/12/23,2023-06-12T09:00:00Z,38.3,-74.65,-1.149,A7M
6/13/23,2023-06-13T09:00:00Z,38.3,-74.65,-1.062,A7M
6/14/23,2023-06-14T09:00:00Z,38.3,-74.65,-0.992,A7M
6/19/23,2023-06-19T09:00:00Z,38.3,-74.65,0.208,A7M
6/20/23,2023-06-20T09:00:00Z,38.3,-74.65,0.172,A7M
6/21/23,2023-06-21T09:00:00Z,38.3,-74.65,-0.082,A7M
6/22/23,2023-06-22T09:00:00Z,38.3,-74.65,-1.476,A7M
6/23/23,2023-06-23T09:00:00Z,38.3,-74.65,-1.065,A7M
6/24/23,2023-06-24T09:00:00Z,38.3,-74.65,-1.458,A7M
6/25/23,2023-06-25T09:00:00Z,38.3,-74.65,-1.765,A7M
6/26/23,2023-06-26T09:00:00Z,38.3,-74.65,-1.472,A7M
6/27/23,2023-06-27T09:00:00Z,38.3,-74.65,-0.736,A7M
6/28/23,2023-06-28T09:00:00Z,38.3,-74.65,-0.861,A7M
6/29/23,2023-06-29T09:00:00Z,38.3,-74.65,-1.187,A7M
6/30/23,2023-06-30T09:00:00Z,38.3,-74.65,-1.233,A7M
7/1/23,2023-07-01T09:00:00Z,38.3,-74.65,-0.647,A7M
7/2/23,2023-07-02T09:00:00Z,38.3,-74.65,0.825,A7M
7/3/23,2023-07-03T09:00:00Z,38.3,-74.65,0.839,A7M
7/4/23,2023-07-04T09:00:00Z,38.3,-74.65,1.449,A7M
7/5/23,2023-07-05T09:00:00Z,38.3,-74.65,2.319,A7M
7/6/23,2023-07-06T09:00:00Z,38.3,-74.65,2.27,A7M
7/7/23,2023-07-07T09:00:00Z,38.3,-74.65,2.343,A7M
7/8/23,2023-07-08T09:00:00Z,38.3,-74.65,2.11,A7M
7/9/23,2023-07-09T09:00:00Z,38.3,-74.65,2.642,A7M
7/10/23,2023-07-10T09:00:00Z,38.3,-74.65,2.69,A7M
7/11/23,2023-07-11T09:00:00Z,38.3,-74.65,2.599,A7M
7/12/23,2023-07-12T09:00:00Z,38.3,-74.65,2.733,A7M
7/13/23,2023-07-13T09:00:00Z,38.3,-74.65,2.784,A7M
7/14/23,2023-07-14T09:00:00Z,38.3,-74.65,2.105,A7M
7/15/23,2023-07-15T09:00:00Z,38.3,-74.65,1.256,A7M
7/16/23,2023-07-16T09:00:00Z,38.3,-74.65,1.074,A7M
7/17/23,2023-07-17T09:00:00Z,38.3,-74.65,1.167,A7M
7/18/23,2023-07-18T09:00:00Z,38.3,-74.65,1.249,A7M
7/19/23,2023-07-19T09:00:00Z,38.3,-74.65,1.013,A7M
7/20/23,2023-07-20T09:00:00Z,38.3,-74.65,0.957,A7M
7/21/23,2023-07-21T09:00:00Z,38.3,-74.65,1.628,A7M
7/22/23,2023-07-22T09:00:00Z,38.3,-74.65,1.587,A7M
7/23/23,2023-07-23T09:00:00Z,38.3,-74.65,1.349,A7M
7/24/23,2023-07-24T09:00:00Z,38.3,-74.65,0.715,A7M
7/25/23,2023-07-25T09:00:00Z,38.3,-74.65,0.521,A7M
7/26/23,2023-07-26T09:00:00Z,38.3,-74.65,0.936,A7M
7/27/23,2023-07-27T09:00:00Z,38.3,-74.65,1.158,A7M
7/28/23,2023-07-28T09:00:00Z,38.3,-74.65,1.335,A7M
7/29/23,2023-07-29T09:00:00Z,38.3,-74.65,1.374,A7M
7/30/23,2023-07-30T09:00:00Z,38.3,-74.65,-0.604,A7M
7/31/23,2023-07-31T09:00:00Z,38.3,-74.65,-0.902,A7M
8/1/23,2023-08-01T09:00:00Z,38.3,-74.65,-1.273,A7M
8/2/23,2023-08-02T09:00:00Z,38.3,-74.65,-1.276,A7M
8/3/23,2023-08-03T09:00:00Z,38.3,-74.65,-1.379,A7M
8/4/23,2023-08-04T09:00:00Z,38.3,-74.65,-1.815,A7M
8/5/23,2023-08-05T09:00:00Z,38.3,-74.65,-1.262,A7M
8/6/23,2023-08-06T09:00:00Z,38.3,-74.65,-1.124,A7M
8/7/23,2023-08-07T09:00:00Z,38.3,-74.65,-1.123,A7M
8/8/23,2023-08-08T09:00:00Z,38.3,-74.65,-0.656,A7M
8/9/23,2023-08-09T09:00:00Z,38.3,-74.65,-0.9,A7M
8/10/23,2023-08-10T09:00:00Z,38.3,-74.65,-1.773,A7M
8/11/23,2023-08-11T09:00:00Z,38.3,-74.65,-1.75,A7M
8/12/23,2023-08-12T09:00:00Z,38.3,-74.65,-1.358,A7M
8/13/23,2023-08-13T09:00:00Z,38.3,-74.65,-0.916,A7M
8/14/23,2023-08-14T09:00:00Z,38.3,-74.65,-0.25,A7M
8/15/23,2023-08-15T09:00:00Z,38.3,-74.65,0.309,A7M
8/16/23,2023-08-16T09:00:00Z,38.3,-74.65,0.666,A7M
8/17/23,2023-08-17T09:00:00Z,38.3,-74.65,0.797,A7M
8/18/23,2023-08-18T09:00:00Z,38.3,-74.65,0.784,A7M
8/19/23,2023-08-19T09:00:00Z,38.3,-74.65,0.938,A7M
8/20/23,2023-08-20T09:00:00Z,38.3,-74.65,0.877,A7M
8/21/23,2023-08-21T09:00:00Z,38.3,-74.65,0.967,A7M
8/22/23,2023-08-22T09:00:00Z,38.3,-74.65,0.973,A7M
8/23/23,2023-08-23T09:00:00Z,38.3,-74.65,0.746,A7M
8/24/23,2023-08-24T09:00:00Z,38.3,-74.65,-0.081,A7M
8/25/23,2023-08-25T09:00:00Z,38.3,-74.65,-0.03,A7M
8/26/23,2023-08-26T09:00:00Z,38.3,-74.65,0.046,A7M
8/27/23,2023-08-27T09:00:00Z,38.3,-74.65,-0.05,A7M
8/28/23,2023-08-28T09:00:00Z,38.3,-74.65,0.186,A7M
8/29/23,2023-08-29T09:00:00Z,38.3,-74.65,0.458,A7M
8/30/23,2023-08-30T09:00:00Z,38.3,-74.65,0.355,A7M
8/31/23,2023-08-31T09:00:00Z,38.3,-74.65,0.059,A7M
9/1/23,2023-09-01T09:00:00Z,38.3,-74.65,-0.105,A7M
9/2/23,2023-09-02T09:00:00Z,38.3,-74.65,-0.281,A7M
9/3/23,2023-09-03T09:00:00Z,38.3,-74.65,-0.12,A7M
9/4/23,2023-09-04T09:00:00Z,38.3,-74.65,0.032,A7M
9/5/23,2023-09-05T09:00:00Z,38.3,-74.65,0.435,A7M
9/6/23,2023-09-06T09:00:00Z,38.3,-74.65,1.392,A7M
9/7/23,2023-09-07T09:00:00Z,38.3,-74.65,1.573,A7M
9/8/23,2023-09-08T09:00:00Z,38.3,-74.65,1.507,A7M
9/9/23,2023-09-09T09:00:00Z,38.3,-74.65,2.314,A7M
9/10/23,2023-09-10T09:00:00Z,38.3,-74.65,2.284,A7M
9/11/23,2023-09-11T09:00:00Z,38.3,-74.65,2.661,A7M
9/12/23,2023-09-12T09:00:00Z,38.3,-74.65,3.198,A7M
9/13/23,2023-09-13T09:00:00Z,38.3,-74.65,3.054,A7M
9/14/23,2023-09-14T09:00:00Z,38.3,-74.65,2.822,A7M
9/15/23,2023-09-15T09:00:00Z,38.3,-74.65,0.945,A7M
9/16/23,2023-09-16T09:00:00Z,38.3,-74.65,1.202,A7M
9/17/23,2023-09-17T09:00:00Z,38.3,-74.65,1.157,A7M
9/18/23,2023-09-18T09:00:00Z,38.3,-74.65,1.411,A7M
9/19/23,2023-09-19T09:00:00Z,38.3,-74.65,1.542,A7M
9/20/23,2023-09-20T09:00:00Z,38.3,-74.65,1.645,A7M
9/21/23,2023-09-21T09:00:00Z,38.3,-74.65,1.389,A7M
9/22/23,2023-09-22T09:00:00Z,38.3,-74.65,1.095,A7M
9/23/23,2023-09-23T09:00:00Z,38.3,-74.65,0.477,A7M
9/24/23,2023-09-24T09:00:00Z,38.3,-74.65,-0.388,A7M
9/25/23,2023-09-25T09:00:00Z,38.3,-74.65,-1.291,A7M
9/26/23,2023-09-26T09:00:00Z,38.3,-74.65,-1.393,A7M
9/27/23,2023-09-27T09:00:00Z,38.3,-74.65,-1.219,A7M
9/28/23,2023-09-28T09:00:00Z,38.3,-74.65,-1.073,A7M
9/29/23,2023-09-29T09:00:00Z,38.3,-74.65,-1.368,A7M
9/30/23,2023-09-30T09:00:00Z,38.3,-74.65,-1.854,A7M
10/1/23,2023-10-01T09:00:00Z,38.3,-74.65,-1.819,A7M
10/2/23,2023-10-02T09:00:00Z,38.3,-74.65,-1.568,A7M
10/3/23,2023-10-03T09:00:00Z,38.3,-74.65,-1.427,A7M
10/4/23,2023-10-04T09:00:00Z,38.3,-74.65,-0.983,A7M
10/5/23,2023-10-05T09:00:00Z,38.3,-74.65,-0.817,A7M
10/6/23,2023-10-06T09:00:00Z,38.3,-74.65,-0.713,A7M
10/7/23,2023-10-07T09:00:00Z,38.3,-74.65,-0.896,A7M
10/8/23,2023-10-08T09:00:00Z,38.3,-74.65,-0.674,A7M
10/9/23,2023-10-09T09:00:00Z,38.3,-74.65,-1.229,A7M
10/10/23,2023-10-10T09:00:00Z,38.3,-74.65,-1.403,A7M
10/11/23,2023-10-11T09:00:00Z,38.3,-74.65,-1.086,A7M
10/12/23,2023-10-12T09:00:00Z,38.3,-74.65,-0.742,A7M
10/13/23,2023-10-13T09:00:00Z,38.3,-74.65,-0.553,A7M
10/14/23,2023-10-14T09:00:00Z,38.3,-74.65,-0.679,A7M
10/15/23,2023-10-15T09:00:00Z,38.3,-74.65,-0.465,A7M
10/16/23,2023-10-16T09:00:00Z,38.3,-74.65,-0.262,A7M
10/17/23,2023-10-17T09:00:00Z,38.3,-74.65,-0.714,A7M
10/18/23,2023-10-18T09:00:00Z,38.3,-74.65,-0.909,A7M
10/19/23,2023-10-19T09:00:00Z,38.3,-74.65,-0.829,A7M
10/20/23,2023-10-20T09:00:00Z,38.3,-74.65,-0.581,A7M
10/21/23,2023-10-21T09:00:00Z,38.3,-74.65,-0.15,A7M
10/22/23,2023-10-22T09:00:00Z,38.3,-74.65,0.123,A7M
10/23/23,2023-10-23T09:00:00Z,38.3,-74.65,0.04,A7M
10/24/23,2023-10-24T09:00:00Z,38.3,-74.65,-0.05,A7M
10/25/23,2023-10-25T09:00:00Z,38.3,-74.65,0.252,A7M
10/26/23,2023-10-26T09:00:00Z,38.3,-74.65,0.728,A7M
10/27/23,2023-10-27T09:00:00Z,38.3,-74.65,0.776,A7M
10/28/23,2023-10-28T09:00:00Z,38.3,-74.65,1.142,A7M
10/29/23,2023-10-29T09:00:00Z,38.3,-74.65,1.58,A7M
10/30/23,2023-10-30T09:00:00Z,38.3,-74.65,1.866,A7M
10/31/23,2023-10-31T09:00:00Z,38.3,-74.65,2.085,A7M
11/1/23,2023-11-01T09:00:00Z,38.3,-74.65,2.405,A7M
11/2/23,2023-11-02T09:00:00Z,38.3,-74.65,0.462,A7M
11/3/23,2023-11-03T09:00:00Z,38.3,-74.65,0.465,A7M
11/4/23,2023-11-04T09:00:00Z,38.3,-74.65,0.54,A7M
11/5/23,2023-11-05T09:00:00Z,38.3,-74.65,0.905,A7M
11/6/23,2023-11-06T09:00:00Z,38.3,-74.65,1.093,A7M
11/7/23,2023-11-07T09:00:00Z,38.3,-74.65,1.333,A7M
11/8/23,2023-11-08T09:00:00Z,38.3,-74.65,1.266,A7M
11/9/23,2023-11-09T09:00:00Z,38.3,-74.65,1.318,A7M
11/10/23,2023-11-10T09:00:00Z,38.3,-74.65,1.28,A7M
11/11/23,2023-11-11T09:00:00Z,38.3,-74.65,1.539,A7M
11/12/23,2023-11-12T09:00:00Z,38.3,-74.65,1.284,A7M
11/13/23,2023-11-13T09:00:00Z,38.3,-74.65,1.193,A7M
11/14/23,2023-11-14T09:00:00Z,38.3,-74.65,1.293,A7M
11/15/23,2023-11-15T09:00:00Z,38.3,-74.65,1.307,A7M
11/16/23,2023-11-16T09:00:00Z,38.3,-74.65,1.445,A7M
11/17/23,2023-11-17T09:00:00Z,38.3,-74.65,1.338,A7M
11/18/23,2023-11-18T09:00:00Z,38.3,-74.65,1.175,A7M
11/19/23,2023-11-19T09:00:00Z,38.3,-74.65,1.514,A7M
11/20/23,2023-11-20T09:00:00Z,38.3,-74.65,1.572,A7M
11/21/23,2023-11-21T09:00:00Z,38.3,-74.65,1.877,A7M
11/22/23,2023-11-22T09:00:00Z,38.3,-74.65,0.698,A7M
11/23/23,2023-11-23T09:00:00Z,38.3,-74.65,0.873,A7M
11/24/23,2023-11-24T09:00:00Z,38.3,-74.65,1.37,A7M
11/25/23,2023-11-25T09:00:00Z,38.3,-74.65,1.439,A7M
11/26/23,2023-11-26T09:00:00Z,38.3,-74.65,1.125,A7M
11/27/23,2023-11-27T09:00:00Z,38.3,-74.65,1.125,A7M
11/28/23,2023-11-28T09:00:00Z,38.3,-74.65,0.544,A7M
11/29/23,2023-11-29T09:00:00Z,38.3,-74.65,0.515,A7M
11/30/23,2023-11-30T09:00:00Z,38.3,-74.65,0.386,A7M
12/1/23,2023-12-01T09:00:00Z,38.3,-74.65,0.455,A7M
12/2/23,2023-12-02T09:00:00Z,38.3,-74.65,0.438,A7M
12/3/23,2023-12-03T09:00:00Z,38.3,-74.65,0.521,A7M
12/5/23,2023-12-05T09:00:00Z,38.3,-74.65,0.934,A7M
12/6/23,2023-12-06T09:00:00Z,38.3,-74.65,0.535,A7M
12/7/23,2023-12-07T09:00:00Z,38.3,-74.65,0.175,A7M
12/8/23,2023-12-08T09:00:00Z,38.3,-74.65,0.227,A7M
12/9/23,2023-12-09T09:00:00Z,38.3,-74.65,0.436,A7M
12/10/23,2023-12-10T09:00:00Z,38.3,-74.65,0.667,A7M
12/11/23,2023-12-11T09:00:00Z,38.3,-74.65,0.591,A7M
12/12/23,2023-12-12T09:00:00Z,38.3,-74.65,0.025,A7M
12/13/23,2023-12-13T09:00:00Z,38.3,-74.65,0.132,A7M
12/14/23,2023-12-14T09:00:00Z,38.3,-74.65,0.723,A7M
12/15/23,2023-12-15T09:00:00Z,38.3,-74.65,0.785,A7M
12/16/23,2023-12-16T09:00:00Z,38.3,-74.65,0.653,A7M
12/17/23,2023-12-17T09:00:00Z,38.3,-74.65,0.499,A7M
12/18/23,2023-12-18T09:00:00Z,38.3,-74.65,0.268,A7M
12/19/23,2023-12-19T09:00:00Z,38.3,-74.65,0.421,A7M
12/20/23,2023-12-20T09:00:00Z,38.3,-74.65,0.352,A7M
12/21/23,2023-12-21T09:00:00Z,38.3,-74.65,0.242,A7M
12/22/23,2023-12-22T09:00:00Z,38.3,-74.65,0.371,A7M
12/23/23,2023-12-23T09:00:00Z,38.3,-74.65,0.444,A7M
12/24/23,2023-12-24T09:00:00Z,38.3,-74.65,0.701,A7M
12/25/23,2023-12-25T09:00:00Z,38.3,-74.65,0.846,A7M
12/26/23,2023-12-26T09:00:00Z,38.3,-74.65,1.049,A7M
12/27/23,2023-12-27T09:00:00Z,38.3,-74.65,1.502,A7M
12/28/23,2023-12-28T09:00:00Z,38.3,-74.65,1.435,A7M
12/29/23,2023-12-29T09:00:00Z,38.3,-74.65,1.436,A7M
12/30/23,2023-12-30T09:00:00Z,38.3,-74.65,1.191,A7M
12/31/23,2023-12-31T09:00:00Z,38.3,-74.65,1.157,A7M
1/1/24,2024-01-01T09:00:00Z,38.3,-74.65,0.922,A7M
1/2/24,2024-01-02T09:00:00Z,38.3,-74.65,1.058,A7M
1/3/24,2024-01-03T09:00:00Z,38.3,-74.65,1.034,A7M
1/4/24,2024-01-04T09:00:00Z,38.3,-74.65,1.184,A7M
1/5/24,2024-01-05T09:00:00Z,38.3,-74.65,1.301,A7M
1/6/24,2024-01-06T09:00:00Z,38.3,-74.65,1.155,A7M
1/7/24,2024-01-07T09:00:00Z,38.3,-74.65,0.992,A7M
1/8/24,2024-01-08T09:00:00Z,38.3,-74.65,0.942,A7M
1/9/24,2024-01-09T09:00:00Z,38.3,-74.65,0.031,A7M
1/10/24,2024-01-10T09:00:00Z,38.3,-74.65,0.648,A7M
1/11/24,2024-01-11T09:00:00Z,38.3,-74.65,0.785,A7M
1/12/24,2024-01-12T09:00:00Z,38.3,-74.65,0.941,A7M
1/13/24,2024-01-13T09:00:00Z,38.3,-74.65,0.909,A7M
1/14/24,2024-01-14T09:00:00Z,38.3,-74.65,0.872,A7M
1/15/24,2024-01-15T09:00:00Z,38.3,-74.65,1.092,A7M
1/16/24,2024-01-16T09:00:00Z,38.3,-74.65,0.152,A7M
1/17/24,2024-01-17T09:00:00Z,38.3,-74.65,0.395,A7M
1/18/24,2024-01-18T09:00:00Z,38.3,-74.65,0.514,A7M
1/19/24,2024-01-19T09:00:00Z,38.3,-74.65,0.771,A7M
1/20/24,2024-01-20T09:00:00Z,38.3,-74.65,-0.109,A7M
1/21/24,2024-01-21T09:00:00Z,38.3,-74.65,-0.003,A7M
1/22/24,2024-01-22T09:00:00Z,38.3,-74.65,-0.033,A7M
1/23/24,2024-01-23T09:00:00Z,38.3,-74.65,-0.015,A7M
1/24/24,2024-01-24T09:00:00Z,38.3,-74.65,0.022,A7M
1/25/24,2024-01-25T09:00:00Z,38.3,-74.65,0.191,A7M
1/26/24,2024-01-26T09:00:00Z,38.3,-74.65,-0.261,A7M
1/27/24,2024-01-27T09:00:00Z,38.3,-74.65,0.108,A7M
1/28/24,2024-01-28T09:00:00Z,38.3,-74.65,0.662,A7M
1/29/24,2024-01-29T09:00:00Z,38.3,-74.65,0.541,A7M
1/30/24,2024-01-30T09:00:00Z,38.3,-74.65,0.355,A7M
1/31/24,2024-01-31T09:00:00Z,38.3,-74.65,0.385,A7M
2/1/24,2024-02-01T09:00:00Z,38.3,-74.65,0.314,A7M
2/2/24,2024-02-02T09:00:00Z,38.3,-74.65,0.156,A7M
2/3/24,2024-02-03T09:00:00Z,38.3,-74.65,0.028,A7M
2/4/24,2024-02-04T09:00:00Z,38.3,-74.65,0.14,A7M
2/5/24,2024-02-05T09:00:00Z,38.3,-74.65,0.415,A7M
2/6/24,2024-02-06T09:00:00Z,38.3,-74.65,0.59,A7M
2/7/24,2024-02-07T09:00:00Z,38.3,-74.65,0.534,A7M
2/8/24,2024-02-08T09:00:00Z,38.3,-74.65,0.574,A7M
2/9/24,2024-02-09T09:00:00Z,38.3,-74.65,0.573,A7M
2/10/24,2024-02-10T09:00:00Z,38.3,-74.65,0.646,A7M
2/11/24,2024-02-11T09:00:00Z,38.3,-74.65,1.054,A7M
2/12/24,2024-02-12T09:00:00Z,38.3,-74.65,1.393,A7M
2/13/24,2024-02-13T09:00:00Z,38.3,-74.65,1.274,A7M
2/14/24,2024-02-14T09:00:00Z,38.3,-74.65,1.252,A7M
2/15/24,2024-02-15T09:00:00Z,38.3,-74.65,1.271,A7M
2/16/24,2024-02-16T09:00:00Z,38.3,-74.65,1,A7M
2/17/24,2024-02-17T09:00:00Z,38.3,-74.65,1.017,A7M
2/18/24,2024-02-18T09:00:00Z,38.3,-74.65,1.08,A7M
2/19/24,2024-02-19T09:00:00Z,38.3,-74.65,0.6,A7M
2/20/24,2024-02-20T09:00:00Z,38.3,-74.65,0.48,A7M
2/21/24,2024-02-21T09:00:00Z,38.3,-74.65,0.38,A7M
2/22/24,2024-02-22T09:00:00Z,38.3,-74.65,0.279,A7M
2/23/24,2024-02-23T09:00:00Z,38.3,-74.65,0.394,A7M
2/24/24,2024-02-24T09:00:00Z,38.3,-74.65,0.556,A7M
2/25/24,2024-02-25T09:00:00Z,38.3,-74.65,0.529,A7M
2/26/24,2024-02-26T09:00:00Z,38.3,-74.65,0.554,A7M
2/27/24,2024-02-27T09:00:00Z,38.3,-74.65,0.839,A7M
2/28/24,2024-02-28T09:00:00Z,38.3,-74.65,1.095,A7M
2/29/24,2024-02-29T09:00:00Z,38.3,-74.65,1.676,A7M
3/1/24,2024-03-01T09:00:00Z,38.3,-74.65,1.788,A7M
3/2/24,2024-03-02T09:00:00Z,38.3,-74.65,1.763,A7M
3/3/24,2024-03-03T09:00:00Z,38.3,-74.65,1.674,A7M
3/4/24,2024-03-04T09:00:00Z,38.3,-74.65,2.021,A7M
3/5/24,2024-03-05T09:00:00Z,38.3,-74.65,2.109,A7M
3/6/24,2024-03-06T09:00:00Z,38.3,-74.65,1.954,A7M
3/7/24,2024-03-07T09:00:00Z,38.3,-74.65,1.319,A7M
3/8/24,2024-03-08T09:00:00Z,38.3,-74.65,1.14,A7M
3/9/24,2024-03-09T09:00:00Z,38.3,-74.65,1.303,A7M
3/10/24,2024-03-10T09:00:00Z,38.3,-74.65,1.556,A7M
3/11/24,2024-03-11T09:00:00Z,38.3,-74.65,1.669,A7M
3/12/24,2024-03-12T09:00:00Z,38.3,-74.65,1.588,A7M
3/13/24,2024-03-13T09:00:00Z,38.3,-74.65,1.793,A7M
3/14/24,2024-03-14T09:00:00Z,38.3,-74.65,1.899,A7M
3/15/24,2024-03-15T09:00:00Z,38.3,-74.65,2.296,A7M
3/16/24,2024-03-16T09:00:00Z,38.3,-74.65,2.75,A7M
3/17/24,2024-03-17T09:00:00Z,38.3,-74.65,2.683,A7M
3/18/24,2024-03-18T09:00:00Z,38.3,-74.65,2.33,A7M
3/19/24,2024-03-19T09:00:00Z,38.3,-74.65,1.858,A7M
3/20/24,2024-03-20T09:00:00Z,38.3,-74.65,1.872,A7M
3/21/24,2024-03-21T09:00:00Z,38.3,-74.65,1.631,A7M
3/22/24,2024-03-22T09:00:00Z,38.3,-74.65,1.354,A7M
3/23/24,2024-03-23T09:00:00Z,38.3,-74.65,1.163,A7M
3/24/24,2024-03-24T09:00:00Z,38.3,-74.65,1.677,A7M
3/25/24,2024-03-25T09:00:00Z,38.3,-74.65,1.667,A7M
3/26/24,2024-03-26T09:00:00Z,38.3,-74.65,1.784,A7M
3/27/24,2024-03-27T09:00:00Z,38.3,-74.65,1.723,A7M
3/28/24,2024-03-28T09:00:00Z,38.3,-74.65,1.26,A7M
3/29/24,2024-03-29T09:00:00Z,38.3,-74.65,1.341,A7M
3/30/24,2024-03-30T09:00:00Z,38.3,-74.65,1.393,A7M
3/31/24,2024-03-31T09:00:00Z,38.3,-74.65,1.461,A7M
4/1/24,2024-04-01T09:00:00Z,38.3,-74.65,1.412,A7M
4/2/24,2024-04-02T09:00:00Z,38.3,-74.65,1.106,A7M
4/3/24,2024-04-03T09:00:00Z,38.3,-74.65,0.985,A7M
4/4/24,2024-04-04T09:00:00Z,38.3,-74.65,0.748,A7M
4/5/24,2024-04-05T09:00:00Z,38.3,-74.65,0.324,A7M
4/6/24,2024-04-06T09:00:00Z,38.3,-74.65,0.081,A7M
4/7/24,2024-04-07T09:00:00Z,38.3,-74.65,0.129,A7M
4/8/24,2024-04-08T09:00:00Z,38.3,-74.65,0.174,A7M
4/9/24,2024-04-09T09:00:00Z,38.3,-74.65,-0.065,A7M
4/10/24,2024-04-10T09:00:00Z,38.3,-74.65,0.092,A7M
4/11/24,2024-04-11T09:00:00Z,38.3,-74.65,0.982,A7M
4/12/24,2024-04-12T09:00:00Z,38.3,-74.65,0.965,A7M
4/13/24,2024-04-13T09:00:00Z,38.3,-74.65,0.994,A7M
4/14/24,2024-04-14T09:00:00Z,38.3,-74.65,1,A7M
4/15/24,2024-04-15T09:00:00Z,38.3,-74.65,1.866,A7M
4/16/24,2024-04-16T09:00:00Z,38.3,-74.65,1.777,A7M
4/17/24,2024-04-17T09:00:00Z,38.3,-74.65,1.792,A7M